FID IID PAT MAT SEX PHENOTYPE rs4988235_G
1 Loschbour.AG 0 0 1 2 2
2 Kou01.SG 0 0 0 2 2
3 Kou03.SG 0 0 2 2 2
4 Log02.SG 0 0 2 2 2
5 Log04.SG 0 0 2 2 2
6 Mik15.SG 0 0 2 2 2
7 Pta08.SG 0 0 0 2 0
8 cay004.SG 0 0 2 2 NA
9 cay008.SG 0 0 2 2 NA
10 cay011.SG 0 0 1 2 NA
11 cay012.SG 0 0 1 2 NA
12 cay013.SG 0 0 2 2 2
13 cay014.SG 0 0 2 2 NA
14 cay015.SG 0 0 2 2 NA
15 cay016.SG 0 0 2 2 NA
16 cay1820.SG 0 0 2 2 NA
17 cay022.SG 0 0 2 2 NA
18 cay027.SG 0 0 2 2 NA
19 cay033.SG 0 0 0 2 NA
20 AV1.AG 0 0 2 2 2
21 AV2.AG 0 0 2 2 2
22 CL102.AG 0 0 2 2 NA
23 CL110.AG 0 0 1 2 NA
24 CL121.AG 0 0 1 2 0
25 CL145.AG 0 0 1 2 0
26 CL146.AG 0 0 1 2 2
27 CL151.AG 0 0 2 2 0
28 CL23.AG 0 0 1 2 2
29 CL25.AG 0 0 2 2 2
30 CL30.AG 0 0 1 2 2
31 CL31.AG 0 0 1 2 2
32 CL36.AG 0 0 2 2 2
33 CL38.AG 0 0 1 2 2
34 CL47.AG 0 0 2 2 2
35 CL49.AG 0 0 1 2 NA
36 CL53.AG 0 0 1 2 2
37 CL57.AG 0 0 1 2 2
38 CL63.AG 0 0 1 2 0
39 CL83.AG 0 0 2 2 2
40 CL84.AG 0 0 1 2 0
41 CL87.AG 0 0 2 2 2
42 CL92.AG 0 0 1 2 2
43 CL93.AG 0 0 1 2 0
44 CL94.AG 0 0 1 2 2
45 CL97.AG 0 0 1 2 NA
46 SZ12.AG 0 0 1 2 0
47 SZ13.AG 0 0 1 2 0
48 SZ14.AG 0 0 1 2 0
49 SZ16.AG 0 0 1 2 2
50 SZ18.AG 0 0 1 2 0
51 SZ19.AG 0 0 2 2 2
52 SZ20.AG 0 0 1 2 NA
53 SZ22.AG 0 0 1 2 2
54 SZ23.AG 0 0 1 2 2
55 SZ24.AG 0 0 1 2 0
56 SZ25.AG 0 0 2 2 2
57 SZ27.AG 0 0 1 2 2
58 SZ28.AG 0 0 2 2 2
59 SZ30.AG 0 0 2 2 0
60 SZ31.AG 0 0 2 2 NA
61 SZ32.AG 0 0 2 2 2
62 SZ35.AG 0 0 2 2 NA
63 SZ37.AG 0 0 1 2 2
64 SZ38.AG 0 0 2 2 0
65 SZ40.AG 0 0 2 2 2
66 SZ41.AG 0 0 2 2 2
67 SZ42.AG 0 0 1 2 2
68 SZ6.AG 0 0 1 2 NA
69 SZ7.AG 0 0 1 2 0
70 SZ8.AG 0 0 2 2 NA
71 SZ9.AG 0 0 2 2 2
72 SZ11.SG 0 0 1 2 0
73 SZ15.SG 0 0 1 2 0
74 SZ1.SG 0 0 1 2 2
75 SZ2.SG 0 0 1 2 0
76 SZ36.SG 0 0 1 2 2
77 SZ3.SG 0 0 1 2 2
78 SZ43.SG 0 0 1 2 2
79 SZ45.SG 0 0 1 2 2
80 SZ4.SG 0 0 1 2 0
81 JK2134.AG 0 0 1 2 NA
82 JK2888.AG 0 0 1 2 NA
83 JK2911.AG 0 0 1 2 2
84 I1902.AG 0 0 1 2 NA
85 I0577.AG 0 0 1 2 2
86 I1454.AG 0 0 2 2 NA
87 I1594.AG 0 0 1 2 NA
88 I1717.AG 0 0 2 2 2
89 I1752.AG 0 0 1 2 2
90 I1753.AG 0 0 1 2 2
91 I1754.AG 0 0 1 2 2
92 I1763.AG 0 0 1 2 2
93 I1767.AG 0 0 1 2 2
94 I1770.AG 0 0 2 2 2
95 I1774.AG 0 0 1 2 NA
96 I1775.AG 0 0 1 2 NA
97 I1784.AG 0 0 1 2 2
98 Ukraine_HG1.AG 0 0 1 2 2
99 I1821.AG 0 0 1 2 2
100 I1828.AG 0 0 2 2 NA
101 I1829.AG 0 0 2 2 NA
102 I1836.AG 0 0 1 2 2
103 I1838.AG 0 0 2 2 2
104 I1840.AG 0 0 1 2 2
105 I1843.AG 0 0 2 2 2
106 I1851.AG 0 0 1 2 2
107 I1852.AG 0 0 2 2 2
108 I1853.AG 0 0 1 2 NA
109 I1856.AG 0 0 1 2 2
110 I1863.AG 0 0 1 2 NA
111 I1864.AG 0 0 1 2 2
112 I1867.AG 0 0 2 2 NA
113 I1887.AG 0 0 1 2 NA
114 I1889.AG 0 0 1 2 2
115 I1890.AG 0 0 1 2 NA
116 I1891.AG 0 0 2 2 2
117 I1892.AG 0 0 1 2 2
118 I1894.AG 0 0 2 2 NA
119 I1896.AG 0 0 1 2 NA
120 I1899.AG 0 0 1 2 2
121 I1900.AG 0 0 1 2 NA
122 I1901.AG 0 0 1 2 NA
123 I1903.AG 0 0 1 2 2
124 I1906.AG 0 0 1 2 NA
125 I1908.AG 0 0 2 2 2
126 I1909.AG 0 0 2 2 2
127 I1929.AG 0 0 2 2 NA
128 I1934.AG 0 0 1 2 NA
129 I1955.AG 0 0 2 2 2
130 I1958.AG 0 0 2 2 NA
131 I1959.AG 0 0 1 2 2
132 I1960.AG 0 0 2 2 2
133 I1965.AG 0 0 1 2 2
134 I1972.AG 0 0 2 2 2
135 I1975.AG 0 0 1 2 NA
136 I0166.AG 0 0 2 2 NA
137 I2014.AG 0 0 1 2 NA
138 I2020.AG 0 0 1 2 2
139 I2022.AG 0 0 2 2 NA
140 I2177.AG 0 0 1 2 NA
141 I2403.AG 0 0 1 2 NA
142 I2417.AG 0 0 1 2 2
143 I2428.AG 0 0 1 2 NA
144 I2458.AG 0 0 2 2 2
145 I2461.AG 0 0 2 2 2
146 I2462.AG 0 0 2 2 2
147 I2464.AG 0 0 1 2 NA
148 I2477.AG 0 0 2 2 2
149 I2509.AG 0 0 2 2 2
150 I2510.AG 0 0 1 2 2
151 I2513.AG 0 0 2 2 2
152 I2514.AG 0 0 1 2 2
153 I2519.AG 0 0 2 2 2
154 I2520.AG 0 0 1 2 2
155 I2525.AG 0 0 1 2 2
156 I2530.AG 0 0 2 2 2
157 I2532.AG 0 0 1 2 2
158 I2533.AG 0 0 2 2 2
159 I2534.AG 0 0 2 2 NA
160 I2557.AG 0 0 2 2 NA
161 I2558.AG 0 0 1 2 2
162 I2560.AG 0 0 2 2 2
163 I2563.AG 0 0 2 2 NA
164 I2566.AG 0 0 1 2 2
165 I2567.AG 0 0 1 2 2
166 I2568.AG 0 0 1 2 2
167 I2573.AG 0 0 2 2 NA
168 I2596.AG 0 0 1 2 2
169 I2600.AG 0 0 2 2 2
170 I2601.AG 0 0 2 2 0
171 I2602.AG 0 0 1 2 2
172 I2605.AG 0 0 2 2 2
173 I2609.AG 0 0 2 2 NA
174 I2610.AG 0 0 2 2 NA
175 I2612.AG 0 0 2 2 NA
176 I2618.AG 0 0 1 2 2
177 I2630.AG 0 0 1 2 2
178 I2631.AG 0 0 1 2 2
179 I2633.AG 0 0 2 2 2
180 I2635.AG 0 0 1 2 2
181 I2637.AG 0 0 1 2 2
182 I2639.AG 0 0 2 2 2
183 I2650.AG 0 0 1 2 2
184 I2651.AG 0 0 2 2 2
185 I2653.AG 0 0 1 2 2
186 I2654.AG 0 0 2 2 2
187 I2655.AG 0 0 1 2 2
188 I2659.AG 0 0 2 2 2
189 I2660.AG 0 0 1 2 2
190 I2691.AG 0 0 1 2 2
191 I2692.AG 0 0 2 2 0
192 I2693.AG 0 0 1 2 2
193 I2694.AG 0 0 2 2 2
194 I2695.AG 0 0 1 2 2
195 I2696.AG 0 0 2 2 0
196 I2704.AG 0 0 2 2 2
197 I2705.AG 0 0 2 2 2
198 I2706.AG 0 0 1 2 2
199 I2708.AG 0 0 2 2 NA
200 I2709.AG 0 0 2 2 NA
201 I2710.AG 0 0 1 2 2
202 I2711.AG 0 0 2 2 2
203 I2712.AG 0 0 1 2 NA
204 I2713.AG 0 0 1 2 NA
205 I2741.AG 0 0 1 2 2
206 I2743.AG 0 0 1 2 2
207 I2744.AG 0 0 1 2 NA
208 I2745.AG 0 0 2 2 NA
209 I2746.AG 0 0 1 2 NA
210 I2752.AG 0 0 1 2 2
211 I2753.AG 0 0 1 2 2
212 I2754.AG 0 0 1 2 NA
213 I2755.AG 0 0 1 2 NA
214 I2761.AG 0 0 1 2 2
215 I2762.AG 0 0 1 2 2
216 I2763.AG 0 0 2 2 NA
217 I2783.AG 0 0 1 2 2
218 I2785.AG 0 0 2 2 2
219 I2787.AG 0 0 1 2 NA
220 I2788.AG 0 0 1 2 2
221 I2789.AG 0 0 1 2 2
222 I2799.AG 0 0 1 2 0
223 I2809.AG 0 0 1 2 NA
224 I2859.AG 0 0 1 2 2
225 I2860.AG 0 0 1 2 2
226 I2861.AG 0 0 2 2 0
227 I2923.AG 0 0 1 2 2
228 I2924.AG 0 0 2 2 2
229 I2925.AG 0 0 2 2 2
230 I2932.AG 0 0 1 2 2
231 I2933.AG 0 0 1 2 2
232 I2934.AG 0 0 2 2 2
233 I2935.AG 0 0 1 2 2
234 I2954.AG 0 0 0 2 NA
235 I2959.AG 0 0 1 2 2
236 I2977.AG 0 0 1 2 2
237 I2978.AG 0 0 1 2 2
238 I2979.AG 0 0 1 2 2
239 I2980.AG 0 0 2 2 2
240 I2981.AG 0 0 2 2 2
241 I2982.AG 0 0 1 2 2
242 I2983.AG 0 0 2 2 2
243 VK202.AG 0 0 1 2 2
244 I2988.AG 0 0 2 2 2
245 I3005.AG 0 0 2 2 2
246 I3011.AG 0 0 1 2 NA
247 I3014.AG 0 0 2 2 NA
248 I3019.AG 0 0 1 2 NA
249 I3025.AG 0 0 2 2 NA
250 I3033.AG 0 0 2 2 NA
251 I3035.AG 0 0 1 2 NA
252 I3037.AG 0 0 2 2 0
253 I3039.AG 0 0 1 2 NA
254 I3040.AG 0 0 1 2 2
255 I3041.AG 0 0 1 2 2
256 I3044.AG 0 0 1 2 0
257 I3045.AG 0 0 1 2 NA
258 I3056.AG 0 0 2 2 2
259 I3065.AG 0 0 2 2 NA
260 I3068.AG 0 0 1 2 2
261 I3083.AG 0 0 1 2 NA
262 I3085.AG 0 0 2 2 2
263 I3130.AG 0 0 2 2 2
264 I3132.AG 0 0 1 2 2
265 I3133.AG 0 0 1 2 2
266 I3134.AG 0 0 1 2 2
267 I3135.AG 0 0 1 2 2
268 I3136.AG 0 0 2 2 2
269 I3139.AG 0 0 2 2 2
270 I3139_alt.AG 0 0 2 2 2
271 I3255.AG 0 0 2 2 2
272 I3256.AG 0 0 1 2 2
273 I3269.AG 0 0 1 2 2
274 I3270.AG 0 0 2 2 2
275 I3271.AG 0 0 2 2 NA
276 I3272.AG 0 0 1 2 NA
277 I3273.AG 0 0 2 2 NA
278 I3277.AG 0 0 2 2 NA
279 I3303.AG 0 0 1 2 NA
280 I3308.AG 0 0 2 2 NA
281 I3309.AG 0 0 1 2 NA
282 I3311.AG 0 0 1 2 2
283 I3313.AG 0 0 2 2 2
284 I3322.AG 0 0 2 2 2
285 I3324.AG 0 0 1 2 2
286 I3342.AG 0 0 1 2 2
287 I3343.AG 0 0 2 2 2
288 I3344.AG 0 0 2 2 NA
289 I3345.AG 0 0 1 2 2
290 I3346.AG 0 0 1 2 NA
291 I3348.AG 0 0 2 2 2
292 I3349.AG 0 0 2 2 NA
293 I3350.AG 0 0 1 2 2
294 I3351.AG 0 0 1 2 NA
295 I3352.AG 0 0 1 2 2
296 I3354.AG 0 0 2 2 NA
297 I3355.AG 0 0 1 2 2
298 I3356.AG 0 0 1 2 2
299 I3358.AG 0 0 2 2 NA
300 I3389.AG 0 0 1 2 0
301 I3390.AG 0 0 2 2 2
302 I3391.AG 0 0 1 2 2
303 I3392.AG 0 0 1 2 2
304 I3393.AG 0 0 1 2 2
305 I3394.AG 0 0 1 2 2
306 I3395.AG 0 0 2 2 2
307 I3396.AG 0 0 1 2 2
308 I3401.AG 0 0 1 2 NA
309 I3402.AG 0 0 1 2 NA
310 I3403.AG 0 0 1 2 2
311 I3404.AG 0 0 1 2 2
312 I3405.AG 0 0 2 2 NA
313 I3406.AG 0 0 1 2 0
314 I3407.AG 0 0 1 2 NA
315 RISE492.AG 0 0 1 2 2
316 I3425.AG 0 0 1 2 2
317 RISE662.AG 0 0 1 2 2
318 I3432.AG 0 0 2 2 2
319 I3433.AG 0 0 2 2 2
320 I3447.AG 0 0 2 2 2
321 I3451.AG 0 0 2 2 2
322 I3485.AG 0 0 2 2 NA
323 I3486.AG 0 0 1 2 NA
324 I3487.AG 0 0 1 2 NA
325 I3488.AG 0 0 1 2 NA
326 I3490.AG 0 0 2 2 NA
327 I3491.AG 0 0 2 2 NA
328 I3493.AG 0 0 2 2 2
329 I3494.AG 0 0 1 2 0
330 I3496.AG 0 0 0 2 NA
331 I3498.AG 0 0 1 2 NA
332 I3499.AG 0 0 1 2 2
333 I3510.AG 0 0 1 2 NA
334 I3511.AG 0 0 1 2 NA
335 I3525.AG 0 0 1 2 NA
336 I3528.AG 0 0 1 2 NA
337 I3529.AG 0 0 2 2 2
338 I1884.AG 0 0 2 2 NA
339 I2381.AG 0 0 2 2 NA
340 I3562.AG 0 0 2 2 NA
341 I3563.AG 0 0 2 2 NA
342 I3564.AG 0 0 2 2 2
343 I3565.AG 0 0 2 2 2
344 I3566.AG 0 0 1 2 0
345 I3567.AG 0 0 1 2 0
346 I3568.AG 0 0 1 2 2
347 I3574.AG 0 0 2 2 NA
348 I3575.AG 0 0 1 2 2
349 I3576.AG 0 0 1 2 2
350 I3577.AG 0 0 2 2 NA
351 I3578.AG 0 0 2 2 NA
352 I3579.AG 0 0 1 2 NA
353 I3581.AG 0 0 2 2 2
354 I3582.AG 0 0 1 2 NA
355 I3583.AG 0 0 1 2 2
356 I3585.AG 0 0 1 2 2
357 I3587.AG 0 0 0 2 NA
358 I3588.AG 0 0 1 2 NA
359 I3589.AG 0 0 1 2 2
360 I3590.AG 0 0 2 2 2
361 I3592.AG 0 0 0 2 NA
362 I3594.AG 0 0 2 2 2
363 I3597.AG 0 0 1 2 NA
364 I3600.AG 0 0 2 2 NA
365 I3601.AG 0 0 2 2 2
366 I3604.AG 0 0 1 2 NA
367 I3607.AG 0 0 1 2 NA
368 I3611.AG 0 0 2 2 2
369 I3612.AG 0 0 1 2 2
370 I3642.AG 0 0 1 2 NA
371 I3682.AG 0 0 1 2 NA
372 I3685.AG 0 0 1 2 NA
373 I3686.AG 0 0 1 2 NA
374 I3690.AG 0 0 1 2 NA
375 I3691.AG 0 0 1 2 2
376 I3712.AG 0 0 1 2 NA
377 I3713.AG 0 0 1 2 NA
378 I3714.AG 0 0 1 2 NA
379 I3715.AG 0 0 1 2 2
380 I3717.AG 0 0 1 2 NA
381 I3741.AG 0 0 2 2 2
382 I3743.AG 0 0 1 2 2
383 I3753.AG 0 0 1 2 2
384 I3756.AG 0 0 1 2 2
385 I3759.AG 0 0 1 2 2
386 I3763.AG 0 0 1 2 2
387 I3767.AG 0 0 1 2 2
388 I3769.AG 0 0 2 2 2
389 I3770.AG 0 0 1 2 2
390 I3772.AG 0 0 2 2 2
391 I3775.AG 0 0 1 2 NA
392 I3776.AG 0 0 2 2 NA
393 I3777.AG 0 0 2 2 NA
394 I3778.AG 0 0 1 2 NA
395 I3787.AG 0 0 1 2 NA
396 I3788.AG 0 0 1 2 2
397 I3808.AG 0 0 2 2 2
398 I3810.AG 0 0 2 2 NA
399 I3860.AG 0 0 1 2 2
400 I3861.AG 0 0 2 2 2
401 I3864.AG 0 0 2 2 2
402 I3866.AG 0 0 1 2 NA
403 I3874.AG 0 0 2 2 2
404 I3875.AG 0 0 1 2 2
405 I3876.AG 0 0 1 2 2
406 I3879.AG 0 0 1 2 2
407 I3929.AG 0 0 1 2 2
408 I3931.AG 0 0 1 2 2
409 I3938.AG 0 0 1 2 NA
410 I3944.AG 0 0 1 2 NA
411 I3945.AG 0 0 2 2 NA
412 I3947.AG 0 0 1 2 2
413 I3948.AG 0 0 1 2 2
414 I3949.AG 0 0 1 2 2
415 I3950.AG 0 0 1 2 2
416 I3951.AG 0 0 2 2 2
417 I3954.AG 0 0 2 2 2
418 I3965.AG 0 0 1 2 2
419 I3966.AG 0 0 1 2 2
420 I3976.AG 0 0 1 2 NA
421 I3977.AG 0 0 1 2 2
422 I3980.AG 0 0 2 2 NA
423 I4000.AG 0 0 1 2 NA
424 I4004.AG 0 0 1 2 2
425 I4054.AG 0 0 1 2 NA
426 I4068.AG 0 0 1 2 NA
427 I4069.AG 0 0 1 2 2
428 I4070.AG 0 0 1 2 2
429 I4071.AG 0 0 2 2 2
430 I4073.AG 0 0 1 2 2
431 I4075.AG 0 0 2 2 2
432 I4076.AG 0 0 2 2 NA
433 I4085.AG 0 0 1 2 2
434 I4086.AG 0 0 2 2 2
435 I4087.AG 0 0 1 2 2
436 I4088.AG 0 0 2 2 2
437 I4089.AG 0 0 1 2 2
438 I4109.AG 0 0 2 2 2
439 I4110.AG 0 0 2 2 2
440 I4111.AG 0 0 2 2 2
441 I4114.AG 0 0 1 2 2
442 I4153.AG 0 0 1 2 2
443 I4156.AG 0 0 1 2 NA
444 I4159.AG 0 0 1 2 NA
445 I4161.AG 0 0 2 2 2
446 I4167.AG 0 0 1 2 NA
447 I4168.AG 0 0 2 2 NA
448 I4175.AG 0 0 2 2 NA
449 I4178.AG 0 0 1 2 2
450 I4181.AG 0 0 2 2 NA
451 I4183.AG 0 0 1 2 NA
452 I4184.AG 0 0 2 2 2
453 I4185.AG 0 0 1 2 NA
454 I4186.AG 0 0 2 2 NA
455 I4187_alt.AG 0 0 1 2 NA
456 I4189.AG 0 0 2 2 2
457 I4196.AG 0 0 2 2 2
458 I4199.AG 0 0 2 2 2
459 I4247.AG 0 0 2 2 2
460 I4251.AG 0 0 1 2 NA
461 I4252.AG 0 0 1 2 2
462 I4253.AG 0 0 1 2 NA
463 I4255.AG 0 0 1 2 2
464 I4257.AG 0 0 2 2 2
465 I4258.AG 0 0 2 2 2
466 I4259.AG 0 0 2 2 2
467 I4262.AG 0 0 1 2 2
468 I4263.AG 0 0 1 2 0
469 I4264.AG 0 0 2 2 2
470 I4265.AG 0 0 1 2 2
471 I4267.AG 0 0 1 2 2
472 I4285.AG 0 0 1 2 2
473 I4286.AG 0 0 2 2 2
474 I4288.AG 0 0 2 2 2
475 I4289.AG 0 0 2 2 2
476 I4295.AG 0 0 1 2 2
477 I4303.AG 0 0 1 2 2
478 I4312.AG 0 0 2 2 2
479 I4313.AG 0 0 2 2 2
480 I4314.AG 0 0 2 2 NA
481 I4315.AG 0 0 1 2 2
482 I4319.AG 0 0 1 2 NA
483 I4321.AG 0 0 2 2 2
484 I4322.AG 0 0 1 2 NA
485 I4323.AG 0 0 2 2 2
486 I4331.AG 0 0 1 2 2
487 I4332.AG 0 0 2 2 2
488 I4338.AG 0 0 2 2 2
489 I4098.AG 0 0 2 2 2
490 I4340.AG 0 0 2 2 2
491 I4341.AG 0 0 2 2 2
492 I4351.AG 0 0 2 2 2
493 I4353.AG 0 0 1 2 2
494 I4354.AG 0 0 1 2 2
495 I4356.AG 0 0 1 2 2
496 I4419.AG 0 0 1 2 2
497 I4424.AG 0 0 1 2 2
498 I4425.AG 0 0 2 2 2
499 I4432.AG 0 0 1 2 2
500 I4434.AG 0 0 1 2 2
501 I4435.AG 0 0 2 2 2
502 I4436.AG 0 0 1 2 2
503 I4437.AG 0 0 2 2 2
504 I4438.AG 0 0 1 2 2
505 I4439.AG 0 0 1 2 2
506 I4440.AG 0 0 1 2 2
507 I4441.AG 0 0 1 2 2
508 I4517.AG 0 0 1 2 NA
509 I4930.AG 0 0 2 2 NA
510 I4933.AG 0 0 1 2 NA
511 I5208.AG 0 0 2 2 2
512 I5228.AG 0 0 1 2 NA
513 I5249.AG 0 0 1 2 NA
514 I5358.AG 0 0 2 2 NA
515 I5359.AG 0 0 1 2 2
516 I5364.AG 0 0 2 2 NA
517 I5365.AG 0 0 2 2 NA
518 I5366.AG 0 0 2 2 2
519 I5367.AG 0 0 2 2 2
520 I5370.AG 0 0 2 2 NA
521 I5371.AG 0 0 2 2 2
522 I5373.AG 0 0 1 2 NA
523 I3049.AG 0 0 1 2 NA
524 I3050.AG 0 0 2 2 NA
525 I3071.AG 0 0 1 2 2
526 I5382.AG 0 0 1 2 NA
527 I5385.AG 0 0 2 2 2
528 I3067.AG 0 0 1 2 NA
529 I5396.AG 0 0 1 2 2
530 I5397.AG 0 0 2 2 2
531 I5398.AG 0 0 2 2 2
532 I5399.AG 0 0 1 2 NA
533 I5400.AG 0 0 1 2 2
534 I5401.AG 0 0 1 2 NA
535 I5402.AG 0 0 1 2 2
536 I5405.AG 0 0 2 2 2
537 I5407.AG 0 0 2 2 2
538 OC.AG 0 0 1 2 2
539 I5411.AG 0 0 1 2 2
540 I5427.AG 0 0 2 2 2
541 I5428.AG 0 0 1 2 2
542 I5429.AG 0 0 1 2 2
543 I5440.AG 0 0 1 2 NA
544 I3027.AG 0 0 1 2 2
545 I5469.AG 0 0 2 2 NA
546 I5470.AG 0 0 1 2 NA
547 I5473.AG 0 0 1 2 NA
548 I5604.AG 0 0 1 2 2
549 I5605.AG 0 0 2 2 2
550 I5608.AG 0 0 2 2 2
551 I5656.AG 0 0 0 2 NA
552 I5658.AG 0 0 2 2 NA
553 I5659.AG 0 0 1 2 NA
554 I5665.AG 0 0 1 2 2
555 I5666.AG 0 0 1 2 NA
556 I5686.AG 0 0 1 2 2
557 I5691.AG 0 0 1 2 2
558 I5692.AG 0 0 2 2 2
559 I5693.AG 0 0 2 2 2
560 I5957.AG 0 0 1 2 NA
561 I6047.AG 0 0 1 2 0
562 I6050.AG 0 0 1 2 NA
563 I6057.AG 0 0 2 2 2
564 I6058.AG 0 0 1 2 2
565 I6059.AG 0 0 2 2 2
566 I6060.AG 0 0 2 2 2
567 I6061.AG 0 0 2 2 2
568 I6062.AG 0 0 1 2 2
569 I6063.AG 0 0 2 2 2
570 I6064.AG 0 0 1 2 2
571 I6065.AG 0 0 1 2 2
572 I6066.AG 0 0 1 2 2
573 I6067.AG 0 0 1 2 2
574 I6068.AG 0 0 1 2 2
575 I6069.AG 0 0 2 2 2
576 I6133.AG 0 0 2 2 NA
577 I6138.AG 0 0 1 2 NA
578 I6139.AG 0 0 1 2 2
579 I6140.AG 0 0 2 2 NA
580 I6141.AG 0 0 2 2 2
581 I6181.AG 0 0 2 2 NA
582 I6184.AG 0 0 1 2 NA
583 I6185.AG 0 0 1 2 NA
584 I6186.AG 0 0 2 2 NA
585 I6218.AG 0 0 2 2 NA
586 I6222.AG 0 0 1 2 NA
587 I6225.AG 0 0 1 2 2
588 CHN004.AG 0 0 2 2 2
589 I6231.AG 0 0 1 2 2
590 I6232.AG 0 0 1 2 2
591 I6250.AG 0 0 1 2 NA
592 I6251.AG 0 0 2 2 NA
593 I6252.AG 0 0 1 2 2
594 I6254.AG 0 0 1 2 2
595 I6255.AG 0 0 1 2 2
596 I6256.AG 0 0 2 2 NA
597 I6257.AG 0 0 1 2 NA
598 I6258.AG 0 0 2 2 2
599 I6262.AG 0 0 2 2 2
600 I6263.AG 0 0 2 2 2
601 I6264.AG 0 0 2 2 2
602 I6466.AG 0 0 1 2 NA
603 I6467.AG 0 0 2 2 NA
604 I6468.AG 0 0 2 2 NA
605 I6470.AG 0 0 1 2 2
606 I6471.AG 0 0 1 2 NA
607 I6475.AG 0 0 2 2 NA
608 I6476.AG 0 0 2 2 2
609 I6480.AG 0 0 1 2 NA
610 I6481.AG 0 0 1 2 NA
611 I6482.AG 0 0 2 2 NA
612 I6531.AG 0 0 1 2 2
613 I6534.AG 0 0 1 2 2
614 I6535.AG 0 0 1 2 NA
615 I6537.AG 0 0 1 2 2
616 I6538.AG 0 0 2 2 NA
617 I6539.AG 0 0 1 2 2
618 I6542.AG 0 0 1 2 2
619 I6543.AG 0 0 1 2 NA
620 I6579.AG 0 0 2 2 2
621 I6580.AG 0 0 1 2 2
622 I6581.AG 0 0 1 2 2
623 I6582.AG 0 0 2 2 2
624 I6583.AG 0 0 2 2 2
625 I6584.AG 0 0 2 2 NA
626 I6585.AG 0 0 1 2 NA
627 I6587.AG 0 0 1 2 NA
628 I6588.AG 0 0 1 2 2
629 I6589.AG 0 0 1 2 NA
630 I6590.AG 0 0 2 2 2
631 I6591.AG 0 0 2 2 2
632 I6596.AG 0 0 1 2 NA
633 I6601.AG 0 0 1 2 2
634 I6604.AG 0 0 1 2 NA
635 I6605.AG 0 0 2 2 NA
636 I6608.AG 0 0 1 2 NA
637 I6610.AG 0 0 2 2 NA
638 I6612.AG 0 0 2 2 NA
639 I6613.AG 0 0 2 2 NA
640 I6617.AG 0 0 1 2 2
641 I6618.AG 0 0 1 2 2
642 I6623.AG 0 0 2 2 2
643 I6624.AG 0 0 2 2 2
644 I6626.AG 0 0 2 2 NA
645 I6628.AG 0 0 2 2 NA
646 I6629.AG 0 0 1 2 NA
647 I6630.AG 0 0 2 2 NA
648 I7556.AG 0 0 1 2 NA
649 I6457.AG 0 0 1 2 NA
650 I7427.AG 0 0 1 2 NA
651 Cuncaicha15-07.AG 0 0 2 2 2
652 Cuncaicha15-03.AG 0 0 1 2 2
653 Stuttgart.AG 0 0 2 2 2
654 I0025.AG 0 0 2 2 2
655 I0038.AG 0 0 1 2 2
656 I0042.AG 0 0 2 2 2
657 I0044.AG 0 0 2 2 2
658 I0046.AG 0 0 2 2 2
659 I0047.AG 0 0 2 2 2
660 I0048.AG 0 0 1 2 NA
661 I0054.AG 0 0 2 2 2
662 I0056.AG 0 0 1 2 NA
663 I0057.AG 0 0 2 2 NA
664 I0070.AG 0 0 1 2 2
665 I0071.AG 0 0 2 2 2
666 I0073.AG 0 0 1 2 2
667 I0074.AG 0 0 2 2 2
668 I0103.AG 0 0 2 2 2
669 I0104.AG 0 0 1 2 2
670 I0116.AG 0 0 1 2 2
671 I0118.AG 0 0 2 2 2
672 I0172.AG 0 0 1 2 2
673 I0232.AG 0 0 1 2 2
674 I0242.AG 0 0 2 2 NA
675 I0243.AG 0 0 1 2 2
676 I0244.AG 0 0 2 2 2
677 I0245.AG 0 0 1 2 2
678 I0246.AG 0 0 1 2 NA
679 I0247.AG 0 0 1 2 2
680 I0324.AG 0 0 1 2 NA
681 I0354.AG 0 0 2 2 NA
682 I0358.AG 0 0 2 2 2
683 I0359.AG 0 0 2 2 2
684 I0360.AG 0 0 1 2 NA
685 I0361.AG 0 0 1 2 NA
686 I0371.AG 0 0 1 2 NA
687 I0406.AG 0 0 1 2 2
688 I0408.AG 0 0 2 2 2
689 I0410.AG 0 0 1 2 2
690 I0412.AG 0 0 1 2 2
691 I0413.AG 0 0 2 2 2
692 I0419.AG 0 0 1 2 2
693 I0421.AG 0 0 2 2 NA
694 I0422.AG 0 0 2 2 2
695 I0423_alt.AG 0 0 1 2 0
696 I0424.AG 0 0 1 2 2
697 I0430.AG 0 0 1 2 0
698 I0431.AG 0 0 2 2 NA
699 I0447.AG 0 0 2 2 2
700 I0518.AG 0 0 1 2 NA
701 I0519.AG 0 0 1 2 2
702 I0520.AG 0 0 1 2 NA
703 I0525.AG 0 0 2 2 NA
704 I0527.AG 0 0 2 2 NA
705 I0581.AG 0 0 1 2 2
706 I0589.AG 0 0 2 2 2
707 I0595.AG 0 0 1 2 NA
708 I0626.AG 0 0 1 2 NA
709 I0627_alt.AG 0 0 2 2 NA
710 I0659_alt.AG 0 0 1 2 2
711 I0659.AG 0 0 1 2 2
712 I0700.AG 0 0 1 2 2
713 I0704.AG 0 0 2 2 NA
714 I0706.AG 0 0 1 2 2
715 I0723.AG 0 0 1 2 NA
716 I0724.AG 0 0 1 2 2
717 I0727.AG 0 0 1 2 2
718 I0839.AG 0 0 2 2 NA
719 I0854.AG 0 0 2 2 2
720 I0861.AG 0 0 1 2 NA
721 I0937.AG 0 0 2 2 NA
722 I0938.AG 0 0 2 2 NA
723 I0939.AG 0 0 2 2 0
724 I0940.AG 0 0 2 2 NA
725 I0942.AG 0 0 1 2 NA
726 I0943.AG 0 0 2 2 NA
727 I0944.AG 0 0 2 2 NA
728 I0946.AG 0 0 2 2 NA
729 I0980.AG 0 0 1 2 NA
730 I0982.AG 0 0 2 2 NA
731 I0983.AG 0 0 2 2 2
732 I0984.AG 0 0 1 2 2
733 I0985.AG 0 0 2 2 NA
734 I0986.AG 0 0 1 2 2
735 I0987.AG 0 0 1 2 2
736 I0989.AG 0 0 1 2 NA
737 I0996.AG 0 0 1 2 2
738 I0999.AG 0 0 1 2 2
739 I10000.AG 0 0 1 2 2
740 I10001.AG 0 0 1 2 2
741 I10005.AG 0 0 1 2 2
742 I10006.AG 0 0 2 2 2
743 I10007.AG 0 0 1 2 2
744 I10008.AG 0 0 1 2 2
745 I10009.AG 0 0 1 2 2
746 I10010.AG 0 0 1 2 2
747 I10011.AG 0 0 2 2 2
748 I10012.AG 0 0 2 2 2
749 I10013.AG 0 0 1 2 2
750 I10014.AG 0 0 2 2 2
751 I10015.AG 0 0 2 2 2
752 I10016.AG 0 0 1 2 2
753 I10017.AG 0 0 2 2 2
754 I1003.AG 0 0 1 2 2
755 I10045.AG 0 0 1 2 2
756 I10046.AG 0 0 1 2 2
757 I10047.AG 0 0 1 2 2
758 I10048.AG 0 0 1 2 2
759 I10049.AG 0 0 1 2 2
760 I10050.AG 0 0 2 2 2
761 I10052.AG 0 0 2 2 NA
762 I10053.AG 0 0 1 2 2
763 I10054.AG 0 0 1 2 2
764 I10055.AG 0 0 2 2 2
765 I10056.AG 0 0 2 2 2
766 I10057.AG 0 0 2 2 2
767 I10058.AG 0 0 1 2 2
768 I10061.AG 0 0 1 2 2
769 I10062.AG 0 0 1 2 2
770 I10063.AG 0 0 1 2 2
771 I10064.AG 0 0 2 2 2
772 I10065.AG 0 0 2 2 2
773 I10067.AG 0 0 2 2 NA
774 I10068.AG 0 0 1 2 2
775 I10069.AG 0 0 2 2 2
776 I1006.AG 0 0 1 2 NA
777 I10070.AG 0 0 2 2 2
778 I10071.AG 0 0 2 2 NA
779 I10072.AG 0 0 1 2 2
780 I10074.AG 0 0 2 2 NA
781 I1007.AG 0 0 1 2 NA
782 I1008.AG 0 0 1 2 NA
783 I10092.AG 0 0 2 2 2
784 I10093.AG 0 0 1 2 2
785 I10096.AG 0 0 1 2 NA
786 I10097.AG 0 0 2 2 2
787 I10099.AG 0 0 2 2 2
788 I10100.AG 0 0 2 2 2
789 I10101.AG 0 0 1 2 NA
790 I10104.AG 0 0 1 2 NA
791 I10106.AG 0 0 1 2 2
792 I1010.AG 0 0 1 2 NA
793 I10110.AG 0 0 2 2 0
794 I10111.AG 0 0 1 2 2
795 I10112.AG 0 0 1 2 2
796 I10116.AG 0 0 1 2 2
797 I10117.AG 0 0 2 2 2
798 I10118.AG 0 0 2 2 2
799 I1011.AG 0 0 1 2 2
800 I10126.AG 0 0 2 2 2
801 I10129.AG 0 0 2 2 2
802 I1012.AG 0 0 1 2 2
803 I10130.AG 0 0 1 2 2
804 I10131.AG 0 0 2 2 2
805 I10132.AG 0 0 1 2 2
806 I10133.AG 0 0 1 2 2
807 I10134.AG 0 0 2 2 2
808 I1013.AG 0 0 2 2 NA
809 I10140.AG 0 0 1 2 2
810 I10149.AG 0 0 2 2 2
811 I10167.AG 0 0 1 2 NA
812 I10168.AG 0 0 1 2 NA
813 I10171.AG 0 0 2 2 NA
814 I10263.AG 0 0 2 2 NA
815 I10264.AG 0 0 1 2 2
816 I10265.AG 0 0 2 2 NA
817 I10266.AG 0 0 1 2 NA
818 I10267.AG 0 0 1 2 NA
819 I10268.AG 0 0 1 2 2
820 I10269.AG 0 0 1 2 NA
821 I10270.AG 0 0 2 2 NA
822 I10271.AG 0 0 1 2 2
823 I10272.AG 0 0 2 2 NA
824 I10273.AG 0 0 2 2 2
825 I10274.AG 0 0 1 2 NA
826 I10275.AG 0 0 2 2 NA
827 I10277.AG 0 0 1 2 NA
828 I10278.AG 0 0 1 2 2
829 I10280.AG 0 0 1 2 NA
830 I10282.AG 0 0 1 2 NA
831 I10283.AG 0 0 1 2 NA
832 I10284.AG 0 0 1 2 NA
833 I10285.AG 0 0 2 2 NA
834 I10286.AG 0 0 1 2 NA
835 I10291.AG 0 0 2 2 NA
836 I10292.AG 0 0 1 2 NA
837 I10293.AG 0 0 2 2 2
838 I10294.AG 0 0 1 2 2
839 I10295.AG 0 0 1 2 NA
840 I10297.AG 0 0 2 2 2
841 I10299.AG 0 0 2 2 NA
842 I10303.AG 0 0 2 2 2
843 I10342.AG 0 0 1 2 2
844 I10343.AG 0 0 2 2 2
845 I10344.AG 0 0 2 2 2
846 I10345.AG 0 0 2 2 2
847 I10347.AG 0 0 1 2 2
848 I10348.AG 0 0 1 2 2
849 I10349.AG 0 0 1 2 2
850 I10350.AG 0 0 2 2 2
851 I10351.AG 0 0 1 2 2
852 I10352.AG 0 0 2 2 2
853 I10353.AG 0 0 1 2 2
854 I10355.AG 0 0 2 2 NA
855 I10356.AG 0 0 2 2 2
856 I10357.AG 0 0 1 2 2
857 I10359.AG 0 0 1 2 NA
858 I10361.AG 0 0 1 2 NA
859 I10362.AG 0 0 2 2 2
860 I10363.AG 0 0 2 2 2
861 I10364.AG 0 0 1 2 2
862 I10366.AG 0 0 2 2 2
863 I10441.AG 0 0 1 2 2
864 I1048.AG 0 0 2 2 NA
865 I1061.AG 0 0 2 2 2
866 I1069.AG 0 0 1 2 NA
867 I10719.AG 0 0 2 2 2
868 I10939.AG 0 0 1 2 2
869 I10940.AG 0 0 1 2 NA
870 I10941.AG 0 0 1 2 2
871 I10942.AG 0 0 2 2 2
872 I10943.AG 0 0 1 2 2
873 I10945.AG 0 0 1 2 2
874 I10946.AG 0 0 1 2 2
875 I10947.AG 0 0 1 2 2
876 I10948.AG 0 0 1 2 2
877 I10950.AG 0 0 1 2 2
878 I10951.AG 0 0 1 2 2
879 I10952.AG 0 0 1 2 2
880 I10961.AG 0 0 2 2 NA
881 I10962.AG 0 0 1 2 2
882 I10963.AG 0 0 1 2 2
883 I10965.AG 0 0 2 2 2
884 I10973.AG 0 0 1 2 NA
885 I10974.AG 0 0 1 2 2
886 I10998.AG 0 0 2 2 2
887 I11002.AG 0 0 2 2 2
888 I11003.AG 0 0 1 2 2
889 I11019.AG 0 0 1 2 NA
890 I1108.AG 0 0 1 2 2
891 I1109.AG 0 0 2 2 NA
892 I1113.AG 0 0 2 2 2
893 I11158.AG 0 0 1 2 2
894 I11159.AG 0 0 2 2 2
895 I11160.AG 0 0 1 2 2
896 I11214.AG 0 0 2 2 NA
897 I1126.AG 0 0 1 2 NA
898 I1135.AG 0 0 1 2 NA
899 I1137.AG 0 0 1 2 NA
900 I11405.AG 0 0 2 2 2
901 I11442.AG 0 0 1 2 2
902 I11443.AG 0 0 1 2 2
903 I11446.AG 0 0 2 2 NA
904 I11461.AG 0 0 1 2 NA
905 I11462.AG 0 0 1 2 2
906 I11468.AG 0 0 2 2 NA
907 I11471.AG 0 0 2 2 NA
908 I11472.AG 0 0 2 2 NA
909 I11474.AG 0 0 1 2 2
910 I11476.AG 0 0 2 2 2
911 I11478.AG 0 0 1 2 2
912 I11479.AG 0 0 2 2 NA
913 I11483.AG 0 0 2 2 NA
914 I1154.AG 0 0 2 2 NA
915 I1160.AG 0 0 1 2 2
916 I1166.AG 0 0 1 2 2
917 I1169.AG 0 0 2 2 2
918 I1183.AG 0 0 2 2 NA
919 I1192.AG 0 0 1 2 NA
920 I1194.AG 0 0 2 2 2
921 I1295.AG 0 0 1 2 NA
922 I1296.AG 0 0 1 2 NA
923 I1297.AG 0 0 2 2 NA
924 I1311.AG 0 0 2 2 NA
925 I1368.AG 0 0 2 2 NA
926 I1369.AG 0 0 2 2 NA
927 I1369_alt.AG 0 0 2 2 NA
928 I1370.AG 0 0 2 2 NA
929 I1389.AG 0 0 1 2 2
930 I1391.AG 0 0 2 2 NA
931 I1392.AG 0 0 2 2 2
932 I1416.AG 0 0 0 2 NA
933 NIK004.AG 0 0 2 2 2
934 NEO292.AG 0 0 1 2 2
935 NEO234.AG 0 0 2 2 2
936 I1526.AG 0 0 1 2 2
937 I1550_alt1.AG 0 0 2 2 2
938 I1550.AG 0 0 2 2 2
939 I1563.AG 0 0 2 2 2
940 I1565.AG 0 0 1 2 2
941 I1577.AG 0 0 1 2 2
942 I1579.AG 0 0 2 2 2
943 I1580.AG 0 0 2 2 2
944 I1581.AG 0 0 2 2 2
945 I1583.AG 0 0 1 2 2
946 I1585.AG 0 0 2 2 2
947 I1590.AG 0 0 1 2 2
948 I1661.AG 0 0 2 2 2
949 I1690.AG 0 0 1 2 NA
950 I1708.AG 0 0 2 2 2
951 I1733.AG 0 0 2 2 NA
952 I1737.AG 0 0 2 2 NA
953 I1781.AG 0 0 1 2 2
954 I1782.AG 0 0 2 2 2
955 I1783.AG 0 0 2 2 2
956 I1787.AG 0 0 2 2 NA
957 I1788.AG 0 0 2 2 2
958 I1789.AG 0 0 1 2 NA
959 I1790.AG 0 0 2 2 NA
960 I1792.AG 0 0 1 2 NA
961 I1793.AG 0 0 2 2 2
962 I1799.AG 0 0 1 2 2
963 I1805.AG 0 0 1 2 NA
964 I1808.AG 0 0 1 2 NA
965 I1842.AG 0 0 1 2 2
966 I1845.AG 0 0 1 2 NA
967 I1846.AG 0 0 2 2 2
968 I1859.AG 0 0 2 2 NA
969 I1875.AG 0 0 2 2 2
970 I1876.AG 0 0 1 2 NA
971 I1877.AG 0 0 1 2 2
972 I1878.AG 0 0 1 2 2
973 I1879.AG 0 0 1 2 NA
974 I1880.AG 0 0 1 2 2
975 I1881.AG 0 0 1 2 2
976 I1882.AG 0 0 1 2 NA
977 I1883.AG 0 0 1 2 NA
978 I1885.AG 0 0 2 2 NA
979 I1893.AG 0 0 1 2 NA
980 I1895.AG 0 0 2 2 2
981 I1904.AG 0 0 1 2 2
982 I1905.AG 0 0 1 2 2
983 I1907.AG 0 0 2 2 2
984 I1917.AG 0 0 2 2 2
985 I1926.AG 0 0 1 2 2
986 I1931.AG 0 0 2 2 2
987 I1944.AG 0 0 2 2 NA
988 I1946.AG 0 0 1 2 NA
989 I1947.AG 0 0 1 2 2
990 I1949.AG 0 0 1 2 NA
991 I1951.AG 0 0 2 2 NA
992 I1952.AG 0 0 1 2 NA
993 I1954.AG 0 0 1 2 2
994 I1970.AG 0 0 1 2 NA
995 I1976.AG 0 0 1 2 NA
996 I1977.AG 0 0 2 2 2
997 I1978.AG 0 0 2 2 2
998 I1979.AG 0 0 2 2 NA
999 I1981.AG 0 0 2 2 NA
1000 I1982.AG 0 0 2 2 NA
1001 I1985.AG 0 0 1 2 2
1002 I1992.AG 0 0 1 2 NA
1003 I1994.AG 0 0 2 2 2
1004 I2005.AG 0 0 2 2 NA
1005 I2008.AG 0 0 2 2 NA
1006 I2016.AG 0 0 2 2 NA
1007 I2017.AG 0 0 2 2 NA
1008 I2021.AG 0 0 1 2 NA
1009 I2026.AG 0 0 1 2 NA
1010 I2029.AG 0 0 2 2 NA
1011 I2030.AG 0 0 2 2 2
1012 I2032.AG 0 0 2 2 NA
1013 I2036.AG 0 0 2 2 2
1014 I2037.AG 0 0 1 2 NA
1015 I2038.AG 0 0 2 2 2
1016 I2062.AG 0 0 1 2 2
1017 I2069.AG 0 0 2 2 2
1018 I2071.AG 0 0 1 2 NA
1019 I2072.AG 0 0 1 2 2
1020 I2073.AG 0 0 1 2 NA
1021 I2074.AG 0 0 1 2 2
1022 I2075.AG 0 0 1 2 2
1023 I2076.AG 0 0 1 2 2
1024 I2085.AG 0 0 1 2 2
1025 I2087.AG 0 0 1 2 NA
1026 I2105.AG 0 0 2 2 2
1027 I2109.AG 0 0 1 2 NA
1028 I2111.AG 0 0 1 2 NA
1029 I2116.AG 0 0 2 2 NA
1030 I2121.AG 0 0 2 2 2
1031 I2122.AG 0 0 2 2 NA
1032 I2123.AG 0 0 2 2 2
1033 I2125.AG 0 0 2 2 NA
1034 I2128.AG 0 0 1 2 NA
1035 I2134.AG 0 0 1 2 2
1036 I2137.AG 0 0 2 2 2
1037 I2138.AG 0 0 2 2 2
1038 I2139.AG 0 0 2 2 2
1039 I2142.AG 0 0 1 2 2
1040 I2144.AG 0 0 2 2 2
1041 I2163.AG 0 0 1 2 2
1042 I2165.AG 0 0 1 2 2
1043 I2175.AG 0 0 1 2 2
1044 I2176.AG 0 0 1 2 2
1045 I2181.AG 0 0 1 2 NA
1046 I2181_alt.AG 0 0 1 2 NA
1047 I2189.AG 0 0 1 2 NA
1048 I2190.AG 0 0 1 2 2
1049 I2195.AG 0 0 1 2 NA
1050 I2198.AG 0 0 1 2 2
1051 I2199.AG 0 0 2 2 NA
1052 I2200.AG 0 0 2 2 2
1053 I2201.AG 0 0 1 2 2
1054 I2215.AG 0 0 1 2 NA
1055 I2216.AG 0 0 2 2 NA
1056 I2230.AG 0 0 1 2 2
1057 I2232.AG 0 0 1 2 NA
1058 I2233.AG 0 0 1 2 NA
1059 I2236.AG 0 0 1 2 2
1060 I2237.AG 0 0 2 2 2
1061 I2238.AG 0 0 2 2 NA
1062 I2241.AG 0 0 1 2 2
1063 I2242.AG 0 0 2 2 2
1064 I2243.AG 0 0 2 2 NA
1065 I2244.AG 0 0 1 2 2
1066 I2250.AG 0 0 1 2 2
1067 I2251.AG 0 0 2 2 2
1068 I2252.AG 0 0 1 2 2
1069 I2253.AG 0 0 2 2 NA
1070 I2261.AG 0 0 1 2 2
1071 I2262.AG 0 0 1 2 NA
1072 I2263.AG 0 0 1 2 NA
1073 I2264.AG 0 0 2 2 2
1074 I2268.AG 0 0 2 2 NA
1075 I2298.AG 0 0 2 2 2
1076 I2323.AG 0 0 2 2 NA
1077 I2327.AG 0 0 1 2 2
1078 I2328.AG 0 0 1 2 NA
1079 I2337.AG 0 0 1 2 2
1080 I2351.AG 0 0 2 2 NA
1081 I2352.AG 0 0 1 2 NA
1082 I2353.AG 0 0 1 2 NA
1083 I2354.AG 0 0 1 2 NA
1084 I2355.AG 0 0 2 2 2
1085 I2356.AG 0 0 1 2 2
1086 I2358.AG 0 0 2 2 2
1087 I2359.AG 0 0 2 2 NA
1088 I2362.AG 0 0 2 2 2
1089 I2363.AG 0 0 2 2 2
1090 I2364.AG 0 0 1 2 2
1091 I2366.AG 0 0 1 2 2
1092 I2368.AG 0 0 1 2 NA
1093 I2371.AG 0 0 1 2 2
1094 I2373.AG 0 0 2 2 2
1095 I2374.AG 0 0 1 2 NA
1096 I2375.AG 0 0 1 2 2
1097 I2376.AG 0 0 1 2 2
1098 I2377.AG 0 0 1 2 2
1099 I2378.AG 0 0 1 2 NA
1100 I2379.AG 0 0 1 2 2
1101 I2382.AG 0 0 1 2 NA
1102 I2383.AG 0 0 1 2 NA
1103 I2384.AG 0 0 1 2 2
1104 I2387.AG 0 0 1 2 NA
1105 I2394.AG 0 0 1 2 NA
1106 I2395.AG 0 0 1 2 NA
1107 I2405.AG 0 0 1 2 2
1108 I2407.AG 0 0 1 2 NA
1109 I2413.AG 0 0 2 2 NA
1110 I2416.AG 0 0 1 2 NA
1111 I2418.AG 0 0 2 2 2
1112 I2419.AG 0 0 2 2 NA
1113 I2421.AG 0 0 1 2 2
1114 I2423.AG 0 0 2 2 2
1115 I2424.AG 0 0 2 2 2
1116 I2425.AG 0 0 2 2 NA
1117 I2426.AG 0 0 1 2 NA
1118 I2427.AG 0 0 2 2 2
1119 I2430.AG 0 0 1 2 2
1120 I2431.AG 0 0 1 2 2
1121 I2433.AG 0 0 2 2 2
1122 I2434.AG 0 0 2 2 NA
1123 I2435.AG 0 0 1 2 NA
1124 I2440.AG 0 0 1 2 2
1125 I2441.AG 0 0 1 2 2
1126 I2445.AG 0 0 1 2 2
1127 I2447.AG 0 0 1 2 2
1128 I2450.AG 0 0 2 2 2
1129 I2452.AG 0 0 1 2 2
1130 I2453.AG 0 0 1 2 NA
1131 I2454.AG 0 0 2 2 2
1132 I2455.AG 0 0 2 2 2
1133 I2457.AG 0 0 1 2 2
1134 I2459.AG 0 0 2 2 NA
1135 I2460.AG 0 0 2 2 NA
1136 I2463.AG 0 0 2 2 2
1137 I2467.AG 0 0 1 2 NA
1138 I2471.AG 0 0 2 2 NA
1139 I2472.AG 0 0 1 2 NA
1140 I2473.AG 0 0 1 2 2
1141 I2478.AG 0 0 1 2 2
1142 I2483.AG 0 0 1 2 2
1143 I2483_alt.AG 0 0 1 2 2
1144 I2495.AG 0 0 1 2 2
1145 I2497.AG 0 0 2 2 2
1146 I2499.AG 0 0 2 2 2
1147 I2512.AG 0 0 1 2 NA
1148 I2516.AG 0 0 2 2 NA
1149 I0705.AG 0 0 1 2 2
1150 I2526.AG 0 0 2 2 2
1151 I0697.AG 0 0 2 2 NA
1152 I2529.AG 0 0 1 2 2
1153 I2537.AG 0 0 1 2 2
1154 I2538.AG 0 0 2 2 NA
1155 I2539.AG 0 0 2 2 NA
1156 I2540.AG 0 0 1 2 2
1157 I2543.AG 0 0 1 2 NA
1158 I2544.AG 0 0 2 2 2
1159 I2545.AG 0 0 1 2 NA
1160 I2549.AG 0 0 1 2 2
1161 I2550.AG 0 0 1 2 NA
1162 I2551.AG 0 0 2 2 2
1163 I2569.AG 0 0 1 2 2
1164 I2575.AG 0 0 1 2 NA
1165 I2597.AG 0 0 1 2 2
1166 I2604.AG 0 0 2 2 2
1167 I2606.AG 0 0 1 2 2
1168 I2629.AG 0 0 1 2 2
1169 I2634.AG 0 0 1 2 2
1170 I2636.AG 0 0 2 2 2
1171 I2657.AG 0 0 1 2 2
1172 I2658.AG 0 0 1 2 NA
1173 I2683.AG 0 0 2 2 2
1174 I2699.AG 0 0 1 2 NA
1175 I2703.AG 0 0 1 2 2
1176 I2707.AG 0 0 1 2 2
1177 I2715.AG 0 0 2 2 NA
1178 I2716.AG 0 0 1 2 2
1179 I2717.AG 0 0 2 2 NA
1180 I2718.AG 0 0 2 2 NA
1181 I2719.AG 0 0 1 2 NA
1182 I2726.AG 0 0 1 2 NA
1183 I2731.AG 0 0 1 2 NA
1184 I2739.AG 0 0 1 2 2
1185 I2772.AG 0 0 2 2 2
1186 I2786.AG 0 0 1 2 0
1187 I2790.AG 0 0 2 2 2
1188 I2791.AG 0 0 1 2 2
1189 I2792.AG 0 0 1 2 2
1190 I2793.AG 0 0 1 2 2
1191 I2794.AG 0 0 2 2 2
1192 I2796.AG 0 0 1 2 NA
1193 VK201.AG 0 0 1 2 2
1194 I2824.AG 0 0 1 2 NA
1195 I2868.AG 0 0 1 2 2
1196 I2869.AG 0 0 1 2 NA
1197 I2870.AG 0 0 2 2 NA
1198 I2871.AG 0 0 2 2 NA
1199 I2872.AG 0 0 2 2 NA
1200 I2918.AG 0 0 2 2 NA
1201 I2927.AG 0 0 1 2 NA
1202 I2928.AG 0 0 2 2 NA
1203 I2937.AG 0 0 2 2 2
1204 I2947.AG 0 0 2 2 NA
1205 I2948.AG 0 0 1 2 NA
1206 I2960.AG 0 0 1 2 2
1207 I2966.AG 0 0 1 2 2
1208 I2967.AG 0 0 2 2 NA
1209 I3023.AG 0 0 1 2 NA
1210 I3082.AG 0 0 1 2 2
1211 I3122.AG 0 0 2 2 2
1212 I3123.AG 0 0 1 2 2
1213 I3124.AG 0 0 1 2 2
1214 I3125.AG 0 0 1 2 2
1215 I3137.AG 0 0 1 2 NA
1216 I3151.AG 0 0 1 2 NA
1217 I3209.AG 0 0 1 2 NA
1218 I3214.AG 0 0 1 2 NA
1219 I3225.AG 0 0 1 2 NA
1220 I3238.AG 0 0 1 2 2
1221 I3239.AG 0 0 2 2 NA
1222 I3243.AG 0 0 1 2 NA
1223 I3260.AG 0 0 2 2 2
1224 I3261.AG 0 0 1 2 NA
1225 I3262.AG 0 0 1 2 2
1226 I3276.AG 0 0 1 2 2
1227 I3277_alt.AG 0 0 2 2 NA
1228 I3300.AG 0 0 1 2 NA
1229 I3310.AG 0 0 2 2 2
1230 I3323.AG 0 0 1 2 2
1231 I3326.AG 0 0 1 2 NA
1232 I3327.AG 0 0 1 2 2
1233 I3365.AG 0 0 2 2 NA
1234 I3374.AG 0 0 2 2 2
1235 I3387.AG 0 0 1 2 2
1236 I3442.AG 0 0 1 2 2
1237 I3443.AG 0 0 2 2 NA
1238 I3448.AG 0 0 2 2 0
1239 I3453.AG 0 0 2 2 NA
1240 I3456.AG 0 0 1 2 NA
1241 I3484.AG 0 0 1 2 NA
1242 I3492.AG 0 0 1 2 2
1243 I3546.AG 0 0 1 2 NA
1244 I3584.AG 0 0 1 2 NA
1245 I3593.AG 0 0 2 2 NA
1246 I3596.AG 0 0 1 2 NA
1247 I3599.AG 0 0 1 2 NA
1248 I3602.AG 0 0 2 2 NA
1249 I3614.AG 0 0 1 2 2
1250 I3615.AG 0 0 2 2 2
1251 I3616.AG 0 0 2 2 2
1252 I3617.AG 0 0 2 2 2
1253 I3618.AG 0 0 1 2 2
1254 I3620.AG 0 0 2 2 2
1255 I3703.AG 0 0 1 2 2
1256 I3705.AG 0 0 1 2 2
1257 I3706.AG 0 0 1 2 2
1258 I3707.AG 0 0 2 2 2
1259 I3708.AG 0 0 2 2 2
1260 I3709.AG 0 0 2 2 2
1261 I3718.AG 0 0 1 2 2
1262 I3720.AG 0 0 1 2 NA
1263 I3721.AG 0 0 2 2 NA
1264 I3726.AG 0 0 2 2 2
1265 I3727.AG 0 0 2 2 2
1266 I3728.AG 0 0 2 2 2
1267 I3731.AG 0 0 1 2 2
1268 I3732.AG 0 0 2 2 2
1269 I3734.AG 0 0 1 2 2
1270 I3735.AG 0 0 2 2 2
1271 I3736.AG 0 0 1 2 2
1272 I3757.AG 0 0 2 2 NA
1273 I3758_alt.AG 0 0 2 2 2
1274 I3807.AG 0 0 1 2 NA
1275 I3809.AG 0 0 1 2 NA
1276 I3832.AG 0 0 2 2 NA
1277 I3881.AG 0 0 2 2 NA
1278 I3890.AG 0 0 2 2 NA
1279 I3892.AG 0 0 1 2 NA
1280 I3911.AG 0 0 1 2 2
1281 I3912.AG 0 0 1 2 2
1282 I3913.AG 0 0 2 2 2
1283 I3914.AG 0 0 2 2 2
1284 I3915.AG 0 0 1 2 2
1285 I3916.AG 0 0 2 2 2
1286 I3917.AG 0 0 2 2 2
1287 I3920.AG 0 0 2 2 2
1288 I3921.AG 0 0 1 2 2
1289 I3952.AG 0 0 1 2 2
1290 I3981.AG 0 0 1 2 2
1291 I3982.AG 0 0 2 2 2
1292 I3983.AG 0 0 1 2 2
1293 I3985.AG 0 0 1 2 2
1294 I3986.AG 0 0 2 2 2
1295 I3987.AG 0 0 1 2 2
1296 I3997.AG 0 0 1 2 2
1297 I4029.AG 0 0 1 2 2
1298 I4030.AG 0 0 1 2 2
1299 I4055.AG 0 0 1 2 NA
1300 I4062.AG 0 0 2 2 2
1301 I4063.AG 0 0 2 2 2
1302 I4065.AG 0 0 2 2 2
1303 I4067.AG 0 0 2 2 NA
1304 I4074.AG 0 0 1 2 2
1305 I4081.AG 0 0 1 2 2
1306 I4096.AG 0 0 1 2 2
1307 I4097.AG 0 0 1 2 2
1308 I4099.AG 0 0 2 2 2
1309 I4100.AG 0 0 2 2 2
1310 I4105.AG 0 0 1 2 2
1311 I4106.AG 0 0 1 2 2
1312 I4132.AG 0 0 1 2 2
1313 I4157.AG 0 0 1 2 NA
1314 I4158.AG 0 0 1 2 NA
1315 I4160.AG 0 0 2 2 2
1316 I4163.AG 0 0 2 2 2
1317 I4207_alt.AG 0 0 1 2 NA
1318 I4208.AG 0 0 1 2 NA
1319 I4210.AG 0 0 1 2 NA
1320 I4229.AG 0 0 1 2 2
1321 I4232.AG 0 0 1 2 2
1322 I4233.AG 0 0 1 2 2
1323 I4236.AG 0 0 2 2 2
1324 I4238.AG 0 0 1 2 2
1325 I4239.AG 0 0 2 2 2
1326 I4241.AG 0 0 1 2 2
1327 I4243.AG 0 0 2 2 2
1328 I4245.AG 0 0 2 2 NA
1329 I4246.AG 0 0 1 2 2
1330 I4248.AG 0 0 1 2 NA
1331 I4249.AG 0 0 2 2 NA
1332 I4250.AG 0 0 2 2 NA
1333 I4269.AG 0 0 1 2 2
1334 I4272.AG 0 0 2 2 2
1335 I4273.AG 0 0 2 2 2
1336 I4280.AG 0 0 1 2 2
1337 I4290.AG 0 0 2 2 NA
1338 I4304.AG 0 0 1 2 2
1339 I4305.AG 0 0 2 2 2
1340 I4308.AG 0 0 2 2 2
1341 I4318.AG 0 0 2 2 2
1342 I4329.AG 0 0 2 2 NA
1343 I4349.AG 0 0 1 2 2
1344 I4357.AG 0 0 2 2 2
1345 I4383.AG 0 0 2 2 NA
1346 I4420.AG 0 0 2 2 2
1347 I4421.AG 0 0 2 2 NA
1348 I4422.AG 0 0 2 2 NA
1349 I4426.AG 0 0 2 2 2
1350 I4427.AG 0 0 1 2 NA
1351 I4450.AG 0 0 2 2 2
1352 I4451.AG 0 0 1 2 2
1353 I4458.AG 0 0 2 2 NA
1354 I4468.AG 0 0 1 2 NA
1355 I4472.AG 0 0 2 2 2
1356 I4473.AG 0 0 2 2 2
1357 I4474.AG 0 0 1 2 2
1358 I4475.AG 0 0 1 2 2
1359 I4478.AG 0 0 1 2 2
1360 I4480.AG 0 0 2 2 2
1361 I4481.AG 0 0 2 2 2
1362 I4483.AG 0 0 1 2 2
1363 I4518.AG 0 0 1 2 NA
1364 I4519.AG 0 0 1 2 2
1365 I4521.AG 0 0 1 2 2
1366 I4525.AG 0 0 1 2 2
1367 I4529.AG 0 0 1 2 2
1368 I4530.AG 0 0 1 2 2
1369 I4531.AG 0 0 1 2 2
1370 I4532.AG 0 0 1 2 2
1371 I4533.AG 0 0 1 2 2
1372 I4534.AG 0 0 2 2 2
1373 I4539.AG 0 0 1 2 2
1374 I4540.AG 0 0 1 2 2
1375 I4550.AG 0 0 1 2 2
1376 I4551.AG 0 0 1 2 2
1377 I4552.AG 0 0 2 2 2
1378 I4553.AG 0 0 1 2 2
1379 I4554.AG 0 0 2 2 2
1380 I4558.AG 0 0 2 2 2
1381 I4559.AG 0 0 1 2 2
1382 I4560.AG 0 0 2 2 2
1383 I4561.AG 0 0 2 2 2
1384 I4562.AG 0 0 2 2 2
1385 I4563.AG 0 0 1 2 NA
1386 I4565.AG 0 0 1 2 2
1387 I4566.AG 0 0 2 2 0
1388 I4567.AG 0 0 1 2 NA
1389 I4568.AG 0 0 1 2 NA
1390 I4582.AG 0 0 2 2 2
1391 I4595.AG 0 0 2 2 2
1392 I4596.AG 0 0 1 2 2
1393 I4607.AG 0 0 1 2 NA
1394 I4613.AG 0 0 2 2 2
1395 I4614.AG 0 0 1 2 2
1396 I4615.AG 0 0 1 2 2
1397 I4616.AG 0 0 1 2 NA
1398 I4617.AG 0 0 2 2 NA
1399 I4619.AG 0 0 2 2 2
1400 I4620.AG 0 0 2 2 NA
1401 I4621.AG 0 0 1 2 NA
1402 I4626.AG 0 0 1 2 NA
1403 I4629.AG 0 0 2 2 2
1404 I4630.AG 0 0 1 2 2
1405 Latvia_HG1.AG 0 0 2 2 2
1406 I4634.AG 0 0 2 2 2
1407 I4635.AG 0 0 2 2 2
1408 I4654.AG 0 0 2 2 2
1409 I4655.AG 0 0 1 2 NA
1410 I4657.AG 0 0 2 2 NA
1411 I4660.AG 0 0 2 2 NA
1412 I4664.AG 0 0 1 2 NA
1413 I4665.AG 0 0 2 2 NA
1414 I4666.AG 0 0 1 2 NA
1415 I4773.AG 0 0 1 2 2
1416 I4774.AG 0 0 1 2 2
1417 I4776.AG 0 0 2 2 2
1418 I4778.AG 0 0 1 2 2
1419 I4779.AG 0 0 2 2 2
1420 I4780.AG 0 0 2 2 2
1421 I4782.AG 0 0 2 2 2
1422 I4783.AG 0 0 1 2 2
1423 I4784.AG 0 0 1 2 2
1424 I4785.AG 0 0 1 2 NA
1425 I4787.AG 0 0 1 2 2
1426 I4789.AG 0 0 2 2 2
1427 I4790.AG 0 0 1 2 2
1428 I4791.AG 0 0 1 2 NA
1429 I4794.AG 0 0 1 2 NA
1430 I4798.AG 0 0 1 2 2
1431 I4799.AG 0 0 2 2 2
1432 I4800.AG 0 0 2 2 2
1433 I4803.AG 0 0 1 2 2
1434 I4870.AG 0 0 1 2 2
1435 I4871.AG 0 0 2 2 2
1436 I4872.AG 0 0 2 2 2
1437 I4873.AG 0 0 2 2 2
1438 I4874.AG 0 0 2 2 2
1439 I4875.AG 0 0 2 2 2
1440 I4876.AG 0 0 2 2 2
1441 I4877.AG 0 0 2 2 2
1442 I4878.AG 0 0 1 2 2
1443 I4880.AG 0 0 1 2 2
1444 I4881.AG 0 0 1 2 2
1445 I4882.AG 0 0 1 2 2
1446 I4884.AG 0 0 1 2 2
1447 I4885.AG 0 0 1 2 2
1448 I4886.AG 0 0 1 2 2
1449 I4887.AG 0 0 1 2 2
1450 I4888.AG 0 0 1 2 2
1451 I4889.AG 0 0 1 2 2
1452 I4890.AG 0 0 1 2 NA
1453 I4891.AG 0 0 1 2 2
1454 I4892.AG 0 0 2 2 2
1455 I4893.AG 0 0 1 2 2
1456 I4894.AG 0 0 2 2 2
1457 I4895.AG 0 0 1 2 2
1458 I4896.AG 0 0 2 2 2
1459 I4899.AG 0 0 1 2 NA
1460 I4901.AG 0 0 2 2 2
1461 I4910.AG 0 0 2 2 2
1462 I4914.AG 0 0 1 2 2
1463 I4915.AG 0 0 1 2 2
1464 I4916.AG 0 0 1 2 2
1465 I4917.AG 0 0 2 2 2
1466 I4918.AG 0 0 2 2 2
1467 I4936.AG 0 0 2 2 NA
1468 I4945.AG 0 0 2 2 2
1469 I4946.AG 0 0 2 2 2
1470 I4947.AG 0 0 1 2 NA
1471 I4950.AG 0 0 1 2 2
1472 I4951.AG 0 0 1 2 NA
1473 I4971.AG 0 0 1 2 2
1474 I4972.AG 0 0 2 2 NA
1475 I4996.AG 0 0 1 2 2
1476 I4998.AG 0 0 1 2 NA
1477 I5014.AG 0 0 2 2 2
1478 I4131.AG 0 0 2 2 2
1479 RISE559.AG 0 0 2 2 2
1480 I5019.AG 0 0 2 2 NA
1481 RISE562.AG 0 0 2 2 2
1482 RISE563.AG 0 0 1 2 NA
1483 RISE564.AG 0 0 1 2 NA
1484 I5023.AG 0 0 2 2 NA
1485 RISE566.AG 0 0 1 2 NA
1486 RISE567.AG 0 0 2 2 NA
1487 I5026.AG 0 0 2 2 2
1488 RISE577.AG 0 0 2 2 2
1489 I5037.AG 0 0 1 2 NA
1490 I4152.AG 0 0 1 2 NA
1491 I4141.AG 0 0 1 2 2
1492 RISE586.AG 0 0 2 2 NA
1493 I5068.AG 0 0 1 2 2
1494 I5069.AG 0 0 2 2 2
1495 I5071.AG 0 0 2 2 2
1496 I5072.AG 0 0 1 2 2
1497 I5073.AG 0 0 1 2 2
1498 I5074.AG 0 0 1 2 2
1499 I5076.AG 0 0 2 2 2
1500 I5077.AG 0 0 1 2 2
1501 I5078.AG 0 0 1 2 2
1502 I5079.AG 0 0 2 2 2
1503 I5080.AG 0 0 1 2 2
1504 I5099.AG 0 0 2 2 2
1505 I5100.AG 0 0 2 2 2
1506 I5101.AG 0 0 2 2 2
1507 I5102.AG 0 0 1 2 2
1508 I5104.AG 0 0 1 2 2
1509 I5105.AG 0 0 1 2 2
1510 I5106.AG 0 0 1 2 NA
1511 I5107.AG 0 0 2 2 2
1512 I5108.AG 0 0 2 2 2
1513 I5109.AG 0 0 2 2 2
1514 I5110.AG 0 0 1 2 2
1515 I5114.AG 0 0 2 2 2
1516 I5115.AG 0 0 2 2 2
1517 I5116.AG 0 0 2 2 NA
1518 I5117.AG 0 0 1 2 NA
1519 I5118.AG 0 0 1 2 2
1520 I5119.AG 0 0 2 2 2
1521 I5120.AG 0 0 2 2 NA
1522 I5126.AG 0 0 2 2 2
1523 I5232.AG 0 0 1 2 2
1524 I5233.AG 0 0 2 2 2
1525 I5234.AG 0 0 2 2 2
1526 I5235.AG 0 0 1 2 2
1527 I5236.AG 0 0 1 2 2
1528 I5237.AG 0 0 1 2 2
1529 I5238.AG 0 0 2 2 2
1530 I5239.AG 0 0 2 2 2
1531 I5240.AG 0 0 1 2 2
1532 I5241.AG 0 0 2 2 2
1533 I5242.AG 0 0 2 2 2
1534 I5244.AG 0 0 2 2 2
1535 I5255.AG 0 0 2 2 NA
1536 I5259.AG 0 0 2 2 2
1537 I5269.AG 0 0 1 2 2
1538 I5270.AG 0 0 1 2 2
1539 I5271.AG 0 0 2 2 NA
1540 I5272.AG 0 0 2 2 2
1541 I5273.AG 0 0 1 2 2
1542 I5277.AG 0 0 1 2 2
1543 I5278.AG 0 0 1 2 2
1544 I5279.AG 0 0 1 2 2
1545 I5280.AG 0 0 1 2 2
1546 I5287.AG 0 0 2 2 2
1547 I5288.AG 0 0 1 2 2
1548 I5319.AG 0 0 1 2 2
1549 I5320.AG 0 0 1 2 2
1550 I5321.AG 0 0 2 2 2
1551 I3069.AG 0 0 1 2 2
1552 I3079.AG 0 0 2 2 2
1553 I5454.AG 0 0 1 2 2
1554 I5455.AG 0 0 1 2 2
1555 I5456.AG 0 0 1 2 2
1556 I5457.AG 0 0 1 2 NA
1557 I5471.AG 0 0 2 2 2
1558 I5474.AG 0 0 2 2 NA
1559 I5502.AG 0 0 1 2 0
1560 I5503.AG 0 0 2 2 2
1561 I5506.AG 0 0 2 2 0
1562 I5508.AG 0 0 1 2 0
1563 I5512.AG 0 0 2 2 2
1564 I5513.AG 0 0 1 2 2
1565 I5514.AG 0 0 1 2 2
1566 I5515.AG 0 0 1 2 NA
1567 I5516.AG 0 0 1 2 NA
1568 I5519.AG 0 0 1 2 2
1569 I5520.AG 0 0 2 2 2
1570 I5521.AG 0 0 2 2 2
1571 I5522.AG 0 0 2 2 NA
1572 I5523.AG 0 0 2 2 2
1573 I5524.AG 0 0 2 2 NA
1574 I5525.AG 0 0 2 2 2
1575 I5526.AG 0 0 2 2 NA
1576 I5527.AG 0 0 2 2 NA
1577 I5529.AG 0 0 1 2 2
1578 I5530.AG 0 0 1 2 NA
1579 I5531.AG 0 0 2 2 0
1580 I5663.AG 0 0 1 2 NA
1581 I5684.AG 0 0 2 2 2
1582 I5685.AG 0 0 1 2 2
1583 I5687.AG 0 0 1 2 2
1584 I5723.AG 0 0 1 2 2
1585 I5724.AG 0 0 1 2 2
1586 I5725.AG 0 0 1 2 2
1587 I5726.AG 0 0 2 2 2
1588 I5727.AG 0 0 2 2 2
1589 I5728.AG 0 0 2 2 2
1590 I5729.AG 0 0 1 2 2
1591 I5733.AG 0 0 2 2 2
1592 I5735.AG 0 0 2 2 2
1593 I5740.AG 0 0 2 2 2
1594 I5741.AG 0 0 2 2 NA
1595 I5742.AG 0 0 2 2 2
1596 I5743.AG 0 0 2 2 2
1597 I5748.AG 0 0 1 2 2
1598 I5750.AG 0 0 1 2 2
1599 I5755.AG 0 0 1 2 NA
1600 I5757.AG 0 0 1 2 NA
1601 I5759.AG 0 0 2 2 NA
1602 I5761.AG 0 0 2 2 NA
1603 I5762.AG 0 0 1 2 NA
1604 I5766.AG 0 0 2 2 2
1605 I5769.AG 0 0 2 2 2
1606 I5770.AG 0 0 2 2 NA
1607 I5771.AG 0 0 1 2 NA
1608 I5772.AG 0 0 1 2 NA
1609 I5773.AG 0 0 1 2 NA
1610 I5833.AG 0 0 1 2 2
1611 I5834.AG 0 0 2 2 2
1612 I5835.AG 0 0 1 2 2
1613 I5836.AG 0 0 2 2 2
1614 I5838.AG 0 0 1 2 2
1615 I5868.AG 0 0 1 2 NA
1616 I5869.AG 0 0 1 2 NA
1617 I5870.AG 0 0 1 2 2
1618 I5873.AG 0 0 2 2 NA
1619 I5875.AG 0 0 1 2 2
1620 I5876.AG 0 0 1 2 2
1621 I5879.AG 0 0 1 2 NA
1622 I5882.AG 0 0 2 2 2
1623 I5883.AG 0 0 1 2 2
1624 I5885.AG 0 0 2 2 2
1625 I5889.AG 0 0 2 2 NA
1626 I5890.AG 0 0 1 2 2
1627 I5892.AG 0 0 1 2 NA
1628 mota.AG 0 0 1 2 2
1629 I6048.AG 0 0 2 2 NA
1630 I6101.AG 0 0 2 2 NA
1631 I6102.AG 0 0 2 2 2
1632 I6103.AG 0 0 1 2 2
1633 I6104.AG 0 0 1 2 2
1634 I6105.AG 0 0 2 2 2
1635 I6106.AG 0 0 2 2 2
1636 I6107.AG 0 0 1 2 2
1637 I6108.AG 0 0 2 2 2
1638 I6109.AG 0 0 1 2 2
1639 I6110.AG 0 0 2 2 2
1640 I6117.AG 0 0 2 2 NA
1641 I6118.AG 0 0 1 2 NA
1642 I6119.AG 0 0 1 2 NA
1643 I6120.AG 0 0 1 2 NA
1644 I6122.AG 0 0 1 2 NA
1645 I6124.AG 0 0 2 2 NA
1646 I6125.AG 0 0 2 2 NA
1647 I6126.AG 0 0 2 2 NA
1648 I6127.AG 0 0 1 2 NA
1649 I6174.AG 0 0 2 2 2
1650 I6194.AG 0 0 1 2 2
1651 I6195.AG 0 0 2 2 NA
1652 I6197.AG 0 0 1 2 2
1653 I6198.AG 0 0 2 2 2
1654 I6217.AG 0 0 2 2 NA
1655 I6235.AG 0 0 1 2 2
1656 I6236.AG 0 0 2 2 2
1657 I6292.AG 0 0 2 2 2
1658 I6294.AG 0 0 1 2 2
1659 I6299.AG 0 0 1 2 2
1660 I6300.AG 0 0 2 2 NA
1661 I6301.AG 0 0 2 2 NA
1662 I6302.AG 0 0 1 2 NA
1663 I6303.AG 0 0 2 2 2
1664 I6305.AG 0 0 2 2 NA
1665 I6306.AG 0 0 1 2 NA
1666 I6310.AG 0 0 2 2 NA
1667 I6312.AG 0 0 1 2 NA
1668 I6318.AG 0 0 2 2 NA
1669 I6324.AG 0 0 2 2 NA
1670 I6325.AG 0 0 1 2 2
1671 I6326.AG 0 0 2 2 2
1672 I6327.AG 0 0 1 2 NA
1673 I6328.AG 0 0 1 2 2
1674 I6330.AG 0 0 2 2 NA
1675 I6332.AG 0 0 1 2 2
1676 I6333.AG 0 0 2 2 2
1677 I6334.AG 0 0 1 2 NA
1678 I6336.AG 0 0 1 2 2
1679 I6337.AG 0 0 1 2 2
1680 I6338.AG 0 0 2 2 2
1681 I6340.AG 0 0 1 2 2
1682 I6347.AG 0 0 2 2 2
1683 I6349.AG 0 0 1 2 2
1684 I6351.AG 0 0 2 2 2
1685 I6352.AG 0 0 1 2 2
1686 I6354.AG 0 0 1 2 NA
1687 I6356.AG 0 0 1 2 2
1688 I6357.AG 0 0 2 2 2
1689 I6359.AG 0 0 1 2 2
1690 I6364.AG 0 0 2 2 2
1691 I6365.AG 0 0 1 2 2
1692 I6367.AG 0 0 1 2 2
1693 I6369.AG 0 0 2 2 2
1694 I6388.AG 0 0 1 2 2
1695 I6402.AG 0 0 1 2 2
1696 I6403.AG 0 0 1 2 2
1697 I6406.AG 0 0 1 2 2
1698 I6407.AG 0 0 1 2 2
1699 I6408.AG 0 0 1 2 2
1700 I6412.AG 0 0 1 2 2
1701 I6413.AG 0 0 2 2 2
1702 I6426.AG 0 0 1 2 NA
1703 I6428.AG 0 0 1 2 2
1704 I6429.AG 0 0 1 2 2
1705 I6430.AG 0 0 1 2 2
1706 I6431.AG 0 0 1 2 2
1707 I6432.AG 0 0 2 2 2
1708 I6459.AG 0 0 1 2 2
1709 I6460.AG 0 0 1 2 2
1710 I6461.AG 0 0 1 2 2
1711 I6462.AG 0 0 2 2 2
1712 I6463.AG 0 0 2 2 NA
1713 I6464.AG 0 0 1 2 2
1714 I6472.AG 0 0 1 2 NA
1715 I6490.AG 0 0 2 2 NA
1716 I6491.AG 0 0 1 2 NA
1717 I6492.AG 0 0 1 2 NA
1718 I6545.AG 0 0 2 2 NA
1719 I6546.AG 0 0 2 2 2
1720 I6547.AG 0 0 2 2 0
1721 I6548.AG 0 0 1 2 NA
1722 I6549.AG 0 0 1 2 2
1723 I6550.AG 0 0 1 2 2
1724 I6551.AG 0 0 2 2 2
1725 I6552.AG 0 0 2 2 NA
1726 I6553.AG 0 0 1 2 NA
1727 I6554.AG 0 0 1 2 2
1728 I6555.AG 0 0 1 2 2
1729 I6556.AG 0 0 2 2 2
1730 I6557.AG 0 0 2 2 NA
1731 I6561.AG 0 0 1 2 0
1732 I6564.AG 0 0 2 2 2
1733 I6565.AG 0 0 2 2 NA
1734 I6566.AG 0 0 1 2 2
1735 I6567.AG 0 0 2 2 2
1736 I6569.AG 0 0 1 2 2
1737 I6570.AG 0 0 2 2 2
1738 I6571.AG 0 0 2 2 2
1739 I6572.AG 0 0 2 2 2
1740 I6573.AG 0 0 2 2 2
1741 I6574.AG 0 0 2 2 2
1742 I6609.AG 0 0 2 2 2
1743 I6622.AG 0 0 1 2 NA
1744 I6661.AG 0 0 2 2 NA
1745 I6662.AG 0 0 2 2 NA
1746 I6663.AG 0 0 1 2 NA
1747 I6667.AG 0 0 2 2 2
1748 I6668.AG 0 0 2 2 2
1749 I6669.AG 0 0 2 2 2
1750 I6670.AG 0 0 1 2 NA
1751 I6671.AG 0 0 2 2 2
1752 I6674.AG 0 0 2 2 2
1753 I6675.AG 0 0 1 2 2
1754 I6677.AG 0 0 1 2 2
1755 I6679.AG 0 0 1 2 NA
1756 I6680.AG 0 0 1 2 2
1757 I6695.AG 0 0 2 2 2
1758 I6696.AG 0 0 1 2 2
1759 I6699.AG 0 0 1 2 NA
1760 I6703.AG 0 0 1 2 2
1761 I6707.AG 0 0 2 2 2
1762 I6708.AG 0 0 1 2 2
1763 I6709.AG 0 0 2 2 NA
1764 I6711.AG 0 0 1 2 2
1765 I6712.AG 0 0 1 2 2
1766 I6713.AG 0 0 2 2 2
1767 I6714.AG 0 0 1 2 2
1768 I6715.AG 0 0 2 2 2
1769 I6716.AG 0 0 2 2 2
1770 I6717.AG 0 0 1 2 2
1771 I6718.AG 0 0 1 2 2
1772 I6727.AG 0 0 1 2 2
1773 I6728.AG 0 0 1 2 2
1774 I6731.AG 0 0 1 2 2
1775 I6733.AG 0 0 1 2 2
1776 I6734.AG 0 0 2 2 2
1777 I6735.AG 0 0 1 2 2
1778 I6736.AG 0 0 1 2 2
1779 I6737.AG 0 0 1 2 2
1780 I6738.AG 0 0 1 2 2
1781 I6739.AG 0 0 1 2 2
1782 I6740.AG 0 0 1 2 2
1783 I3004.AG 0 0 1 2 NA
1784 I3006.AG 0 0 2 2 NA
1785 I3010.AG 0 0 2 2 2
1786 I3013.AG 0 0 1 2 2
1787 I6748.AG 0 0 1 2 NA
1788 I3024.AG 0 0 1 2 2
1789 I3074.AG 0 0 2 2 2
1790 I3057.AG 0 0 1 2 2
1791 I3032.AG 0 0 1 2 2
1792 I3059.AG 0 0 1 2 2
1793 I3060.AG 0 0 1 2 2
1794 I6760.AG 0 0 1 2 2
1795 I3038.AG 0 0 2 2 NA
1796 I3064.AG 0 0 1 2 2
1797 I6764.AG 0 0 2 2 2
1798 I6766.AG 0 0 2 2 2
1799 I6769.AG 0 0 1 2 2
1800 I6771.AG 0 0 2 2 2
1801 I6774.AG 0 0 1 2 2
1802 I6775.AG 0 0 1 2 2
1803 I6776.AG 0 0 1 2 NA
1804 I6777.AG 0 0 1 2 2
1805 I6778.AG 0 0 2 2 2
1806 I6787.AG 0 0 1 2 2
1807 I6788.AG 0 0 2 2 NA
1808 I6789.AG 0 0 1 2 2
1809 I6790.AG 0 0 2 2 2
1810 I6791.AG 0 0 2 2 0
1811 I6792.AG 0 0 2 2 2
1812 I6793.AG 0 0 1 2 2
1813 I6794.AG 0 0 1 2 2
1814 I6795.AG 0 0 2 2 2
1815 I6796.AG 0 0 2 2 2
1816 I6797.AG 0 0 2 2 2
1817 I6799.AG 0 0 1 2 2
1818 I6800.AG 0 0 2 2 2
1819 I6826.AG 0 0 1 2 2
1820 I6827.AG 0 0 1 2 2
1821 I6828.AG 0 0 1 2 2
1822 I6829.AG 0 0 2 2 NA
1823 I6830.AG 0 0 1 2 NA
1824 I6831.AG 0 0 1 2 2
1825 I6833.AG 0 0 1 2 2
1826 I6834.AG 0 0 1 2 2
1827 I6835.AG 0 0 2 2 NA
1828 I6836.AG 0 0 2 2 NA
1829 I6837.AG 0 0 1 2 NA
1830 I6839.AG 0 0 2 2 2
1831 I6846.AG 0 0 1 2 NA
1832 I6847.AG 0 0 2 2 2
1833 I6848.AG 0 0 1 2 2
1834 I6882_d.AG 0 0 1 2 NA
1835 I6888.AG 0 0 2 2 2
1836 I6889.AG 0 0 1 2 2
1837 I6890.AG 0 0 2 2 2
1838 I6891.AG 0 0 1 2 2
1839 I6893.AG 0 0 2 2 2
1840 I6894.AG 0 0 2 2 2
1841 I6896.AG 0 0 2 2 2
1842 I6897.AG 0 0 2 2 2
1843 I6899.AG 0 0 1 2 2
1844 I6900.AG 0 0 1 2 2
1845 I6901.AG 0 0 2 2 2
1846 I6905.AG 0 0 2 2 NA
1847 I6913.AG 0 0 1 2 NA
1848 I6916.AG 0 0 2 2 2
1849 I6918.AG 0 0 1 2 2
1850 I6919.AG 0 0 2 2 2
1851 I6920.AG 0 0 1 2 NA
1852 I6922.AG 0 0 2 2 NA
1853 I6923.AG 0 0 1 2 NA
1854 I6924.AG 0 0 1 2 NA
1855 I6925.AG 0 0 2 2 NA
1856 I6928.AG 0 0 1 2 NA
1857 I6932.AG 0 0 1 2 NA
1858 I6934.AG 0 0 2 2 2
1859 I6935.AG 0 0 2 2 2
1860 I6936.AG 0 0 1 2 2
1861 I6937.AG 0 0 2 2 2
1862 I6938.AG 0 0 2 2 NA
1863 I6939.AG 0 0 1 2 2
1864 I6940.AG 0 0 1 2 NA
1865 I6941.AG 0 0 1 2 NA
1866 I6942.AG 0 0 1 2 2
1867 I6943.AG 0 0 1 2 NA
1868 I6944.AG 0 0 2 2 NA
1869 I6945.AG 0 0 2 2 NA
1870 I6946.AG 0 0 1 2 2
1871 I6947.AG 0 0 1 2 NA
1872 I6950.AG 0 0 1 2 NA
1873 I6951.AG 0 0 1 2 NA
1874 I6958.AG 0 0 1 2 2
1875 I6959.AG 0 0 2 2 2
1876 I6962.AG 0 0 2 2 2
1877 I6963.AG 0 0 1 2 2
1878 I6964.AG 0 0 1 2 NA
1879 I6999.AG 0 0 1 2 2
1880 I7002.AG 0 0 2 2 NA
1881 I7003.AG 0 0 1 2 NA
1882 I7012.AG 0 0 1 2 NA
1883 I7014.AG 0 0 2 2 NA
1884 I7015.AG 0 0 2 2 2
1885 I7021.AG 0 0 1 2 2
1886 I7022.AG 0 0 1 2 2
1887 I7023.AG 0 0 2 2 2
1888 I7024.AG 0 0 1 2 2
1889 I7026.AG 0 0 1 2 NA
1890 I7028.AG 0 0 2 2 NA
1891 CHN003.AG 0 0 1 2 2
1892 I7030.AG 0 0 1 2 2
1893 I7032.AG 0 0 2 2 2
1894 I7033.AG 0 0 1 2 2
1895 I7035.AG 0 0 2 2 2
1896 I7036.AG 0 0 1 2 2
1897 I7039.AG 0 0 1 2 2
1898 I7040.AG 0 0 2 2 2
1899 I7041.AG 0 0 1 2 2
1900 I7042.AG 0 0 1 2 2
1901 I7043.AG 0 0 1 2 2
1902 I7044.AG 0 0 1 2 2
1903 I7045.AG 0 0 2 2 2
1904 I7046.AG 0 0 2 2 2
1905 I7048.AG 0 0 2 2 2
1906 I7049.AG 0 0 2 2 2
1907 I7051.AG 0 0 2 2 2
1908 I7060.AG 0 0 2 2 2
1909 I7086.AG 0 0 2 2 NA
1910 I1349.AG 0 0 2 2 NA
1911 I7090.AG 0 0 1 2 NA
1912 I7101.AG 0 0 1 2 NA
1913 I7102.AG 0 0 2 2 NA
1914 I7111.AG 0 0 1 2 2
1915 I7112.AG 0 0 2 2 2
1916 I7113.AG 0 0 2 2 2
1917 I7126.AG 0 0 1 2 2
1918 I7127.AG 0 0 1 2 2
1919 I7128.AG 0 0 2 2 2
1920 I7129.AG 0 0 2 2 2
1921 I7130.AG 0 0 2 2 2
1922 I7131.AG 0 0 2 2 2
1923 I7132.AG 0 0 2 2 2
1924 I7133.AG 0 0 2 2 2
1925 I7134.AG 0 0 1 2 2
1926 I7135.AG 0 0 1 2 2
1927 I7136.AG 0 0 1 2 2
1928 I7137.AG 0 0 1 2 2
1929 I7152.AG 0 0 2 2 NA
1930 I7158.AG 0 0 1 2 NA
1931 I7160.AG 0 0 2 2 NA
1932 I7170.AG 0 0 1 2 NA
1933 I7171.AG 0 0 2 2 NA
1934 I7173.AG 0 0 0 2 NA
1935 I7177.AG 0 0 2 2 NA
1936 I7179.AG 0 0 1 2 NA
1937 I7180.AG 0 0 2 2 NA
1938 I7182.AG 0 0 1 2 2
1939 I7184.AG 0 0 2 2 NA
1940 I7186.AG 0 0 2 2 2
1941 I7187.AG 0 0 1 2 2
1942 I7188.AG 0 0 2 2 2
1943 I7189.AG 0 0 2 2 2
1944 I7191.AG 0 0 2 2 2
1945 I7192.AG 0 0 1 2 2
1946 I7193.AG 0 0 2 2 2
1947 I7194.AG 0 0 2 2 2
1948 I7195.AG 0 0 2 2 2
1949 I7196.AG 0 0 1 2 2
1950 I7197.AG 0 0 1 2 2
1951 I7198.AG 0 0 2 2 2
1952 I7199.AG 0 0 1 2 2
1953 I7200.AG 0 0 2 2 2
1954 I7201.AG 0 0 2 2 0
1955 I7202.AG 0 0 1 2 2
1956 I7203.AG 0 0 1 2 2
1957 I7205.AG 0 0 1 2 2
1958 I7207.AG 0 0 1 2 2
1959 I7208.AG 0 0 1 2 2
1960 I7209.AG 0 0 1 2 2
1961 I7210.AG 0 0 1 2 2
1962 I7211.AG 0 0 2 2 2
1963 I7212.AG 0 0 1 2 2
1964 I7213.AG 0 0 2 2 2
1965 I7214.AG 0 0 2 2 2
1966 I7217.AG 0 0 1 2 2
1967 I7218.AG 0 0 1 2 2
1968 I7219.AG 0 0 1 2 2
1969 I7221.AG 0 0 1 2 2
1970 I7223.AG 0 0 1 2 2
1971 I7224.AG 0 0 1 2 2
1972 I7225.AG 0 0 1 2 2
1973 I7231.AG 0 0 1 2 2
1974 I7233.AG 0 0 2 2 2
1975 I7249.AG 0 0 1 2 2
1976 I7250.AG 0 0 2 2 NA
1977 I7251.AG 0 0 1 2 2
1978 I7258.AG 0 0 0 2 NA
1979 I7261.AG 0 0 1 2 2
1980 I7263.AG 0 0 2 2 NA
1981 I7265.AG 0 0 1 2 2
1982 I7267.AG 0 0 2 2 NA
1983 I7269.AG 0 0 1 2 2
1984 I7270.AG 0 0 2 2 NA
1985 I7271.AG 0 0 1 2 2
1986 I7272.AG 0 0 1 2 2
1987 I7275.AG 0 0 1 2 2
1988 I7276.AG 0 0 1 2 2
1989 I7278.AG 0 0 1 2 2
1990 I7279.AG 0 0 1 2 2
1991 I7280.AG 0 0 1 2 2
1992 I7281.AG 0 0 2 2 2
1993 I7282.AG 0 0 1 2 2
1994 I7283.AG 0 0 2 2 2
1995 I7286.AG 0 0 1 2 2
1996 I7287.AG 0 0 1 2 2
1997 I7288.AG 0 0 1 2 NA
1998 I7289.AG 0 0 1 2 2
1999 I7290.AG 0 0 2 2 2
2000 I7331.AG 0 0 1 2 2
2001 I7333.AG 0 0 2 2 2
2002 I7335.AG 0 0 1 2 2
2003 NEO243.AG 0 0 1 2 2
2004 I7338.AG 0 0 1 2 2
2005 I7339.AG 0 0 1 2 2
2006 I7340.AG 0 0 1 2 2
2007 I7344.AG 0 0 2 2 2
2008 I7347.AG 0 0 2 2 2
2009 NEO250.AG 0 0 1 2 2
2010 I7349.AG 0 0 2 2 2
2011 NIK007.AG 0 0 2 2 NA
2012 TIM008.AG 0 0 1 2 2
2013 TIM005.AG 0 0 2 2 2
2014 I7398.AG 0 0 1 2 NA
2015 I7399.AG 0 0 2 2 2
2016 I7411.AG 0 0 2 2 2
2017 I7412.AG 0 0 2 2 2
2018 I7414.AG 0 0 2 2 2
2019 I7416.AG 0 0 2 2 2
2020 I7419.AG 0 0 1 2 2
2021 I7420.AG 0 0 1 2 2
2022 I7421.AG 0 0 1 2 2
2023 I7423.AG 0 0 1 2 NA
2024 I7424.AG 0 0 2 2 2
2025 I7425.AG 0 0 2 2 2
2026 I7426.AG 0 0 1 2 NA
2027 I7454.AG 0 0 2 2 2
2028 I7457.AG 0 0 1 2 2
2029 I7458.AG 0 0 2 2 NA
2030 I7479.AG 0 0 2 2 2
2031 I7480.AG 0 0 2 2 2
2032 I7483.AG 0 0 1 2 2
2033 I7484.AG 0 0 2 2 2
2034 I7486.AG 0 0 1 2 2
2035 I7487.AG 0 0 1 2 2
2036 I7488.AG 0 0 1 2 2
2037 I7489.AG 0 0 2 2 2
2038 I7490.AG 0 0 2 2 2
2039 I7492.AG 0 0 1 2 2
2040 I7493.AG 0 0 1 2 2
2041 I7494.AG 0 0 1 2 2
2042 I7495.AG 0 0 2 2 2
2043 I7497.AG 0 0 2 2 0
2044 I7498.AG 0 0 1 2 2
2045 I7499.AG 0 0 2 2 2
2046 I7500.AG 0 0 1 2 NA
2047 I7526.AG 0 0 2 2 NA
2048 I7538.AG 0 0 2 2 NA
2049 I7542.AG 0 0 2 2 2
2050 I7544.AG 0 0 2 2 2
2051 I7547.AG 0 0 2 2 NA
2052 I7549.AG 0 0 2 2 NA
2053 I7550.AG 0 0 2 2 2
2054 I7554.AG 0 0 1 2 2
2055 I7568.AG 0 0 2 2 2
2056 I7569.AG 0 0 2 2 NA
2057 I7570.AG 0 0 1 2 2
2058 I7571.AG 0 0 1 2 2
2059 I7572.AG 0 0 1 2 2
2060 I7573.AG 0 0 2 2 2
2061 I7574.AG 0 0 2 2 2
2062 I7575.AG 0 0 1 2 2
2063 I7576.AG 0 0 1 2 2
2064 I7577.AG 0 0 1 2 2
2065 I7578.AG 0 0 2 2 2
2066 I7579.AG 0 0 2 2 2
2067 I7580.AG 0 0 2 2 2
2068 I7584.AG 0 0 2 2 2
2069 I7585.AG 0 0 2 2 NA
2070 I7587.AG 0 0 1 2 NA
2071 I7588.AG 0 0 0 2 NA
2072 I7594.AG 0 0 2 2 NA
2073 I7595.AG 0 0 2 2 NA
2074 I7597.AG 0 0 0 2 NA
2075 I7598.AG 0 0 1 2 NA
2076 I7600.AG 0 0 2 2 2
2077 I7601.AG 0 0 1 2 NA
2078 I7602.AG 0 0 1 2 2
2079 I7603.AG 0 0 1 2 2
2080 I7604.AG 0 0 1 2 2
2081 I7605.AG 0 0 1 2 NA
2082 I7606.AG 0 0 1 2 2
2083 I7615.AG 0 0 1 2 NA
2084 I7621.AG 0 0 2 2 2
2085 I7626.AG 0 0 2 2 0
2086 I7627.AG 0 0 2 2 2
2087 I7628.AG 0 0 1 2 NA
2088 I7630.AG 0 0 1 2 NA
2089 I7632.AG 0 0 1 2 2
2090 I7635.AG 0 0 2 2 2
2091 I7638.AG 0 0 1 2 2
2092 I7639.AG 0 0 2 2 2
2093 I7640.AG 0 0 1 2 2
2094 I7642.AG 0 0 1 2 2
2095 I7643.AG 0 0 1 2 NA
2096 I7644.AG 0 0 1 2 2
2097 I7645.AG 0 0 1 2 NA
2098 I7646.AG 0 0 2 2 2
2099 I7647.AG 0 0 1 2 NA
2100 I7650.AG 0 0 1 2 NA
2101 I7670.AG 0 0 1 2 2
2102 I7671.AG 0 0 1 2 2
2103 I7672.AG 0 0 1 2 NA
2104 I7673.AG 0 0 2 2 NA
2105 I7674.AG 0 0 2 2 NA
2106 I7675.AG 0 0 1 2 NA
2107 I7676.AG 0 0 2 2 NA
2108 I7677.AG 0 0 1 2 2
2109 I7679.AG 0 0 2 2 NA
2110 I7687.AG 0 0 1 2 NA
2111 I7688.AG 0 0 2 2 NA
2112 I7689.AG 0 0 2 2 NA
2113 I7691.AG 0 0 1 2 NA
2114 I7692.AG 0 0 2 2 NA
2115 I7712.AG 0 0 1 2 NA
2116 I7714.AG 0 0 2 2 2
2117 I7715.AG 0 0 1 2 0
2118 I7716.AG 0 0 1 2 2
2119 I7717.AG 0 0 2 2 2
2120 I7718.AG 0 0 1 2 2
2121 I7719.AG 0 0 2 2 2
2122 I7720.AG 0 0 2 2 2
2123 I7721.AG 0 0 1 2 2
2124 I7722.AG 0 0 1 2 2
2125 I7723.AG 0 0 2 2 0
2126 I7759.AG 0 0 1 2 2
2127 I7760.AG 0 0 0 2 2
2128 I7762.AG 0 0 1 2 NA
2129 I7763.AG 0 0 1 2 NA
2130 I7779.AG 0 0 1 2 2
2131 I7781.AG 0 0 2 2 NA
2132 I7782.AG 0 0 2 2 2
2133 I7796.AG 0 0 1 2 2
2134 I7800.AG 0 0 2 2 NA
2135 I7807.AG 0 0 2 2 NA
2136 I7833.AG 0 0 1 2 2
2137 I7862_d.AG 0 0 0 2 NA
2138 NIK001.AG 0 0 1 2 2
2139 I7867.AG 0 0 1 2 NA
2140 I7868.AG 0 0 1 2 NA
2141 I7869.AG 0 0 2 2 2
2142 I7889.AG 0 0 1 2 NA
2143 I7890.AG 0 0 1 2 2
2144 I7891.AG 0 0 1 2 2
2145 I7892.AG 0 0 2 2 NA
2146 I7893.AG 0 0 2 2 2
2147 I7894.AG 0 0 1 2 2
2148 I7895.AG 0 0 1 2 NA
2149 I7896.AG 0 0 2 2 2
2150 I7920.AG 0 0 1 2 2
2151 I7921.AG 0 0 2 2 NA
2152 I7934.AG 0 0 2 2 2
2153 I7939.AG 0 0 1 2 NA
2154 I7941.AG 0 0 1 2 NA
2155 I7942.AG 0 0 1 2 2
2156 I7943.AG 0 0 2 2 NA
2157 I7944.AG 0 0 1 2 2
2158 I7949.AG 0 0 1 2 2
2159 I7950.AG 0 0 2 2 2
2160 I7951.AG 0 0 2 2 2
2161 I7952.AG 0 0 1 2 2
2162 I7953.AG 0 0 2 2 2
2163 I7958.AG 0 0 2 2 2
2164 I7959.AG 0 0 1 2 2
2165 I7960.AG 0 0 1 2 2
2166 I7962.AG 0 0 1 2 2
2167 I7963.AG 0 0 1 2 2
2168 I7965.AG 0 0 1 2 2
2169 I7966.AG 0 0 2 2 2
2170 I7967.AG 0 0 2 2 2
2171 I7968.AG 0 0 2 2 2
2172 I7969.AG 0 0 1 2 2
2173 I7970.AG 0 0 1 2 2
2174 I7971.AG 0 0 2 2 2
2175 I7973.AG 0 0 1 2 2
2176 I7974.AG 0 0 2 2 2
2177 I7976.AG 0 0 2 2 2
2178 I7983.AG 0 0 1 2 2
2179 I7987.AG 0 0 1 2 2
2180 I8019.AG 0 0 2 2 2
2181 I8025.AG 0 0 2 2 NA
2182 I8038.AG 0 0 1 2 NA
2183 I8039.AG 0 0 2 2 NA
2184 I8041.AG 0 0 1 2 NA
2185 I8045.AG 0 0 2 2 NA
2186 I8048.AG 0 0 1 2 NA
2187 I8055.AG 0 0 1 2 2
2188 I8071.AG 0 0 2 2 NA
2189 I8074.AG 0 0 2 2 NA
2190 I8075.AG 0 0 2 2 2
2191 I8076.AG 0 0 1 2 2
2192 I8078.AG 0 0 1 2 NA
2193 I8079.AG 0 0 2 2 NA
2194 I8080.AG 0 0 1 2 2
2195 I8081.AG 0 0 1 2 2
2196 I8086.AG 0 0 1 2 2
2197 I8087.AG 0 0 1 2 2
2198 I8088.AG 0 0 1 2 0
2199 I8089.AG 0 0 2 2 2
2200 I8090_d.AG 0 0 1 2 NA
2201 I8091.AG 0 0 2 2 0
2202 I8092.AG 0 0 1 2 2
2203 I8104.AG 0 0 2 2 NA
2204 I8105.AG 0 0 1 2 2
2205 I8109.AG 0 0 2 2 NA
2206 I8112.AG 0 0 1 2 2
2207 I8113.AG 0 0 2 2 NA
2208 I8116.AG 0 0 1 2 2
2209 I8117.AG 0 0 2 2 2
2210 I8118.AG 0 0 1 2 2
2211 I8121.AG 0 0 2 2 NA
2212 I8122.AG 0 0 2 2 NA
2213 I8130.AG 0 0 1 2 NA
2214 I8131.AG 0 0 2 2 2
2215 I8132.AG 0 0 2 2 NA
2216 I8135.AG 0 0 2 2 2
2217 I8136.AG 0 0 2 2 2
2218 I8141.AG 0 0 2 2 NA
2219 I8144.AG 0 0 2 2 NA
2220 I8145.AG 0 0 1 2 NA
2221 I8146.AG 0 0 2 2 NA
2222 I8147.AG 0 0 2 2 NA
2223 I8148.AG 0 0 1 2 NA
2224 I8149.AG 0 0 2 2 NA
2225 I8150.AG 0 0 2 2 NA
2226 I8153.AG 0 0 1 2 NA
2227 I8154.AG 0 0 2 2 2
2228 I8156.AG 0 0 1 2 NA
2229 I8157.AG 0 0 1 2 NA
2230 I8158.AG 0 0 1 2 NA
2231 I8187.AG 0 0 1 2 2
2232 I8188.AG 0 0 1 2 NA
2233 I1796.AG 0 0 2 2 2
2234 I8193.AG 0 0 2 2 2
2235 I8194.AG 0 0 1 2 2
2236 I8197.AG 0 0 2 2 2
2237 I8198.AG 0 0 2 2 2
2238 I8199.AG 0 0 1 2 2
2239 I8202.AG 0 0 1 2 2
2240 I8203.AG 0 0 2 2 NA
2241 I8204.AG 0 0 2 2 NA
2242 I8205.AG 0 0 1 2 NA
2243 I8206.AG 0 0 1 2 2
2244 I8208.AG 0 0 1 2 2
2245 I8209.AG 0 0 1 2 2
2246 I8210.AG 0 0 1 2 NA
2247 I8211.AG 0 0 1 2 NA
2248 I8212.AG 0 0 1 2 NA
2249 I8213.AG 0 0 2 2 NA
2250 I8214.AG 0 0 2 2 2
2251 I8215.AG 0 0 2 2 2
2252 I8216.AG 0 0 1 2 NA
2253 I8218.AG 0 0 2 2 2
2254 I8219.AG 0 0 2 2 2
2255 I8220.AG 0 0 1 2 2
2256 I8235.AG 0 0 1 2 2
2257 I8236.AG 0 0 2 2 2
2258 I8237.AG 0 0 1 2 2
2259 I8238.AG 0 0 1 2 2
2260 I8239.AG 0 0 1 2 2
2261 I8240.AG 0 0 2 2 2
2262 I8241.AG 0 0 1 2 2
2263 I8242.AG 0 0 2 2 NA
2264 I8243.AG 0 0 1 2 2
2265 I8245.AG 0 0 1 2 2
2266 I8246.AG 0 0 1 2 NA
2267 I8280.AG 0 0 2 2 2
2268 I8283.AG 0 0 1 2 2
2269 I8284.AG 0 0 2 2 2
2270 I8285.AG 0 0 1 2 2
2271 I8288.AG 0 0 1 2 2
2272 I8289.AG 0 0 2 2 2
2273 I8290.AG 0 0 2 2 2
2274 I8291.AG 0 0 1 2 2
2275 I8292.AG 0 0 2 2 2
2276 I8294.AG 0 0 2 2 NA
2277 I8295.AG 0 0 2 2 2
2278 I8296.AG 0 0 2 2 2
2279 I8298.AG 0 0 2 2 NA
2280 I8338.AG 0 0 2 2 NA
2281 I8339.AG 0 0 2 2 2
2282 I8340.AG 0 0 2 2 NA
2283 I8341.AG 0 0 1 2 NA
2284 I8343.AG 0 0 1 2 2
2285 I8344.AG 0 0 1 2 NA
2286 I8348.AG 0 0 2 2 NA
2287 I8349.AG 0 0 2 2 2
2288 I8350.AG 0 0 1 2 NA
2289 I8363.AG 0 0 1 2 2
2290 I8364.AG 0 0 1 2 2
2291 I8365.AG 0 0 1 2 2
2292 I8366.AG 0 0 1 2 2
2293 I8367.AG 0 0 1 2 2
2294 I8371.AG 0 0 2 2 2
2295 I8372.AG 0 0 2 2 2
2296 NEO193.AG 0 0 1 2 NA
2297 I8407.AG 0 0 2 2 2
2298 NEO183.AG 0 0 1 2 2
2299 I8409.AG 0 0 1 2 2
2300 NEO186.AG 0 0 1 2 2
2301 I8412.AG 0 0 2 2 NA
2302 NEO192.AG 0 0 2 2 2
2303 NEO195.AG 0 0 1 2 NA
2304 NEO184.AG 0 0 2 2 2
2305 NEO181.AG 0 0 1 2 2
2306 NEO187.AG 0 0 2 2 2
2307 I8429.AG 0 0 2 2 NA
2308 I8437.AG 0 0 2 2 2
2309 I8438.AG 0 0 1 2 2
2310 I8439.AG 0 0 2 2 2
2311 I8446.AG 0 0 1 2 2
2312 I8447.AG 0 0 2 2 2
2313 I8448.AG 0 0 1 2 2
2314 I8449.AG 0 0 1 2 2
2315 I8450.AG 0 0 1 2 2
2316 I8452.AG 0 0 2 2 2
2317 I8453.AG 0 0 2 2 2
2318 I8454.AG 0 0 2 2 2
2319 I8455.AG 0 0 1 2 2
2320 I8456.AG 0 0 1 2 2
2321 I8457.AG 0 0 1 2 2
2322 I8471.AG 0 0 1 2 NA
2323 I8474.AG 0 0 2 2 NA
2324 I8475.AG 0 0 2 2 0
2325 I8477.AG 0 0 2 2 NA
2326 I8502.AG 0 0 2 2 2
2327 I8503.AG 0 0 2 2 NA
2328 I8504.AG 0 0 1 2 2
2329 I8505.AG 0 0 1 2 NA
2330 I8506.AG 0 0 1 2 2
2331 I8507.AG 0 0 1 2 2
2332 I8508.AG 0 0 0 2 NA
2333 I8510.AG 0 0 2 2 2
2334 I8524.AG 0 0 1 2 NA
2335 I8525.AG 0 0 0 2 NA
2336 I8526.AG 0 0 1 2 NA
2337 I8527.AG 0 0 1 2 NA
2338 I8528.AG 0 0 2 2 NA
2339 I8529.AG 0 0 1 2 NA
2340 I8530.AG 0 0 2 2 NA
2341 I8531.AG 0 0 2 2 NA
2342 I8532.AG 0 0 2 2 2
2343 I8534.AG 0 0 2 2 NA
2344 I8535.AG 0 0 1 2 2
2345 I8547.AG 0 0 2 2 2
2346 I8548.AG 0 0 1 2 2
2347 I8549.AG 0 0 1 2 2
2348 I8550.AG 0 0 2 2 2
2349 I8554.AG 0 0 1 2 NA
2350 I8555.AG 0 0 2 2 2
2351 I8556.AG 0 0 2 2 NA
2352 I8557.AG 0 0 2 2 2
2353 I8558.AG 0 0 1 2 2
2354 I8559.AG 0 0 1 2 2
2355 I8561.AG 0 0 1 2 2
2356 I8566.AG 0 0 2 2 NA
2357 I8567.AG 0 0 1 2 NA
2358 I8568.AG 0 0 2 2 2
2359 I8569.AG 0 0 1 2 NA
2360 I8570.AG 0 0 1 2 NA
2361 I8571.AG 0 0 1 2 NA
2362 I8575.AG 0 0 1 2 2
2363 I8576.AG 0 0 1 2 2
2364 I8577.AG 0 0 2 2 2
2365 I8578.AG 0 0 2 2 2
2366 I8724.AG 0 0 1 2 NA
2367 I8725.AG 0 0 1 2 2
2368 I8726.AG 0 0 1 2 2
2369 I8738.AG 0 0 1 2 NA
2370 I8745.AG 0 0 1 2 2
2371 I8758.AG 0 0 1 2 2
2372 I8793.AG 0 0 1 2 2
2373 I8794.AG 0 0 1 2 2
2374 I8795.AG 0 0 1 2 2
2375 I8796.AG 0 0 2 2 2
2376 I8797.AG 0 0 1 2 2
2377 I8798.AG 0 0 2 2 2
2378 I8799.AG 0 0 1 2 2
2379 I8802.AG 0 0 1 2 2
2380 I8804.AG 0 0 1 2 NA
2381 I8805.AG 0 0 2 2 2
2382 I8808.AG 0 0 1 2 2
2383 I8809.AG 0 0 1 2 2
2384 I8814.AG 0 0 2 2 2
2385 I8816.AG 0 0 1 2 2
2386 I8820.AG 0 0 2 2 NA
2387 I8830.AG 0 0 1 2 NA
2388 I8874.AG 0 0 1 2 2
2389 I8892.AG 0 0 1 2 NA
2390 I8918.AG 0 0 1 2 2
2391 I8919.AG 0 0 1 2 2
2392 I8920.AG 0 0 1 2 2
2393 I8922.AG 0 0 1 2 2
2394 I8949.AG 0 0 1 2 2
2395 I8970.AG 0 0 1 2 NA
2396 I8974.AG 0 0 2 2 NA
2397 I8977.AG 0 0 1 2 NA
2398 I8978.AG 0 0 2 2 NA
2399 I8997.AG 0 0 1 2 2
2400 I8998.AG 0 0 1 2 2
2401 I8999.AG 0 0 2 2 2
2402 I9058.AG 0 0 2 2 NA
2403 I0589.SG 0 0 2 2 NA
2404 I1048.SG 0 0 2 2 NA
2405 I2966.SG 0 0 1 2 2
2406 I2967.SG 0 0 2 2 NA
2407 Sope.SG 0 0 2 2 2
2408 Ardu1.SG 0 0 1 2 NA
2409 I0011.AG 0 0 2 2 2
2410 I0012.AG 0 0 1 2 2
2411 I0013.AG 0 0 1 2 2
2412 I0014.AG 0 0 2 2 2
2413 I0015.AG 0 0 1 2 2
2414 I0017.AG 0 0 1 2 2
2415 I0022.AG 0 0 2 2 2
2416 I0026.AG 0 0 2 2 2
2417 I0039.AG 0 0 1 2 2
2418 I0040.AG 0 0 1 2 2
2419 I0041.AG 0 0 2 2 2
2420 I0045.AG 0 0 1 2 NA
2421 I0049.AG 0 0 2 2 NA
2422 I0059.AG 0 0 2 2 2
2423 I0060.AG 0 0 2 2 NA
2424 I0061.AG 0 0 1 2 2
2425 I0106.AG 0 0 2 2 NA
2426 I0108.AG 0 0 2 2 2
2427 I0111.AG 0 0 2 2 2
2428 I0112.AG 0 0 2 2 2
2429 I0113.AG 0 0 2 2 NA
2430 I0114.AG 0 0 1 2 2
2431 I0115.AG 0 0 2 2 2
2432 I0117.AG 0 0 2 2 2
2433 I0124.AG 0 0 1 2 2
2434 I0126.AG 0 0 1 2 NA
2435 I0157.AG 0 0 2 2 0
2436 I0159.AG 0 0 2 2 2
2437 I0161.AG 0 0 2 2 0
2438 I0164.AG 0 0 2 2 0
2439 I0171.AG 0 0 2 2 2
2440 I0174.AG 0 0 1 2 NA
2441 I0176.AG 0 0 2 2 NA
2442 I0233.AG 0 0 1 2 NA
2443 I0234.AG 0 0 2 2 2
2444 I0235.AG 0 0 2 2 NA
2445 I0237.AG 0 0 1 2 2
2446 I0238.AG 0 0 1 2 NA
2447 I0257.AG 0 0 1 2 NA
2448 I0258.AG 0 0 2 2 NA
2449 I0260.AG 0 0 2 2 NA
2450 I0261.AG 0 0 1 2 NA
2451 I0262.AG 0 0 2 2 NA
2452 I0263.AG 0 0 2 2 2
2453 I0309.AG 0 0 1 2 2
2454 I0357.AG 0 0 2 2 2
2455 I0370.AG 0 0 1 2 2
2456 I0405.AG 0 0 1 2 2
2457 I0407.AG 0 0 2 2 2
2458 I0411.AG 0 0 1 2 NA
2459 I0426.AG 0 0 2 2 NA
2460 I0429.AG 0 0 1 2 2
2461 I0432.AG 0 0 1 2 NA
2462 I0433.AG 0 0 1 2 NA
2463 I0434.AG 0 0 1 2 NA
2464 I0439.AG 0 0 1 2 NA
2465 I0442.AG 0 0 2 2 NA
2466 I0444.AG 0 0 1 2 2
2467 I0449.AG 0 0 1 2 2
2468 I0455.AG 0 0 1 2 NA
2469 I0456.AG 0 0 2 2 NA
2470 I0457.AG 0 0 1 2 NA
2471 I0458.AG 0 0 1 2 NA
2472 I0459.AG 0 0 2 2 2
2473 I0460.AG 0 0 1 2 NA
2474 I0461.AG 0 0 2 2 2
2475 I0462.AG 0 0 2 2 NA
2476 I0507.AG 0 0 1 2 2
2477 I0531.AG 0 0 2 2 0
2478 I0550.AG 0 0 2 2 NA
2479 I0551.AG 0 0 1 2 NA
2480 I0559.AG 0 0 1 2 NA
2481 I0560.AG 0 0 2 2 2
2482 I0562.AG 0 0 2 2 2
2483 I0563.AG 0 0 1 2 NA
2484 I0574.AG 0 0 2 2 NA
2485 I0575.AG 0 0 1 2 2
2486 I0576.AG 0 0 2 2 NA
2487 I0633.AG 0 0 1 2 2
2488 I0634.AG 0 0 1 2 2
2489 I0644.AG 0 0 2 2 NA
2490 I0676.AG 0 0 1 2 2
2491 I0707.AG 0 0 2 2 2
2492 I0708.AG 0 0 1 2 2
2493 I0709.AG 0 0 1 2 2
2494 I0712.AG 0 0 2 2 2
2495 I0719.AG 0 0 1 2 2
2496 I0721.AG 0 0 1 2 NA
2497 I0725.AG 0 0 2 2 NA
2498 I0736.AG 0 0 2 2 2
2499 I0739.AG 0 0 1 2 2
2500 I0744.AG 0 0 1 2 2
2501 I0745.AG 0 0 1 2 2
2502 I0746.AG 0 0 1 2 2
2503 I0748.AG 0 0 2 2 2
2504 I0750.AG 0 0 1 2 2
2505 I0751.AG 0 0 2 2 2
2506 I0752.AG 0 0 2 2 NA
2507 I0755.AG 0 0 2 2 2
2508 I0756.AG 0 0 1 2 2
2509 I0758.AG 0 0 2 2 2
2510 I0760.AG 0 0 2 2 2
2511 I0769.AG 0 0 2 2 0
2512 I0773.AG 0 0 2 2 2
2513 I0774.AG 0 0 2 2 2
2514 I0777.AG 0 0 2 2 0
2515 I0785.AG 0 0 2 2 NA
2516 I0791.AG 0 0 2 2 2
2517 I0795.AG 0 0 1 2 NA
2518 I0797.AG 0 0 1 2 NA
2519 I0800.AG 0 0 2 2 NA
2520 I0802.AG 0 0 1 2 NA
2521 I0803.AG 0 0 2 2 NA
2522 I0804.AG 0 0 1 2 NA
2523 I0805.AG 0 0 0 2 2
2524 I0806.AG 0 0 1 2 2
2525 I0807.AG 0 0 1 2 2
2526 I0823.AG 0 0 2 2 2
2527 I0825.AG 0 0 1 2 NA
2528 I0826.AG 0 0 1 2 2
2529 I0840.AG 0 0 2 2 NA
2530 I0843.AG 0 0 1 2 2
2531 I0867.AG 0 0 1 2 2
2532 Popovo2.AG 0 0 1 2 NA
2533 I0964.AG 0 0 2 2 NA
2534 I0965.AG 0 0 2 2 NA
2535 I0966.AG 0 0 1 2 NA
2536 I0967.AG 0 0 1 2 NA
2537 I0968.AG 0 0 1 2 2
2538 I0969.AG 0 0 1 2 NA
2539 I0971.AG 0 0 2 2 NA
2540 I0972.AG 0 0 1 2 NA
2541 I0974.AG 0 0 1 2 NA
2542 I0975.AG 0 0 2 2 NA
2543 I0976.AG 0 0 1 2 NA
2544 I0977.AG 0 0 2 2 NA
2545 I0978.AG 0 0 1 2 NA
2546 I0979.AG 0 0 1 2 NA
2547 I0991.AG 0 0 1 2 NA
2548 I0992.AG 0 0 2 2 2
2549 I0998.AG 0 0 1 2 2
2550 I1000.AG 0 0 1 2 2
2551 I1001.AG 0 0 1 2 NA
2552 I1017.AG 0 0 1 2 2
2553 I1018.AG 0 0 1 2 NA
2554 I1019.AG 0 0 1 2 2
2555 I1020.AG 0 0 1 2 NA
2556 I1022.AG 0 0 2 2 2
2557 I1024.AG 0 0 2 2 2
2558 I1027.AG 0 0 1 2 2
2559 I1028.AG 0 0 1 2 2
2560 I1029.AG 0 0 2 2 NA
2561 I1053.AG 0 0 1 2 2
2562 I1054.AG 0 0 1 2 2
2563 I1055.AG 0 0 1 2 2
2564 I1056.AG 0 0 1 2 NA
2565 I1057.AG 0 0 1 2 2
2566 I1058.AG 0 0 1 2 2
2567 I1060.AG 0 0 2 2 NA
2568 I1062.AG 0 0 2 2 NA
2569 I1063.AG 0 0 2 2 2
2570 I1064.AG 0 0 1 2 2
2571 I1065.AG 0 0 1 2 NA
2572 I1082.AG 0 0 1 2 2
2573 I1084.AG 0 0 1 2 2
2574 I1086.AG 0 0 1 2 NA
2575 I1088.AG 0 0 2 2 NA
2576 I1089.AG 0 0 2 2 2
2577 I1090.AG 0 0 2 2 2
2578 I1096.AG 0 0 1 2 2
2579 I1097.AG 0 0 1 2 2
2580 I1098.AG 0 0 2 2 2
2581 I1099.AG 0 0 1 2 2
2582 I1100.AG 0 0 2 2 2
2583 I1101.AG 0 0 1 2 2
2584 I1102.AG 0 0 1 2 2
2585 I1103.AG 0 0 1 2 2
2586 I1118.AG 0 0 2 2 2
2587 I1123.AG 0 0 1 2 NA
2588 I1124.AG 0 0 1 2 NA
2589 I1125.AG 0 0 1 2 2
2590 I1127.AG 0 0 2 2 2
2591 I1128.AG 0 0 2 2 2
2592 I1129.AG 0 0 1 2 NA
2593 I1131.AG 0 0 1 2 2
2594 I1152.AG 0 0 2 2 2
2595 I1155.AG 0 0 1 2 2
2596 I1164.AG 0 0 2 2 NA
2597 I1165.AG 0 0 1 2 2
2598 I1168.AG 0 0 2 2 2
2599 I1171.AG 0 0 1 2 NA
2600 I1172.AG 0 0 1 2 2
2601 I1177.AG 0 0 2 2 NA
2602 I1178.AG 0 0 1 2 2
2603 I1179.AG 0 0 2 2 NA
2604 I1180.AG 0 0 1 2 2
2605 I1181.AG 0 0 2 2 NA
2606 I1182.AG 0 0 2 2 2
2607 I1184.AG 0 0 2 2 2
2608 I1187.AG 0 0 1 2 NA
2609 I1190.AG 0 0 2 2 2
2610 I1193.AG 0 0 1 2 NA
2611 I1196.AG 0 0 2 2 NA
2612 I1197.AG 0 0 2 2 NA
2613 I1198.AG 0 0 2 2 NA
2614 I1202.AG 0 0 1 2 2
2615 I1206.AG 0 0 2 2 2
2616 I1271.AG 0 0 2 2 NA
2617 I1272.AG 0 0 2 2 2
2618 I0584.AG 0 0 1 2 2
2619 I1276.AG 0 0 2 2 NA
2620 I1277.AG 0 0 1 2 2
2621 I1280.AG 0 0 2 2 NA
2622 I1281.AG 0 0 2 2 2
2623 I1282.AG 0 0 1 2 NA
2624 I1284.AG 0 0 1 2 NA
2625 I1290.AG 0 0 2 2 2
2626 I1300.AG 0 0 2 2 2
2627 I1302.AG 0 0 1 2 NA
2628 I1303.AG 0 0 1 2 2
2629 I1310.AG 0 0 2 2 NA
2630 I1314.AG 0 0 1 2 NA
2631 I1356.AG 0 0 2 2 2
2632 I1357.AG 0 0 1 2 2
2633 I1358.AG 0 0 1 2 NA
2634 I1381.AG 0 0 1 2 2
2635 I1382.AG 0 0 1 2 2
2636 I1388.AG 0 0 1 2 2
2637 I1390.AG 0 0 1 2 NA
2638 I1396.AG 0 0 1 2 NA
2639 I1400.AG 0 0 1 2 NA
2640 I1407.AG 0 0 1 2 2
2641 I1409.AG 0 0 2 2 2
2642 I1428.AG 0 0 2 2 NA
2643 I1456.AG 0 0 1 2 2
2644 I1479.AG 0 0 2 2 2
2645 I1484.AG 0 0 1 2 2
2646 I1485.AG 0 0 1 2 2
2647 CO1.AG 0 0 2 2 2
2648 NE2.AG 0 0 2 2 2
2649 I1499.AG 0 0 2 2 2
2650 NE5.AG 0 0 1 2 2
2651 BR2.AG 0 0 1 2 0
2652 I1505.AG 0 0 2 2 2
2653 NE1.AG 0 0 2 2 2
2654 KO1.AG 0 0 1 2 2
2655 I1508.AG 0 0 2 2 2
2656 I1530.AG 0 0 1 2 NA
2657 I1532.AG 0 0 1 2 2
2658 I1536.AG 0 0 1 2 2
2659 I1538.AG 0 0 1 2 NA
2660 I1539.AG 0 0 2 2 NA
2661 I1540.AG 0 0 1 2 NA
2662 I1541.AG 0 0 1 2 NA
2663 I1542.AG 0 0 1 2 2
2664 I1544.AG 0 0 1 2 NA
2665 I1546.AG 0 0 2 2 NA
2666 I1549.AG 0 0 2 2 2
2667 I1553.AG 0 0 2 2 NA
2668 I1630.AG 0 0 2 2 2
2669 I1631.AG 0 0 2 2 2
2670 I1632.AG 0 0 1 2 2
2671 I1633.AG 0 0 2 2 2
2672 I1634.AG 0 0 1 2 2
2673 I1635.AG 0 0 1 2 2
2674 I1636.AG 0 0 1 2 2
2675 I1637.AG 0 0 1 2 2
2676 I1639.AG 0 0 2 2 2
2677 I1656.AG 0 0 2 2 2
2678 I1657.AG 0 0 2 2 2
2679 I1658.AG 0 0 2 2 2
2680 I1659.AG 0 0 2 2 2
2681 I1660.AG 0 0 2 2 2
2682 I1662.AG 0 0 1 2 2
2683 I1665.AG 0 0 2 2 2
2684 I1670.AG 0 0 2 2 NA
2685 I1671.AG 0 0 0 2 2
2686 I1674.AG 0 0 1 2 NA
2687 I1699.AG 0 0 2 2 2
2688 I1704.AG 0 0 2 2 NA
2689 I1705.AG 0 0 1 2 2
2690 I1706.AG 0 0 2 2 2
2691 I1707.AG 0 0 1 2 NA
2692 I1710.AG 0 0 1 2 NA
2693 I1727.AG 0 0 1 2 NA
2694 I1730.AG 0 0 1 2 2
2695 I1732.AG 0 0 2 2 2
2696 I1734.AG 0 0 1 2 2
2697 I1736.AG 0 0 2 2 2
2698 I1738.AG 0 0 1 2 2
2699 I1742.AG 0 0 2 2 2
2700 I1743.AG 0 0 1 2 2
2701 I1744.AG 0 0 1 2 2
2702 I1748.AG 0 0 1 2 NA
2703 ORD001.SG 0 0 2 2 NA
2704 ORD004.SG 0 0 2 2 NA
2705 ORD006.SG 0 0 1 2 NA
2706 ORD009.SG 0 0 2 2 NA
2707 ORD010.SG 0 0 2 2 NA
2708 ORD011.SG 0 0 1 2 NA
2709 ORD014.SG 0 0 1 2 NA
2710 ORD019.SG 0 0 1 2 NA
2711 SAL001.SG 0 0 1 2 NA
2712 SAL003.SG 0 0 2 2 NA
2713 SAL007.SG 0 0 2 2 NA
2714 SAL010.SG 0 0 1 2 NA
2715 SAL011.SG 0 0 1 2 NA
2716 SGR001.SG 0 0 1 2 2
2717 SGR002.SG 0 0 1 2 NA
2718 SGR003.SG 0 0 2 2 NA
2719 ADN001.AG 0 0 1 2 0
2720 ADN002.AG 0 0 1 2 0
2721 ADN003.AG 0 0 2 2 0
2722 ADN004.AG 0 0 1 2 0
2723 ADN005.AG 0 0 1 2 2
2724 ADN006.AG 0 0 2 2 2
2725 ADN007.AG 0 0 1 2 2
2726 ADN008.AG 0 0 1 2 0
2727 ADN011.AG 0 0 2 2 0
2728 ADN012.AG 0 0 1 2 NA
2729 ADN013.AG 0 0 1 2 0
2730 ADN014.AG 0 0 1 2 2
2731 ADN015.AG 0 0 2 2 2
2732 DRU001.AG 0 0 2 2 0
2733 DRU002.AG 0 0 2 2 0
2734 DRU003.AG 0 0 1 2 0
2735 DRU004.AG 0 0 2 2 2
2736 DRU005.AG 0 0 1 2 0
2737 DRU006.AG 0 0 2 2 2
2738 DRU007.AG 0 0 2 2 0
2739 DRU008.AG 0 0 2 2 NA
2740 DRU009.AG 0 0 2 2 0
2741 DRU011.AG 0 0 1 2 NA
2742 DRU012.AG 0 0 1 2 0
2743 DRU013.AG 0 0 2 2 2
2744 DRU014.AG 0 0 1 2 2
2745 DRU015.AG 0 0 2 2 0
2746 DRU016.AG 0 0 2 2 0
2747 DRU017.AG 0 0 2 2 0
2748 DRU018.AG 0 0 2 2 2
2749 DUN002.AG 0 0 1 2 0
2750 DUN003.AG 0 0 1 2 NA
2751 DUN005.AG 0 0 1 2 NA
2752 DUN006.AG 0 0 1 2 0
2753 DUN007.AG 0 0 2 2 0
2754 DUN008.AG 0 0 1 2 NA
2755 DUN009.AG 0 0 1 2 0
2756 DUN010.AG 0 0 1 2 2
2757 DUN011.AG 0 0 1 2 0
2758 DUN012.AG 0 0 1 2 NA
2759 DUN013.AG 0 0 1 2 2
2760 EAS005.AG 0 0 1 2 NA
2761 EAS006.AG 0 0 1 2 2
2762 GRO001.AG 0 0 2 2 2
2763 GRO002.AG 0 0 1 2 0
2764 GRO004.AG 0 0 2 2 NA
2765 GRO005.AG 0 0 1 2 2
2766 GRO006.AG 0 0 2 2 0
2767 GRO014.AG 0 0 2 2 2
2768 GRO015.AG 0 0 2 2 2
2769 GRO016.AG 0 0 1 2 2
2770 GRO017.AG 0 0 1 2 0
2771 GRO019.AG 0 0 1 2 NA
2772 HAD001.AG 0 0 1 2 2
2773 HID003.AG 0 0 1 2 NA
2774 HID004.AG 0 0 1 2 0
2775 IND001.AG 0 0 1 2 2
2776 IND002.AG 0 0 1 2 2
2777 IND003.AG 0 0 1 2 2
2778 IND004.AG 0 0 2 2 2
2779 IND005.AG 0 0 1 2 0
2780 IND006.AG 0 0 1 2 2
2781 IND007.AG 0 0 1 2 0
2782 IND008.AG 0 0 1 2 0
2783 IND009.AG 0 0 1 2 2
2784 IND010.AG 0 0 1 2 2
2785 IND011.AG 0 0 1 2 NA
2786 IND012.AG 0 0 1 2 2
2787 IND013.AG 0 0 1 2 0
2788 IND014.AG 0 0 1 2 2
2789 IND015.AG 0 0 1 2 NA
2790 IND016.AG 0 0 1 2 NA
2791 IND017.AG 0 0 1 2 0
2792 ISS001.AG 0 0 2 2 NA
2793 ISS002.AG 0 0 1 2 NA
2794 KIL001.AG 0 0 2 2 0
2795 KIL002.AG 0 0 1 2 NA
2796 KIL003.AG 0 0 2 2 0
2797 KIL004.AG 0 0 1 2 0
2798 KIL006.AG 0 0 2 2 2
2799 KIL007.AG 0 0 1 2 NA
2800 KIL008.AG 0 0 2 2 0
2801 KIL009.AG 0 0 1 2 0
2802 KIL012.AG 0 0 1 2 2
2803 KIL013.AG 0 0 2 2 0
2804 KIL014.AG 0 0 1 2 0
2805 KIL015.AG 0 0 1 2 NA
2806 KIL016.AG 0 0 1 2 2
2807 KIL017.AG 0 0 1 2 NA
2808 KIL018.AG 0 0 1 2 NA
2809 KIL019.AG 0 0 1 2 NA
2810 KIL020.AG 0 0 1 2 NA
2811 KIL021.AG 0 0 2 2 NA
2812 KIL022.AG 0 0 1 2 0
2813 KIL023.AG 0 0 2 2 0
2814 KIL024.AG 0 0 1 2 NA
2815 KIL025.AG 0 0 1 2 0
2816 KIL026.AG 0 0 1 2 0
2817 KIL027.AG 0 0 1 2 2
2818 KIL028.AG 0 0 2 2 0
2819 KIL030.AG 0 0 1 2 NA
2820 KIL031.AG 0 0 2 2 NA
2821 KIL032.AG 0 0 1 2 0
2822 KIL033.AG 0 0 1 2 0
2823 KIL034.AG 0 0 1 2 2
2824 KIL035.AG 0 0 1 2 0
2825 KIL037.AG 0 0 1 2 0
2826 KIL038.AG 0 0 1 2 NA
2827 KIL041.AG 0 0 1 2 2
2828 KIL042.AG 0 0 2 2 2
2829 KIL043.AG 0 0 1 2 0
2830 KIL044.AG 0 0 1 2 0
2831 KIL045.AG 0 0 1 2 NA
2832 KIL047.AG 0 0 1 2 0
2833 KPN001.AG 0 0 2 2 2
2834 KPN002.AG 0 0 1 2 0
2835 KPN003.AG 0 0 2 2 0
2836 KPN004.AG 0 0 2 2 0
2837 KPN005.AG 0 0 2 2 0
2838 KPN006.AG 0 0 2 2 2
2839 KPN007.AG 0 0 2 2 2
2840 KPN008.AG 0 0 2 2 2
2841 KPN009.AG 0 0 2 2 0
2842 KPN010.AG 0 0 1 2 NA
2843 KPN011.AG 0 0 1 2 0
2844 KPN012.AG 0 0 2 2 2
2845 KPN013.AG 0 0 2 2 0
2846 KPN014.AG 0 0 2 2 0
2847 KPN015.AG 0 0 2 2 2
2848 LAK001.AG 0 0 1 2 0
2849 LAK002.AG 0 0 1 2 0
2850 LAK003.AG 0 0 1 2 0
2851 LAK004.AG 0 0 1 2 0
2852 LAK005.AG 0 0 2 2 0
2853 LAK006.AG 0 0 1 2 0
2854 LAK007.AG 0 0 1 2 0
2855 LAK008.AG 0 0 2 2 0
2856 LAK009.AG 0 0 1 2 2
2857 LAK010.AG 0 0 1 2 0
2858 LAK011.AG 0 0 2 2 0
2859 LAK012.AG 0 0 2 2 2
2860 LAK013.AG 0 0 1 2 2
2861 LAK014.AG 0 0 2 2 0
2862 LAK015.AG 0 0 1 2 0
2863 LAK016.AG 0 0 1 2 NA
2864 LBU005.AG 0 0 1 2 NA
2865 LBU006.AG 0 0 2 2 2
2866 LBU007.AG 0 0 2 2 NA
2867 LBU010.AG 0 0 1 2 NA
2868 SED001.AG 0 0 2 2 NA
2869 SED007.AG 0 0 1 2 NA
2870 SED011.AG 0 0 1 2 2
2871 SED012.AG 0 0 2 2 NA
2872 SED019.AG 0 0 1 2 0
2873 SRS001.AG 0 0 1 2 0
2874 SRS002.AG 0 0 1 2 NA
2875 SRS003.AG 0 0 1 2 0
2876 SRS004.AG 0 0 1 2 0
2877 SWG006.AG 0 0 1 2 2
2878 SWG007.AG 0 0 1 2 2
2879 SWG008.AG 0 0 1 2 0
2880 SWG009.AG 0 0 1 2 NA
2881 SWG010.AG 0 0 1 2 0
2882 ZET001.AG 0 0 1 2 NA
2883 ZET002.AG 0 0 2 2 NA
2884 GRO007.AG 0 0 1 2 2
2885 GRO008.AG 0 0 1 2 0
2886 GRO010.AG 0 0 2 2 2
2887 GRO012.AG 0 0 1 2 2
2888 GRO013.AG 0 0 1 2 2
2889 GRO020.AG 0 0 2 2 NA
2890 GRO021.AG 0 0 1 2 0
2891 GRO023.AG 0 0 1 2 0
2892 GRO024.AG 0 0 1 2 0
2893 HAD009.AG 0 0 1 2 2
2894 HAD011.AG 0 0 1 2 0
2895 HAD012.AG 0 0 2 2 0
2896 HAD014.AG 0 0 2 2 0
2897 HAD016.AG 0 0 1 2 0
2898 HAD017.AG 0 0 1 2 0
2899 MDM001.AG 0 0 2 2 0
2900 MDM003.AG 0 0 2 2 2
2901 MDM004.AG 0 0 2 2 2
2902 MDM007.AG 0 0 2 2 0
2903 OAI008.AG 0 0 1 2 0
2904 OAI009.AG 0 0 1 2 0
2905 OAI010.AG 0 0 2 2 0
2906 OAI012.AG 0 0 1 2 0
2907 OAI013.AG 0 0 1 2 0
2908 OAI015.AG 0 0 2 2 0
2909 OAI016.AG 0 0 2 2 2
2910 OAI017.AG 0 0 2 2 NA
2911 POH003.AG 0 0 1 2 0
2912 POH004.AG 0 0 2 2 0
2913 POH005.AG 0 0 0 2 0
2914 POH007.AG 0 0 2 2 2
2915 POH008.AG 0 0 1 2 0
2916 POH009.AG 0 0 1 2 0
2917 SED004.AG 0 0 2 2 0
2918 SED006.AG 0 0 1 2 0
2919 SED013.AG 0 0 2 2 0
2920 SED014.AG 0 0 1 2 2
2921 SED015.AG 0 0 2 2 NA
2922 SED018.AG 0 0 1 2 0
2923 SED020.AG 0 0 1 2 2
2924 SED021.AG 0 0 1 2 2
2925 SWG001.AG 0 0 1 2 2
2926 SWG002.AG 0 0 2 2 2
2927 SWG003.AG 0 0 1 2 0
2928 SWG004.AG 0 0 1 2 0
2929 SWG005.AG 0 0 2 2 2
2930 SWG011.AG 0 0 1 2 NA
2931 SWG012.AG 0 0 1 2 0
2932 SWG013.AG 0 0 1 2 0
2933 SWG014.AG 0 0 1 2 NA
2934 SWG015.AG 0 0 1 2 2
2935 MDM002.SG 0 0 2 2 NA
2936 MDM005.SG 0 0 2 2 0
2937 MDM006.SG 0 0 2 2 NA
2938 R1014.SG 0 0 1 2 NA
2939 R1015.SG 0 0 2 2 2
2940 R1016.SG 0 0 1 2 NA
2941 R1021.SG 0 0 1 2 NA
2942 R104.SG 0 0 1 2 NA
2943 R105.SG 0 0 1 2 2
2944 R106.SG 0 0 2 2 0
2945 R107.SG 0 0 1 2 NA
2946 R108.SG 0 0 1 2 2
2947 R109.SG 0 0 2 2 2
2948 R10.SG 0 0 2 2 NA
2949 R110.SG 0 0 1 2 NA
2950 R111.SG 0 0 1 2 NA
2951 R113.SG 0 0 1 2 2
2952 R114.SG 0 0 2 2 2
2953 R115.SG 0 0 1 2 2
2954 R116.SG 0 0 1 2 2
2955 R117.SG 0 0 1 2 NA
2956 R118.SG 0 0 1 2 2
2957 R11.SG 0 0 1 2 NA
2958 R120.SG 0 0 1 2 2
2959 R1219.SG 0 0 1 2 NA
2960 R121.SG 0 0 2 2 0
2961 R1220.SG 0 0 1 2 NA
2962 R1221.SG 0 0 1 2 2
2963 R1224.SG 0 0 1 2 NA
2964 R122.SG 0 0 2 2 2
2965 R123.SG 0 0 1 2 2
2966 R125.SG 0 0 2 2 2
2967 R126.SG 0 0 2 2 2
2968 R1283.SG 0 0 1 2 2
2969 R1285.SG 0 0 1 2 0
2970 R1286.SG 0 0 1 2 0
2971 R1287.SG 0 0 1 2 2
2972 R1288.SG 0 0 2 2 NA
2973 R1289.SG 0 0 2 2 NA
2974 R128.SG 0 0 1 2 2
2975 R1290.SG 0 0 2 2 2
2976 R130.SG 0 0 1 2 2
2977 R131.SG 0 0 1 2 2
2978 R132.SG 0 0 1 2 2
2979 R133.SG 0 0 2 2 NA
2980 R134.SG 0 0 2 2 2
2981 R136.SG 0 0 1 2 2
2982 R137.SG 0 0 2 2 NA
2983 R1543.SG 0 0 1 2 2
2984 R1544.SG 0 0 2 2 2
2985 R1545.SG 0 0 1 2 2
2986 R1547.SG 0 0 1 2 2
2987 R1548.SG 0 0 1 2 0
2988 R1549.SG 0 0 1 2 2
2989 R1550.SG 0 0 1 2 2
2990 R1551.SG 0 0 1 2 NA
2991 R15.SG 0 0 1 2 2
2992 R16.SG 0 0 2 2 2
2993 R17.SG 0 0 1 2 2
2994 R18.SG 0 0 2 2 NA
2995 R19.SG 0 0 1 2 2
2996 R1_Italy.SG 0 0 2 2 2
2997 R22.SG 0 0 2 2 2
2998 R24.SG 0 0 2 2 2
2999 R25.SG 0 0 2 2 2
3000 R26.SG 0 0 1 2 NA
3001 R27.SG 0 0 1 2 2
3002 R28.SG 0 0 2 2 2
3003 R29.SG 0 0 1 2 NA
3004 R2.SG 0 0 2 2 2
3005 R30.SG 0 0 1 2 2
3006 R31.SG 0 0 1 2 2
3007 R32.SG 0 0 1 2 NA
3008 R33.SG 0 0 1 2 2
3009 R34.SG 0 0 1 2 2
3010 R35.SG 0 0 2 2 2
3011 R36.SG 0 0 1 2 2
3012 R38.SG 0 0 2 2 2
3013 R39.SG 0 0 2 2 2
3014 R3.SG 0 0 2 2 2
3015 R40.SG 0 0 2 2 NA
3016 R41.SG 0 0 2 2 2
3017 R42.SG 0 0 2 2 2
3018 R435.SG 0 0 1 2 2
3019 R436.SG 0 0 2 2 2
3020 R437.SG 0 0 1 2 2
3021 R43.SG 0 0 2 2 2
3022 R44.SG 0 0 1 2 NA
3023 R45.SG 0 0 2 2 NA
3024 R473.SG 0 0 2 2 2
3025 R474.SG 0 0 1 2 NA
3026 R475.SG 0 0 2 2 2
3027 R47.SG 0 0 1 2 NA
3028 R49.SG 0 0 2 2 2
3029 R4.SG 0 0 1 2 2
3030 R50.SG 0 0 1 2 2
3031 R51.SG 0 0 2 2 2
3032 R52.SG 0 0 1 2 2
3033 R53.SG 0 0 1 2 2
3034 R54.SG 0 0 1 2 2
3035 R55.SG 0 0 1 2 2
3036 R56.SG 0 0 2 2 NA
3037 R57.SG 0 0 2 2 2
3038 R58.SG 0 0 1 2 2
3039 R59.SG 0 0 1 2 2
3040 R5_Italy.SG 0 0 2 2 2
3041 R60.SG 0 0 2 2 2
3042 R61.SG 0 0 1 2 0
3043 R62.SG 0 0 2 2 2
3044 R63.SG 0 0 1 2 NA
3045 R64.SG 0 0 1 2 2
3046 R65.SG 0 0 2 2 0
3047 R66.SG 0 0 1 2 NA
3048 R67.SG 0 0 2 2 2
3049 R68.SG 0 0 1 2 2
3050 R69.SG 0 0 2 2 2
3051 R6.SG 0 0 1 2 NA
3052 R70.SG 0 0 1 2 2
3053 R71.SG 0 0 2 2 2
3054 R72.SG 0 0 2 2 2
3055 R73.SG 0 0 2 2 2
3056 R75.SG 0 0 2 2 NA
3057 R76.SG 0 0 1 2 2
3058 R78.SG 0 0 2 2 NA
3059 R7.SG 0 0 1 2 2
3060 R80.SG 0 0 2 2 2
3061 R81.SG 0 0 1 2 NA
3062 R835.SG 0 0 1 2 NA
3063 R836.SG 0 0 2 2 NA
3064 R850.SG 0 0 1 2 NA
3065 R851.SG 0 0 1 2 2
3066 R8_Italy.SG 0 0 2 2 NA
3067 R969.SG 0 0 1 2 NA
3068 R970.SG 0 0 1 2 2
3069 R973.SG 0 0 2 2 NA
3070 R9.SG 0 0 1 2 2
3071 R10467.SG 0 0 2 2 0
3072 R10469.SG 0 0 2 2 NA
3073 R10471.SG 0 0 2 2 2
3074 R10473.SG 0 0 2 2 NA
3075 R10474.SG 0 0 2 2 NA
3076 R10477.SG 0 0 2 2 NA
3077 R10478.SG 0 0 1 2 NA
3078 R10487.SG 0 0 2 2 2
3079 R10488.SG 0 0 1 2 2
3080 R10491.SG 0 0 2 2 2
3081 R10494.SG 0 0 2 2 2
3082 R10496.SG 0 0 2 2 NA
3083 R10499.SG 0 0 1 2 NA
3084 R10500.SG 0 0 2 2 NA
3085 R10501.SG 0 0 1 2 NA
3086 R10502.SG 0 0 2 2 2
3087 R10503.SG 0 0 1 2 0
3088 R10506.SG 0 0 2 2 2
3089 R10507.SG 0 0 2 2 NA
3090 R10508.SG 0 0 2 2 2
3091 R10618.SG 0 0 2 2 2
3092 R10620.SG 0 0 1 2 0
3093 R10625.SG 0 0 2 2 2
3094 R10626.SG 0 0 1 2 2
3095 R10631.SG 0 0 2 2 0
3096 R10633.SG 0 0 2 2 NA
3097 R10634.SG 0 0 2 2 NA
3098 R10636.SG 0 0 1 2 NA
3099 R10654.SG 0 0 1 2 2
3100 R10656.SG 0 0 1 2 2
3101 R10657.SG 0 0 1 2 0
3102 R10658.SG 0 0 2 2 2
3103 R10659.SG 0 0 1 2 2
3104 R10660.SG 0 0 2 2 2
3105 R10665.SG 0 0 1 2 2
3106 R10666.SG 0 0 2 2 2
3107 R10667.SG 0 0 1 2 2
3108 R10668.SG 0 0 1 2 2
3109 R10670.SG 0 0 1 2 2
3110 R10760.SG 0 0 2 2 2
3111 R10766.SG 0 0 1 2 NA
3112 R10770.SG 0 0 1 2 2
3113 R10830.SG 0 0 2 2 NA
3114 R10832.SG 0 0 2 2 2
3115 R10836.SG 0 0 1 2 NA
3116 R10838.SG 0 0 1 2 0
3117 R10840.SG 0 0 1 2 2
3118 R11109.SG 0 0 1 2 2
3119 R11111.SG 0 0 1 2 2
3120 R11112.SG 0 0 1 2 2
3121 R11113.SG 0 0 2 2 2
3122 R11116.SG 0 0 2 2 NA
3123 R11117.SG 0 0 1 2 2
3124 R11118.SG 0 0 2 2 NA
3125 R11119.SG 0 0 1 2 NA
3126 R11120.SG 0 0 2 2 NA
3127 R11121.SG 0 0 1 2 NA
3128 R11391.SG 0 0 1 2 NA
3129 R11535.SG 0 0 1 2 2
3130 R11536.SG 0 0 1 2 2
3131 R11538.SG 0 0 2 2 2
3132 R11540.SG 0 0 2 2 NA
3133 R11541.SG 0 0 1 2 NA
3134 R11542.SG 0 0 1 2 NA
3135 R11543.SG 0 0 2 2 NA
3136 R11544.SG 0 0 2 2 2
3137 R11545.SG 0 0 2 2 NA
3138 R11546.SG 0 0 1 2 NA
3139 R11550.SG 0 0 1 2 NA
3140 R11552.SG 0 0 1 2 2
3141 R11554.SG 0 0 2 2 2
3142 R11556.SG 0 0 2 2 NA
3143 R11557.SG 0 0 1 2 2
3144 R11558.SG 0 0 1 2 0
3145 R11559.SG 0 0 2 2 NA
3146 R11560.SG 0 0 1 2 2
3147 R11561.SG 0 0 1 2 NA
3148 R11563.SG 0 0 1 2 2
3149 R11651.SG 0 0 1 2 2
3150 R11653.SG 0 0 1 2 2
3151 R11655.SG 0 0 2 2 2
3152 R11668.SG 0 0 1 2 NA
3153 R11675.SG 0 0 1 2 NA
3154 R11678.SG 0 0 2 2 2
3155 R11713.SG 0 0 1 2 2
3156 R11714.SG 0 0 2 2 2
3157 R11828.SG 0 0 1 2 2
3158 R11829.SG 0 0 2 2 NA
3159 R11832.SG 0 0 2 2 2
3160 R11833.SG 0 0 2 2 2
3161 R11834.SG 0 0 2 2 2
3162 R11835.SG 0 0 1 2 2
3163 R11836.SG 0 0 2 2 2
3164 R11866.SG 0 0 2 2 NA
3165 R11867.SG 0 0 2 2 NA
3166 R11868.SG 0 0 1 2 2
3167 R11872.SG 0 0 1 2 NA
3168 R11873.SG 0 0 2 2 2
3169 R11875.SG 0 0 1 2 NA
3170 R11877.SG 0 0 2 2 NA
3171 R12229.SG 0 0 1 2 NA
3172 R12233.SG 0 0 2 2 NA
3173 R1223.SG 0 0 1 2 0
3174 R12245.SG 0 0 2 2 NA
3175 R12246.SG 0 0 2 2 2
3176 R1225.SG 0 0 1 2 NA
3177 R1291.SG 0 0 1 2 NA
3178 R1292.SG 0 0 1 2 NA
3179 R1294.SG 0 0 1 2 NA
3180 R1554.SG 0 0 1 2 NA
3181 R1555.SG 0 0 2 2 NA
3182 R1556.SG 0 0 1 2 2
3183 R1557.SG 0 0 1 2 0
3184 R1874.SG 0 0 2 2 2
3185 R2040.SG 0 0 1 2 2
3186 R2041.SG 0 0 1 2 2
3187 R2042.SG 0 0 2 2 2
3188 R2045.SG 0 0 2 2 NA
3189 R2050.SG 0 0 2 2 2
3190 R2051.SG 0 0 2 2 2
3191 R2053.SG 0 0 2 2 NA
3192 R2055.SG 0 0 1 2 0
3193 R2057.SG 0 0 2 2 NA
3194 R2058.SG 0 0 2 2 NA
3195 R2065.SG 0 0 2 2 0
3196 R2066.SG 0 0 2 2 2
3197 R2200.SG 0 0 2 2 NA
3198 R2201.SG 0 0 2 2 NA
3199 R2202.SG 0 0 2 2 2
3200 R2204.SG 0 0 2 2 2
3201 R2206.SG 0 0 1 2 NA
3202 R2207.SG 0 0 2 2 0
3203 R2208.SG 0 0 2 2 NA
3204 R2209.SG 0 0 2 2 2
3205 R2210.SG 0 0 1 2 2
3206 R2211.SG 0 0 1 2 NA
3207 R3359.SG 0 0 1 2 NA
3208 R3361.SG 0 0 2 2 2
3209 R3473.SG 0 0 2 2 NA
3210 R3478.SG 0 0 2 2 2
3211 R3481.SG 0 0 1 2 2
3212 R3482.SG 0 0 2 2 0
3213 R3542.SG 0 0 1 2 NA
3214 R3543.SG 0 0 1 2 2
3215 R3544.SG 0 0 1 2 2
3216 R3545.SG 0 0 2 2 NA
3217 R3547.SG 0 0 2 2 2
3218 R3655.SG 0 0 1 2 NA
3219 R3656.SG 0 0 2 2 2
3220 R3657.SG 0 0 2 2 0
3221 R3659.SG 0 0 1 2 2
3222 R3660.SG 0 0 1 2 0
3223 R3662.SG 0 0 2 2 2
3224 R3663.SG 0 0 2 2 2
3225 R3664.SG 0 0 1 2 NA
3226 R3665.SG 0 0 1 2 2
3227 R3670.SG 0 0 2 2 NA
3228 R3685.SG 0 0 1 2 2
3229 R3742.SG 0 0 1 2 2
3230 R3743.SG 0 0 1 2 2
3231 R3744.SG 0 0 1 2 NA
3232 R3745.SG 0 0 1 2 NA
3233 R3746.SG 0 0 2 2 2
3234 R3747.SG 0 0 1 2 2
3235 R3906.SG 0 0 1 2 2
3236 R3918.SG 0 0 1 2 NA
3237 R3931.SG 0 0 1 2 0
3238 R6681.SG 0 0 2 2 2
3239 R6688.SG 0 0 1 2 NA
3240 R6693.SG 0 0 1 2 NA
3241 R6701.SG 0 0 1 2 NA
3242 R6730.SG 0 0 1 2 NA
3243 R6737.SG 0 0 2 2 NA
3244 R6750.SG 0 0 1 2 2
3245 R6756.SG 0 0 1 2 2
3246 R6759.SG 0 0 1 2 2
3247 R6764.SG 0 0 1 2 2
3248 R6769.SG 0 0 2 2 NA
3249 R9662.SG 0 0 2 2 NA
3250 R9669.SG 0 0 1 2 NA
3251 R9673.SG 0 0 1 2 2
3252 R9674.SG 0 0 2 2 0
3253 R9918.SG 0 0 1 2 NA
3254 R9919.SG 0 0 2 2 NA
3255 R9920.SG 0 0 2 2 NA
3256 Xaghra5.SG 0 0 1 2 2
3257 Xaghra9.SG 0 0 1 2 2
3258 AITI_32.AG.SG 0 0 2 2 NA
3259 AITI_33.AG.SG 0 0 1 2 NA
3260 AITI_35.AG.SG 0 0 0 2 NA
3261 AITI_37.AG.SG 0 0 2 2 NA
3262 AITI_3.AG.SG 0 0 2 2 NA
3263 AITI_51.AG.SG 0 0 1 2 NA
3264 AITI_53.AG.SG 0 0 0 2 NA
3265 AITI_55.AG.SG 0 0 1 2 NA
3266 AITI_5.AG.SG 0 0 2 2 2
3267 AITI_62A.AG.SG 0 0 1 2 NA
3268 AITI_62B.AG.SG 0 0 1 2 NA
3269 AITI_65adult.AG.SG 0 0 2 2 2
3270 AITI_65child.AG.SG 0 0 2 2 NA
3271 AITI_66.AG.SG 0 0 2 2 2
3272 AITI_77A.AG.SG 0 0 2 2 2
3273 AITI_77B.AG.SG 0 0 2 2 2
3274 AITI_86.AG.SG 0 0 1 2 NA
3275 AITI_87.AG.SG 0 0 2 2 2
3276 AITI_92.AG.SG 0 0 2 2 2
3277 AITI_95.AG.SG 0 0 2 2 2
3278 ALT_1.AG 0 0 0 2 NA
3279 ALT_2.AG 0 0 2 2 NA
3280 ALT_3.AG 0 0 2 2 NA
3281 ALT_4.AG 0 0 1 2 0
3282 AMP_1_alt.AG.SG 0 0 1 2 2
3283 HUGO_167.AG 0 0 0 2 NA
3284 HUGO_168.AG 0 0 2 2 2
3285 HUGO_169Sk1_alt.AG.SG 0 0 1 2 NA
3286 HUGO_171.AG 0 0 2 2 NA
3287 HUGO_180Sk1_alt.AG 0 0 1 2 2
3288 HUGO_180Sk2_alt.AG.SG 0 0 1 2 2
3289 HUGO_190.AG 0 0 2 2 2
3290 OBKR_117_alt.AG.SG 0 0 1 2 2
3291 OBKR_2.AG 0 0 2 2 NA
3292 OBKR_47.AG 0 0 1 2 NA
3293 OBKR_50.AG 0 0 2 2 2
3294 OBKR_66.AG 0 0 2 2 NA
3295 OBKR_67_alt.AG.SG 0 0 1 2 NA
3296 OBKR_6.AG 0 0 2 2 NA
3297 OBKR_73.AG 0 0 2 2 NA
3298 OBKR_76.AG 0 0 2 2 NA
3299 OBKR_81.AG 0 0 2 2 NA
3300 OBKR_82.AG 0 0 2 2 NA
3301 OBKR_84.AG 0 0 2 2 NA
3302 OBKR_86_alt.AG.SG 0 0 1 2 2
3303 OBKR_93.AG 0 0 2 2 2
3304 OBKR_95.AG 0 0 2 2 NA
3305 OBKR_96.AG 0 0 2 2 2
3306 OBKR_9A.AG 0 0 2 2 2
3307 OTTM_100.AG.SG 0 0 1 2 NA
3308 OTTM_109.AG.SG 0 0 1 2 NA
3309 OTTM_110.AG.SG 0 0 0 2 NA
3310 OTTM_141.AG.SG 0 0 2 2 NA
3311 OTTM_142.AG.SG 0 0 2 2 0
3312 OTTM_151ind1.AG.SG 0 0 2 2 2
3313 OTTM_151ind2.AG.SG 0 0 2 2 2
3314 OTTM_152.AG.SG 0 0 1 2 NA
3315 OTTM_165.AG.SG 0 0 2 2 NA
3316 OTTM_79.AG.SG 0 0 1 2 NA
3317 OTTM_81.AG.SG 0 0 2 2 NA
3318 OTTM_84.AG.SG 0 0 2 2 NA
3319 OTTM_87.AG.SG 0 0 2 2 NA
3320 OTTM_91.AG.SG 0 0 2 2 NA
3321 OTTM_92.AG.SG 0 0 2 2 NA
3322 OTTM_94.AG.SG 0 0 1 2 NA
3323 OTTM_97.AG.SG 0 0 1 2 NA
3324 POST_12.AG 0 0 2 2 2
3325 POST_131.AG 0 0 2 2 2
3326 POST_140.AG.SG 0 0 1 2 2
3327 POST_16.AG 0 0 2 2 NA
3328 POST_1.AG 0 0 2 2 NA
3329 POST_2.AG 0 0 2 2 NA
3330 POST_32.AG 0 0 2 2 NA
3331 POST_35.AG 0 0 2 2 2
3332 POST_85.AG 0 0 1 2 NA
3333 POST_99.AG 0 0 2 2 2
3334 UNTA121_FK61.AG 0 0 1 2 NA
3335 UNTA58_147.AG 0 0 2 2 NA
3336 UNTA58_149.AG 0 0 1 2 NA
3337 UNTA58_152.AG 0 0 2 2 NA
3338 UNTA58_67.AG 0 0 1 2 NA
3339 UNTA58_68Sk2.AG 0 0 2 2 2
3340 UNTA85_1336.AG 0 0 2 2 NA
3341 UNTA89_FK231.AG 0 0 1 2 NA
3342 WEHR_1192SkB.AG 0 0 2 2 NA
3343 WEHR_1193.AG 0 0 2 2 NA
3344 WEHR_1414.AG.SG 0 0 2 2 2
3345 WEHR_1415adult.AG 0 0 2 2 2
3346 WEHR_1474_alt.AG.SG 0 0 1 2 2
3347 WEHR_1564.AG.SG 0 0 1 2 NA
3348 WEHR_1586.AG 0 0 2 2 2
3349 BLS001.AG 0 0 2 2 2
3350 BLS002.AG 0 0 2 2 2
3351 BNL001.AG 0 0 2 2 NA
3352 BNL002.AG 0 0 1 2 2
3353 BNL003.AG 0 0 1 2 2
3354 BNL004.AG 0 0 1 2 2
3355 BNL005.AG 0 0 2 2 2
3356 BNL006.AG 0 0 1 2 NA
3357 BNL007.AG 0 0 1 2 NA
3358 BNL008.AG 0 0 2 2 2
3359 BNL009.AG 0 0 1 2 NA
3360 BNL010.AG 0 0 2 2 NA
3361 BRZ001.AG 0 0 1 2 NA
3362 BRZ002.AG 0 0 2 2 2
3363 BUT002.AG 0 0 2 2 NA
3364 BUT003.AG 0 0 1 2 2
3365 CAH005.AG 0 0 1 2 2
3366 CAH010.AG 0 0 2 2 2
3367 CHL001.AG 0 0 2 2 2
3368 CHL002.AG 0 0 1 2 2
3369 CHL003.AG 0 0 1 2 2
3370 CHL005.AG 0 0 1 2 NA
3371 CHL006.AG 0 0 2 2 2
3372 CHL007.AG 0 0 2 2 NA
3373 CHL008.AG 0 0 1 2 2
3374 DRO001.AG 0 0 1 2 2
3375 HOL001.AG 0 0 2 2 2
3376 HOL002.AG 0 0 2 2 2
3377 HOL004.AG 0 0 2 2 2
3378 HOP001.AG 0 0 1 2 2
3379 HOP002.AG 0 0 2 2 NA
3380 HOP003.AG 0 0 1 2 2
3381 HOP004.AG 0 0 2 2 2
3382 KNE001.AG 0 0 2 2 2
3383 KNE002.AG 0 0 2 2 2
3384 KNE003.AG 0 0 2 2 2
3385 KNE004.AG 0 0 2 2 2
3386 KNE005.AG 0 0 2 2 NA
3387 KNE006.AG 0 0 2 2 2
3388 KNE007.AG 0 0 2 2 2
3389 KO1001.AG 0 0 2 2 2
3390 KO1002.AG 0 0 1 2 2
3391 KO1003.AG 0 0 1 2 2
3392 KO1004.AG 0 0 1 2 2
3393 KO1005.AG 0 0 2 2 2
3394 KO1006.AG 0 0 2 2 2
3395 KO1007.AG 0 0 1 2 2
3396 KO1008.AG 0 0 1 2 2
3397 KO1009.AG 0 0 2 2 2
3398 KO1010.AG 0 0 2 2 2
3399 KO1011.AG 0 0 2 2 2
3400 KO1013.AG 0 0 2 2 2
3401 KO1014.AG 0 0 1 2 NA
3402 KO1015.AG 0 0 2 2 2
3403 KO1016.AG 0 0 2 2 2
3404 KO7001.AG 0 0 1 2 2
3405 KO7002.AG 0 0 2 2 2
3406 KO7003.AG 0 0 1 2 NA
3407 KOB001.AG 0 0 2 2 NA
3408 KOB002.AG 0 0 2 2 2
3409 KOB003.AG 0 0 1 2 2
3410 KOB004.AG 0 0 2 2 NA
3411 KOB005.AG 0 0 2 2 NA
3412 KOB007.AG 0 0 1 2 NA
3413 KON001.AG 0 0 2 2 NA
3414 KON003.AG 0 0 1 2 NA
3415 KON004.AG 0 0 2 2 0
3416 KON005.AG 0 0 1 2 NA
3417 KOP001.AG 0 0 2 2 2
3418 KOP002.AG 0 0 1 2 2
3419 KOP003.AG 0 0 1 2 2
3420 MIB001.AG 0 0 1 2 2
3421 MIB002.AG 0 0 2 2 2
3422 MIB003.AG 0 0 2 2 2
3423 MIB004.AG 0 0 1 2 2
3424 MIB005.AG 0 0 2 2 2
3425 MIB024.AG 0 0 2 2 2
3426 MIB028.AG 0 0 2 2 2
3427 MIB034.AG 0 0 2 2 2
3428 MIG010.AG 0 0 2 2 2
3429 MIG011.AG 0 0 2 2 2
3430 MIG012.AG 0 0 1 2 NA
3431 MIS001.AG 0 0 1 2 2
3432 MIS002.AG 0 0 1 2 2
3433 MIS004.AG 0 0 1 2 NA
3434 MIS006.AG 0 0 1 2 NA
3435 NER001.AG 0 0 1 2 2
3436 OBR001.AG 0 0 2 2 2
3437 OBR002.AG 0 0 2 2 NA
3438 OBR003.AG 0 0 1 2 2
3439 OBR004.AG 0 0 2 2 2
3440 OHR002.AG 0 0 2 2 2
3441 PDA001.AG 0 0 2 2 2
3442 PDA002.AG 0 0 1 2 2
3443 PDA003.AG 0 0 2 2 2
3444 PDA004.AG 0 0 2 2 2
3445 PDA005.AG 0 0 1 2 2
3446 PMI001.AG 0 0 2 2 2
3447 PMI002.AG 0 0 2 2 NA
3448 PMI003.AG 0 0 2 2 2
3449 PMI004.AG 0 0 1 2 2
3450 PMI006.AG 0 0 1 2 2
3451 PMI009.AG 0 0 1 2 NA
3452 PMI010.AG 0 0 2 2 NA
3453 PMI012.AG 0 0 2 2 NA
3454 PNL001.AG 0 0 1 2 2
3455 PNL002.AG 0 0 1 2 2
3456 PRE001.AG 0 0 2 2 2
3457 PRU001.AG 0 0 2 2 2
3458 PRU002.AG 0 0 2 2 2
3459 PRU003.AG 0 0 2 2 2
3460 PRU004.AG 0 0 1 2 2
3461 PRU005.AG 0 0 2 2 2
3462 RDV001.AG 0 0 1 2 2
3463 ROU001.AG 0 0 2 2 2
3464 ROU002.AG 0 0 2 2 2
3465 ROU003.AG 0 0 2 2 2
3466 ROU004.AG 0 0 2 2 2
3467 ROU005.AG 0 0 1 2 NA
3468 ROU006.AG 0 0 2 2 2
3469 ROU007.AG 0 0 1 2 2
3470 STD001.AG 0 0 1 2 2
3471 STD002.AG 0 0 1 2 2
3472 STD003.AG 0 0 2 2 2
3473 TIS001.AG 0 0 2 2 NA
3474 TIS002.AG 0 0 2 2 2
3475 TOU001.AG 0 0 1 2 2
3476 TRM001.AG 0 0 1 2 NA
3477 TRM003.AG 0 0 2 2 2
3478 TRM006.AG 0 0 1 2 2
3479 TUC001.AG 0 0 2 2 2
3480 TUC002.AG 0 0 2 2 2
3481 TUC003.AG 0 0 1 2 2
3482 TUC004.AG 0 0 1 2 2
3483 TUC005.AG 0 0 1 2 2
3484 TUC006.AG 0 0 2 2 2
3485 TUC007.AG 0 0 2 2 2
3486 VLI004.AG 0 0 2 2 2
3487 VLI006.AG 0 0 1 2 NA
3488 VLI007.AG 0 0 2 2 2
3489 VLI008.AG 0 0 2 2 2
3490 VLI009.AG 0 0 2 2 NA
3491 VLI010.AG 0 0 2 2 2
3492 VLI011.AG 0 0 1 2 2
3493 VLI015.AG 0 0 1 2 NA
3494 VLI016.AG 0 0 1 2 2
3495 VLI017.AG 0 0 2 2 2
3496 VLI019.AG 0 0 1 2 NA
3497 VLI020.AG 0 0 2 2 2
3498 VLI022.AG 0 0 2 2 NA
3499 VLI024.AG 0 0 1 2 2
3500 VLI025.AG 0 0 1 2 NA
3501 VLI026.AG 0 0 2 2 2
3502 VLI028.AG 0 0 1 2 NA
3503 VLI029.AG 0 0 1 2 2
3504 VLI030.AG 0 0 1 2 NA
3505 VLI031.AG 0 0 1 2 2
3506 VLI032.AG 0 0 1 2 2
3507 VLI033.AG 0 0 1 2 NA
3508 VLI039.AG 0 0 2 2 2
3509 VLI042.AG 0 0 1 2 2
3510 VLI045.AG 0 0 2 2 2
3511 VLI046.AG 0 0 2 2 NA
3512 VLI047.AG 0 0 2 2 2
3513 VLI050.AG 0 0 2 2 2
3514 VLI051.AG 0 0 1 2 2
3515 VLI053.AG 0 0 2 2 NA
3516 VLI058.AG 0 0 2 2 2
3517 VLI060.AG 0 0 2 2 2
3518 VLI061.AG 0 0 2 2 2
3519 VLI064.AG 0 0 2 2 2
3520 VLI065.AG 0 0 2 2 2
3521 VLI067.AG 0 0 2 2 2
3522 VLI070.AG 0 0 2 2 2
3523 VLI071.AG 0 0 2 2 2
3524 VLI075.AG 0 0 1 2 NA
3525 VLI076.AG 0 0 2 2 2
3526 VLI079.AG 0 0 2 2 2
3527 VLI081.AG 0 0 1 2 NA
3528 VLI085.AG 0 0 1 2 2
3529 VLI088.AG 0 0 2 2 NA
3530 VLI090.AG 0 0 2 2 2
3531 VLI092.AG 0 0 1 2 2
3532 VPR001.AG 0 0 1 2 2
3533 ZEL001.AG 0 0 2 2 NA
3534 UC12_24.SG 0 0 1 2 2
3535 I3068.AG.SG 0 0 1 2 2
3536 I3049.SG 0 0 1 2 NA
3537 I3023.AG.SG 0 0 1 2 NA
3538 I5357.AG.SG 0 0 2 2 NA
3539 I5358.AG.SG 0 0 2 2 NA
3540 I5359.AG.SG 0 0 1 2 2
3541 I6770.AG.SG 0 0 2 2 NA
3542 I5366.AG.SG 0 0 2 2 2
3543 I3025.AG.SG 0 0 2 2 NA
3544 I3033.AG.SG 0 0 2 2 NA
3545 I3039.AG.SG 0 0 1 2 NA
3546 I3040.AG.SG 0 0 1 2 2
3547 I3041.AG.SG 0 0 1 2 2
3548 I3065.AG.SG 0 0 2 2 NA
3549 I3067.AG.SG 0 0 1 2 NA
3550 I3010.AG.SG 0 0 2 2 2
3551 I3013.AG.SG 0 0 1 2 2
3552 I3024.AG.SG 0 0 1 2 2
3553 I3074.AG.SG 0 0 2 2 2
3554 I3057.AG.SG 0 0 1 2 2
3555 I3059.AG.SG 0 0 1 2 2
3556 I3036.AG.SG 0 0 1 2 2
3557 I3060.AG.SG 0 0 1 2 2
3558 I6760.AG.SG 0 0 1 2 2
3559 I3038.AG.SG 0 0 2 2 NA
3560 I3064.AG.SG 0 0 1 2 2
3561 I6764.AG.SG 0 0 2 2 2
3562 I6766.AG.SG 0 0 2 2 2
3563 I3016.AG.SG 0 0 1 2 2
3564 SB604.SG 0 0 1 2 2
3565 SB605.SG 0 0 2 2 2
3566 SB606.SG 0 0 2 2 NA
3567 SB671.SG 0 0 2 2 NA
3568 SB676.SG 0 0 1 2 2
3569 SB696.SG 0 0 1 2 NA
3570 ATT26.SG 0 0 2 2 0
3571 BERG02-2.SG 0 0 2 2 NA
3572 BERG157-2.SG 0 0 2 2 2
3573 BERG157-7.SG 0 0 1 2 2
3574 BES1248.SG 0 0 1 2 NA
3575 BFM265.SG 0 0 2 2 NA
3576 BIS130.SG 0 0 1 2 NA
3577 BIS385.SG 0 0 2 2 NA
3578 BLP10.SG 0 0 1 2 NA
3579 BUCH2.SG 0 0 1 2 2
3580 CBV95.SG 0 0 1 2 2
3581 COL11.SG 0 0 2 2 NA
3582 COL153A.SG 0 0 2 2 NA
3583 COL153i.SG 0 0 2 2 NA
3584 CRE20D.SG 0 0 2 2 NA
3585 ERS1164.SG 0 0 2 2 NA
3586 ERS86.SG 0 0 2 2 2
3587 ERS88.SG 0 0 2 2 2
3588 Es97-1.SG 0 0 1 2 NA
3589 EUG11.SG 0 0 1 2 NA
3590 Jeb8.SG 0 0 2 2 NA
3591 MDV248.SG 0 0 1 2 NA
3592 Mor6.SG 0 0 2 2 NA
3593 NIED.SG 0 0 2 2 NA
3594 NOR2B6.SG 0 0 2 2 NA
3595 NOR3-15.SG 0 0 2 2 NA
3596 NOR3-6.SG 0 0 2 2 NA
3597 NOR4.SG 0 0 2 2 NA
3598 OBE3626-1.SG 0 0 1 2 NA
3599 OBE3722.SG 0 0 2 2 NA
3600 PECH5.SG 0 0 1 2 NA
3601 PECH8.SG 0 0 1 2 NA
3602 PEI10.SG 0 0 2 2 NA
3603 PEI2.SG 0 0 2 2 NA
3604 PER503.SG 0 0 2 2 NA
3605 PER3023.SG 0 0 2 2 2
3606 PER3123.SG 0 0 1 2 NA
3607 PEY163.SG 0 0 1 2 NA
3608 PEY53.SG 0 0 2 2 2
3609 PIR3037AB.SG 0 0 1 2 NA
3610 PIR3116B.SG 0 0 1 2 NA
3611 Pir4.SG 0 0 2 2 NA
3612 Pir6.SG 0 0 2 2 NA
3613 PSS4170.SG 0 0 1 2 2
3614 PSS4693.SG 0 0 2 2 2
3615 PT2.SG 0 0 2 2 NA
3616 QUIN234.SG 0 0 2 2 NA
3617 QUIN58.SG 0 0 1 2 NA
3618 RIX15.SG 0 0 1 2 2
3619 RIX2.SG 0 0 1 2 NA
3620 RIX4.SG 0 0 2 2 NA
3621 ROS102.SG 0 0 1 2 2
3622 ROS45.SG 0 0 1 2 2
3623 ROS78.SG 0 0 1 2 NA
3624 ROS82.SG 0 0 2 2 NA
3625 Schw72-15.SG 0 0 1 2 2
3626 Schw432.SG 0 0 2 2 NA
3627 WET370.SG 0 0 1 2 NA
3628 WEZ15.SG 0 0 1 2 2
3629 WEZ16.SG 0 0 2 2 2
3630 WEZ24.SG 0 0 1 2 2
3631 WEZ35.SG 0 0 1 2 2
3632 WEZ39.SG 0 0 1 2 NA
3633 WEZ40.SG 0 0 1 2 2
3634 WEZ48.SG 0 0 1 2 2
3635 WEZ51.SG 0 0 1 2 2
3636 WEZ53.SG 0 0 1 2 NA
3637 WEZ54.SG 0 0 1 2 2
3638 WEZ56.SG 0 0 1 2 0
3639 WEZ57.SG 0 0 1 2 2
3640 WEZ58.SG 0 0 1 2 2
3641 WEZ59.SG 0 0 1 2 2
3642 WEZ61.SG 0 0 2 2 2
3643 WEZ64.SG 0 0 1 2 2
3644 WEZ71.SG 0 0 1 2 2
3645 WEZ74.SG 0 0 2 2 2
3646 WEZ83.SG 0 0 1 2 0
3647 PAPV_114.SG 0 0 1 2 NA
3648 PAPV_117.SG 0 0 1 2 2
3649 PAPV_118.SG 0 0 1 2 NA
3650 PAPV_137.SG 0 0 1 2 NA
3651 PAPV_146.SG 0 0 1 2 NA
3652 PAPV_167.SG 0 0 1 2 NA
3653 PAPV_172.SG 0 0 2 2 NA
3654 PAPV_173.SG 0 0 1 2 NA
3655 PAPV_174.SG 0 0 1 2 NA
3656 PAPV_175.SG 0 0 1 2 NA
3657 PAPV_26.SG 0 0 2 2 NA
3658 PAPV_27.SG 0 0 1 2 NA
3659 PAPV_52.SG 0 0 2 2 NA
3660 PAPV_53.SG 0 0 2 2 NA
3661 PAPV_61.SG 0 0 1 2 NA
3662 PAPV_93.SG 0 0 1 2 NA
3663 ANN1.SG 0 0 1 2 2
3664 ANN2.SG 0 0 1 2 NA
3665 ARD2.SG 0 0 1 2 2
3666 ASH1.SG 0 0 1 2 NA
3667 ASH3.SG 0 0 1 2 2
3668 BG72.SG 0 0 1 2 2
3669 CAK530.SG 0 0 2 2 NA
3670 CAK531.SG 0 0 1 2 2
3671 CAK532.SG 0 0 1 2 2
3672 CAK533.SG 0 0 2 2 2
3673 CAK534.SG 0 0 1 2 NA
3674 CAK68.SG 0 0 1 2 2
3675 CH448.SG 0 0 1 2 NA
3676 GNM1007.SG 0 0 1 2 NA
3677 GNM1076.SG 0 0 1 2 2
3678 JP14.SG 0 0 1 2 2
3679 KGH6.SG 0 0 1 2 2
3680 MB6.SG 0 0 1 2 2
3681 NG10.SG 0 0 1 2 2
3682 NGZ1.SG 0 0 2 2 2
3683 PB1327.SG 0 0 1 2 2
3684 PB1794.SG 0 0 2 2 NA
3685 PB186.SG 0 0 1 2 2
3686 PB2031.SG 0 0 1 2 2
3687 PB357.SG 0 0 2 2 2
3688 PB443.SG 0 0 1 2 2
3689 PB581.SG 0 0 1 2 2
3690 PB672.SG 0 0 1 2 2
3691 PB675.SG 0 0 1 2 2
3692 PB754.SG 0 0 2 2 2
3693 PB768.SG 0 0 1 2 2
3694 PN02.SG 0 0 1 2 2
3695 PN03.SG 0 0 1 2 2
3696 PN04.SG 0 0 1 2 2
3697 PN05.SG 0 0 1 2 2
3698 PN06.SG 0 0 1 2 2
3699 PN07.SG 0 0 1 2 NA
3700 PN107.SG 0 0 1 2 2
3701 PN10_PN113.SG 0 0 2 2 2
3702 PN112.SG 0 0 1 2 2
3703 PN12.SG 0 0 1 2 NA
3704 PN13.SG 0 0 1 2 NA
3705 PN16.SG 0 0 2 2 NA
3706 SRA62.SG 0 0 1 2 2
3707 AHS05.SG 0 0 0 2 2
3708 AHS06.SG 0 0 2 2 2
3709 AHS07.SG 0 0 0 2 2
3710 AHS09.SG 0 0 0 2 0
3711 AHS10.SG 0 0 2 2 2
3712 AHS11.SG 0 0 2 2 2
3713 AHS15.SG 0 0 0 2 2
3714 AHS18.SG 0 0 0 2 2
3715 AHS19.SG 0 0 0 2 2
3716 AHS22.SG 0 0 0 2 NA
3717 AHS23.SG 0 0 0 2 NA
3718 AHS29.SG 0 0 0 2 NA
3719 AHS32.SG 0 0 0 2 NA
3720 AHS41.SG 0 0 0 2 0
3721 AHS50.SG 0 0 2 2 2
3722 AHS54.SG 0 0 0 2 2
3723 AHS56.SG 0 0 0 2 NA
3724 AHS58.SG 0 0 0 2 0
3725 AHS68.SG 0 0 0 2 2
3726 KBS03.SG 0 0 2 2 2
3727 KBS04.SG 0 0 2 2 2
3728 KBS05.SG 0 0 2 2 2
3729 KBS13.SG 0 0 2 2 0
3730 KBS14.SG 0 0 0 2 NA
3731 KBS18.SG 0 0 0 2 NA
3732 KBS19.SG 0 0 2 2 0
3733 KBS20.SG 0 0 2 2 0
3734 KBS21.SG 0 0 2 2 NA
3735 KBS26.SG 0 0 0 2 2
3736 KBS27.SG 0 0 2 2 NA
3737 KBS28.SG 0 0 0 2 NA
3738 MS20.SG 0 0 0 2 2
3739 DER002.SG 0 0 1 2 2
3740 DER002.AG 0 0 1 2 2
3741 DER003.AG 0 0 2 2 2
3742 DER004.AG 0 0 1 2 2
3743 DER005.AG 0 0 2 2 2
3744 DER006.AG 0 0 1 2 2
3745 DER007.AG 0 0 2 2 2
3746 DER009.SG 0 0 1 2 2
3747 DER009.AG 0 0 1 2 2
3748 DER010.AG 0 0 2 2 2
3749 DER011.AG 0 0 1 2 2
3750 DER012.AG 0 0 2 2 2
3751 DER013.AG 0 0 1 2 2
3752 DER014.AG 0 0 1 2 2
3753 DER015.AG 0 0 2 2 2
3754 DER017.AG 0 0 1 2 2
3755 DER018.AG 0 0 2 2 NA
3756 DER019.AG 0 0 2 2 NA
3757 DER020.AG 0 0 1 2 NA
3758 DER021.AG 0 0 1 2 2
3759 DER022.AG 0 0 2 2 2
3760 DER023.AG 0 0 2 2 2
3761 DER024.AG 0 0 2 2 2
3762 DER026.AG 0 0 1 2 NA
3763 DER028.AG 0 0 2 2 2
3764 DER029.AG 0 0 2 2 2
3765 DER030.AG 0 0 1 2 NA
3766 DER031.AG 0 0 1 2 2
3767 DER032.AG 0 0 1 2 2
3768 DER033.AG 0 0 2 2 2
3769 DER034.AG 0 0 2 2 2
3770 DER035.AG 0 0 2 2 NA
3771 DER036.AG 0 0 2 2 2
3772 DER037.AG 0 0 2 2 NA
3773 18R21262.EC 0 0 2 2 NA
3774 AH117_18R21266.EC 0 0 2 2 2
3775 AH117_18R21266.SG 0 0 2 2 NA
3776 S123.EC 0 0 2 2 2
3777 S91.EC 0 0 2 2 2
3778 JpFu1.SG 0 0 2 2 2
3779 JpHi01.SG 0 0 2 2 NA
3780 JpIw31.SG 0 0 2 2 2
3781 JpIw32.SG 0 0 1 2 2
3782 JpIw33.SG 0 0 2 2 NA
3783 JpKa6904.SG 0 0 2 2 2
3784 JpKo13.SG 0 0 2 2 2
3785 JpKo2.SG 0 0 2 2 2
3786 JpOd181.SG 0 0 1 2 2
3787 JpOd274.SG 0 0 1 2 2
3788 JpOd282.SG 0 0 1 2 2
3789 JpOd6.SG 0 0 2 2 NA
3790 ajv28.SG 0 0 2 2 2
3791 ajv36.SG 0 0 2 2 2
3792 hem001.SG 0 0 1 2 NA
3793 hem004.SG 0 0 1 2 2
3794 hem005.SG 0 0 2 2 2
3795 vbj001.SG 0 0 2 2 2
3796 vbj002.SG 0 0 2 2 NA
3797 vbj003.SG 0 0 2 2 NA
3798 vbj004.SG 0 0 2 2 2
3799 vbj007.SG 0 0 1 2 NA
3800 vbj008.SG 0 0 1 2 2
3801 vbj012.SG 0 0 1 2 NA
3802 vbj013.SG 0 0 1 2 NA
3803 vbj014.SG 0 0 1 2 NA
3804 vbj015.SG 0 0 1 2 NA
3805 vbj018.SG 0 0 1 2 2
3806 vbj017.SG 0 0 1 2 2
3807 BOT14.SG 0 0 1 2 2
3808 BOT15.SG 0 0 1 2 2
3809 BOT2016.SG 0 0 2 2 2
3810 DA136.SG 0 0 1 2 NA
3811 DA245.SG 0 0 1 2 2
3812 DA246.SG 0 0 2 2 2
3813 DA247.SG 0 0 1 2 2
3814 DA248.SG 0 0 1 2 2
3815 DA249.SG 0 0 2 2 2
3816 DA250.SG 0 0 1 2 2
3817 DA251.SG 0 0 1 2 NA
3818 DA252.SG 0 0 2 2 2
3819 DA253.SG 0 0 2 2 2
3820 DA334.SG 0 0 1 2 2
3821 DA335.SG 0 0 1 2 NA
3822 DA336.SG 0 0 1 2 2
3823 DA337.SG 0 0 1 2 NA
3824 DA338.SG 0 0 1 2 NA
3825 DA339.SG 0 0 1 2 NA
3826 DA340.SG 0 0 0 2 NA
3827 DA341.SG 0 0 2 2 2
3828 DA342.SG 0 0 2 2 2
3829 DA344.SG 0 0 0 2 NA
3830 DA345.SG 0 0 1 2 2
3831 DA354.SG 0 0 1 2 NA
3832 DA355.SG 0 0 1 2 NA
3833 DA357.SG 0 0 1 2 2
3834 DA358.SG 0 0 2 2 NA
3835 DA359.SG 0 0 1 2 NA
3836 DA360.SG 0 0 2 2 NA
3837 DA362.SG 0 0 1 2 NA
3838 DA379.SG 0 0 1 2 NA
3839 DA380.SG 0 0 2 2 NA
3840 DA382.SG 0 0 1 2 2
3841 DA383.SG 0 0 2 2 NA
3842 EBA1.SG 0 0 2 2 2
3843 EBA2.SG 0 0 2 2 2
3844 MA2195.SG 0 0 2 2 NA
3845 MA2196.SG 0 0 2 2 NA
3846 MA2197.SG 0 0 2 2 2
3847 MA2198.SG 0 0 2 2 0
3848 MA2200.SG 0 0 1 2 2
3849 MA2203.SG 0 0 2 2 NA
3850 MA2205.SG 0 0 1 2 2
3851 MA2206.SG 0 0 2 2 NA
3852 MA2208.SG 0 0 1 2 NA
3853 MA2210.SG 0 0 0 2 2
3854 MA2212.SG 0 0 1 2 2
3855 MA2213.SG 0 0 2 2 2
3856 RISE515.SG 0 0 2 2 NA
3857 RISE516.SG 0 0 2 2 2
3858 RISE662.SG 0 0 1 2 NA
3859 RISE664.SG 0 0 1 2 2
3860 RISE667.SG 0 0 2 2 2
3861 RISE670.SG 0 0 1 2 NA
3862 RISE671.SG 0 0 2 2 2
3863 RISE672.SG 0 0 1 2 2
3864 RISE673.SG 0 0 1 2 NA
3865 RISE674.SG 0 0 1 2 2
3866 RISE675.SG 0 0 1 2 NA
3867 RISE677.SG 0 0 2 2 NA
3868 RISE680.SG 0 0 2 2 2
3869 RISE681.SG 0 0 2 2 2
3870 RISE683.SG 0 0 1 2 2
3871 RISE684.SG 0 0 2 2 NA
3872 RISE685.SG 0 0 2 2 2
3873 RISE718.SG 0 0 1 2 2
3874 RISE719.SG 0 0 1 2 2
3875 Sidelkino.SG 0 0 2 2 2
3876 Yamnaya.SG 0 0 1 2 2
3877 EFE005.AG 0 0 1 2 NA
3878 RISE1283.SG 0 0 2 2 NA
3879 Falkenstein.AG 0 0 1 2 NA
3880 Iboussieres25-1.AG 0 0 1 2 0
3881 Iboussieres31-2.AG 0 0 1 2 2
3882 Rochedane.AG 0 0 1 2 NA
3883 DA100.SG 0 0 1 2 2
3884 DA101.SG 0 0 1 2 0
3885 DA104.SG 0 0 2 2 2
3886 DA105.SG 0 0 1 2 NA
3887 DA106.SG 0 0 1 2 2
3888 DA10.SG 0 0 2 2 NA
3889 DA111.SG 0 0 1 2 NA
3890 DA112.SG 0 0 2 2 NA
3891 DA116.SG 0 0 2 2 NA
3892 DA117.SG 0 0 1 2 2
3893 DA118.SG 0 0 2 2 2
3894 DA119.SG 0 0 1 2 NA
3895 DA11.SG 0 0 2 2 NA
3896 DA121.SG 0 0 2 2 NA
3897 DA123.SG 0 0 2 2 2
3898 DA124.SG 0 0 1 2 2
3899 DA125.SG 0 0 1 2 2
3900 DA126.SG 0 0 1 2 2
3901 DA127.SG 0 0 1 2 NA
3902 DA128.SG 0 0 2 2 2
3903 DA129.SG 0 0 1 2 NA
3904 DA130.SG 0 0 1 2 NA
3905 DA134.SG 0 0 1 2 2
3906 DA139.SG 0 0 2 2 NA
3907 DA13.SG 0 0 1 2 0
3908 DA141.SG 0 0 1 2 2
3909 DA142.SG 0 0 1 2 NA
3910 DA143.SG 0 0 2 2 2
3911 DA145.SG 0 0 1 2 NA
3912 DA146.SG 0 0 2 2 NA
3913 DA14.SG 0 0 2 2 2
3914 DA15.SG 0 0 1 2 NA
3915 DA160.SG 0 0 2 2 NA
3916 DA161.SG 0 0 1 2 NA
3917 DA162.SG 0 0 1 2 NA
3918 DA164.SG 0 0 2 2 2
3919 DA16.SG 0 0 1 2 NA
3920 DA171.SG 0 0 1 2 NA
3921 DA177.SG 0 0 2 2 2
3922 DA179.SG 0 0 1 2 2
3923 DA17.SG 0 0 1 2 NA
3924 DA188.SG 0 0 1 2 NA
3925 DA189.SG 0 0 1 2 NA
3926 DA18.SG 0 0 2 2 2
3927 DA190.SG 0 0 1 2 NA
3928 DA191.SG 0 0 2 2 2
3929 DA194.SG 0 0 2 2 2
3930 DA195.SG 0 0 2 2 2
3931 DA197.SG 0 0 1 2 2
3932 DA198.SG 0 0 1 2 NA
3933 DA199.SG 0 0 2 2 NA
3934 DA19.SG 0 0 1 2 NA
3935 DA201.SG 0 0 2 2 2
3936 DA202.SG 0 0 2 2 2
3937 DA203.SG 0 0 1 2 NA
3938 DA205.SG 0 0 2 2 NA
3939 DA206.SG 0 0 1 2 2
3940 DA207.SG 0 0 1 2 NA
3941 DA208.SG 0 0 1 2 NA
3942 DA20.SG 0 0 1 2 2
3943 DA220.SG 0 0 1 2 NA
3944 DA221.SG 0 0 1 2 2
3945 DA222.SG 0 0 1 2 2
3946 I26001.SG 0 0 1 2 2
3947 I10141.SG 0 0 1 2 2
3948 DA226.SG 0 0 2 2 NA
3949 DA227.SG 0 0 2 2 2
3950 DA228.SG 0 0 1 2 0
3951 DA229.SG 0 0 1 2 NA
3952 DA230.SG 0 0 1 2 NA
3953 DA231.SG 0 0 2 2 NA
3954 DA23.SG 0 0 1 2 2
3955 DA243.SG 0 0 1 2 2
3956 DA26.SG 0 0 2 2 NA
3957 DA28.SG 0 0 1 2 2
3958 DA29.SG 0 0 1 2 NA
3959 DA2.SG 0 0 1 2 NA
3960 DA31.SG 0 0 1 2 NA
3961 DA343.SG 0 0 0 2 2
3962 DA353.SG 0 0 0 2 NA
3963 DA356.SG 0 0 0 2 NA
3964 DA35.SG 0 0 2 2 2
3965 DA361.SG 0 0 0 2 NA
3966 DA385.SG 0 0 1 2 2
3967 DA38.SG 0 0 2 2 2
3968 DA39.SG 0 0 1 2 2
3969 DA3.SG 0 0 2 2 2
3970 DA47.SG 0 0 1 2 0
3971 DA48.SG 0 0 1 2 NA
3972 DA49.SG 0 0 1 2 NA
3973 DA4.SG 0 0 1 2 2
3974 DA50.SG 0 0 2 2 2
3975 DA51.SG 0 0 1 2 2
3976 DA52.SG 0 0 1 2 2
3977 DA53.SG 0 0 2 2 NA
3978 DA54.SG 0 0 1 2 NA
3979 DA55.SG 0 0 1 2 2
3980 DA56.SG 0 0 1 2 2
3981 DA57.SG 0 0 1 2 NA
3982 DA58.SG 0 0 1 2 2
3983 DA59.SG 0 0 1 2 0
3984 DA5.SG 0 0 1 2 NA
3985 DA65.SG 0 0 1 2 2
3986 DA66.SG 0 0 2 2 NA
3987 DA68.SG 0 0 2 2 NA
3988 DA69.SG 0 0 2 2 2
3989 DA6.SG 0 0 2 2 2
3990 DA70.SG 0 0 2 2 NA
3991 DA71.SG 0 0 2 2 2
3992 DA72.SG 0 0 2 2 2
3993 DA73.SG 0 0 1 2 NA
3994 DA74.SG 0 0 1 2 2
3995 DA7.SG 0 0 1 2 2
3996 DA80.SG 0 0 2 2 2
3997 DA81.SG 0 0 1 2 2
3998 DA82.SG 0 0 2 2 NA
3999 DA85.SG 0 0 1 2 2
4000 DA86.SG 0 0 1 2 2
4001 DA87.SG 0 0 1 2 NA
4002 DA89.SG 0 0 1 2 NA
4003 DA8.SG 0 0 2 2 2
4004 DA92.SG 0 0 1 2 NA
4005 DA93.SG 0 0 1 2 NA
4006 DA94.SG 0 0 1 2 NA
4007 DA95.SG 0 0 1 2 2
4008 DA96.SG 0 0 1 2 NA
4009 DA98.SG 0 0 2 2 2
4010 DA99.SG 0 0 2 2 2
4011 DA9.SG 0 0 2 2 2
4012 CAM001.AG 0 0 1 2 2
4013 CAM002.AG 0 0 1 2 0
4014 CAM003.AG 0 0 1 2 2
4015 CSN001.AG 0 0 2 2 2
4016 CSN002.AG 0 0 2 2 NA
4017 CSN003.AG 0 0 1 2 2
4018 CSN004.AG 0 0 1 2 2
4019 CSN005.AG 0 0 1 2 NA
4020 CSN006.AG 0 0 1 2 2
4021 CSN007.AG 0 0 2 2 NA
4022 CSN008.AG 0 0 2 2 NA
4023 CSN009.AG 0 0 1 2 NA
4024 CSN010.AG.SG 0 0 1 2 NA
4025 CSN012.AG 0 0 1 2 2
4026 CSN013.AG 0 0 2 2 2
4027 ETR003.AG 0 0 1 2 2
4028 ETR004.AG 0 0 1 2 NA
4029 ETR005.AG 0 0 2 2 NA
4030 ETR006.AG 0 0 2 2 NA
4031 ETR007.AG 0 0 2 2 0
4032 ETR010.AG 0 0 2 2 2
4033 ETR012.AG 0 0 1 2 NA
4034 ETR013.AG 0 0 2 2 2
4035 ETR014.AG 0 0 1 2 NA
4036 MAG001.AG 0 0 1 2 2
4037 MAS001.AG 0 0 1 2 2
4038 MAS002.AG 0 0 1 2 2
4039 MAS004.AG 0 0 1 2 NA
4040 POP001.AG 0 0 1 2 2
4041 PRZ001.AG 0 0 2 2 2
4042 PRZ002.AG 0 0 1 2 2
4043 TAQ001.AG 0 0 2 2 2
4044 TAQ002.AG 0 0 1 2 0
4045 TAQ003.AG 0 0 2 2 2
4046 TAQ004.AG 0 0 1 2 2
4047 TAQ005.AG 0 0 1 2 2
4048 TAQ006.AG 0 0 1 2 2
4049 TAQ007.AG 0 0 2 2 2
4050 TAQ008.AG 0 0 2 2 2
4051 TAQ009.AG 0 0 1 2 2
4052 TAQ010.AG 0 0 1 2 2
4053 TAQ011.AG 0 0 2 2 2
4054 TAQ012.AG 0 0 2 2 2
4055 TAQ013.AG 0 0 1 2 NA
4056 TAQ015.AG 0 0 2 2 2
4057 TAQ016.AG 0 0 2 2 2
4058 TAQ017.AG 0 0 1 2 2
4059 TAQ018.AG 0 0 1 2 2
4060 TAQ019.AG 0 0 2 2 2
4061 TAQ020.AG 0 0 1 2 NA
4062 TAQ021.AG 0 0 1 2 NA
4063 TAQ022.AG 0 0 2 2 2
4064 TAQ023.AG 0 0 1 2 2
4065 TAQ024.AG 0 0 1 2 0
4066 VEN001.AG 0 0 1 2 2
4067 VEN002.AG 0 0 2 2 NA
4068 VEN005.AG 0 0 2 2 2
4069 VEN006.AG 0 0 1 2 2
4070 VEN008.AG 0 0 1 2 NA
4071 VEN009.AG 0 0 2 2 2
4072 VEN010.AG 0 0 1 2 NA
4073 VEN012.AG 0 0 1 2 NA
4074 VEN013.AG 0 0 1 2 2
4075 VEN014.AG 0 0 2 2 NA
4076 VEN015.AG 0 0 2 2 2
4077 VEN016.AG 0 0 2 2 2
4078 VEN017.AG 0 0 1 2 NA
4079 VEN018.AG 0 0 2 2 NA
4080 VEN021.AG 0 0 2 2 NA
4081 VEN022.AG 0 0 1 2 NA
4082 VET001.AG 0 0 2 2 2
4083 VET002.AG 0 0 1 2 2
4084 VET003_4.AG 0 0 2 2 2
4085 VET005.AG 0 0 2 2 2
4086 VET006_9.AG 0 0 2 2 2
4087 VET007.AG 0 0 2 2 2
4088 VET008.AG 0 0 2 2 2
4089 VET010.AG 0 0 2 2 NA
4090 VET011.AG 0 0 1 2 NA
4091 VEU001.AG 0 0 1 2 NA
4092 VOL001.AG 0 0 1 2 2
4093 BAJ001.AG 0 0 2 2 NA
4094 KFH2.AG 0 0 2 2 NA
4095 ZBC.AG 0 0 1 2 2
4096 ZHAG.AG 0 0 2 2 2
4097 ZHAJ.AG 0 0 2 2 2
4098 ZHJ.AG 0 0 2 2 NA
4099 ZKO.AG 0 0 1 2 2
4100 ZMOJ.AG 0 0 1 2 NA
4101 ASH008.AG 0 0 1 2 NA
4102 ASH029.AG 0 0 2 2 2
4103 ASH033.AG 0 0 2 2 NA
4104 ASH034.AG 0 0 2 2 NA
4105 ASH066.AG 0 0 1 2 2
4106 ASH067.AG 0 0 1 2 NA
4107 ASH068.AG 0 0 2 2 NA
4108 ASH087.AG 0 0 1 2 2
4109 ASH135.AG 0 0 2 2 NA
4110 ASH2-3.AG 0 0 2 2 NA
4111 N17.SG 0 0 1 2 2
4112 N18.SG 0 0 2 2 NA
4113 N19.SG 0 0 2 2 2
4114 N20.SG 0 0 1 2 2
4115 N22.SG 0 0 2 2 2
4116 N25.SG 0 0 2 2 NA
4117 N26.SG 0 0 1 2 2
4118 N27.SG 0 0 1 2 2
4119 N28.SG 0 0 1 2 2
4120 N31.SG 0 0 2 2 2
4121 N36.SG 0 0 2 2 2
4122 N38.SG 0 0 2 2 2
4123 N42.SG 0 0 2 2 NA
4124 N44.SG 0 0 2 2 2
4125 N45.SG 0 0 2 2 2
4126 N47.SG 0 0 1 2 2
4127 N49.SG 0 0 1 2 2
4128 ATT27.SG 0 0 2 2 NA
4129 ATT3.SG 0 0 1 2 NA
4130 ATT52-2.SG 0 0 2 2 NA
4131 BES1096B.SG 0 0 1 2 2
4132 BES1154.SG 0 0 2 2 NA
4133 BES1249.SG 0 0 1 2 NA
4134 BFT228.SG 0 0 1 2 NA
4135 BLH447.SG 0 0 2 2 NA
4136 BPV1445.SG 0 0 2 2 NA
4137 BPV1455.SG 0 0 1 2 NA
4138 BUCH48-1.SG 0 0 1 2 NA
4139 BUCH48-2.SG 0 0 1 2 NA
4140 BUCH82.SG 0 0 2 2 NA
4141 CHF106.SG 0 0 1 2 NA
4142 CLR23.SG 0 0 1 2 NA
4143 CLR24.SG 0 0 1 2 2
4144 CLR31.SG 0 0 1 2 2
4145 CLR35.SG 0 0 1 2 2
4146 CLR44.SG 0 0 1 2 NA
4147 COL239.SG 0 0 1 2 NA
4148 COL330.SG 0 0 1 2 NA
4149 CROI1-4.SG 0 0 2 2 NA
4150 CROI11.SG 0 0 2 2 NA
4151 CROI12-2.SG 0 0 2 2 NA
4152 ERS83-2.SG 0 0 1 2 NA
4153 GDF1231.SG 0 0 2 2 2
4154 GDF1264.SG 0 0 1 2 2
4155 GDF1341.SG 0 0 2 2 NA
4156 GDF1348.SG 0 0 1 2 2
4157 GDF1349-A.SG 0 0 2 2 2
4158 GLN141.SG 0 0 1 2 NA
4159 GLN29-A.SG 0 0 2 2 NA
4160 GLN32.SG 0 0 2 2 NA
4161 ISL6950.SG 0 0 1 2 NA
4162 PAL170.SG 0 0 2 2 NA
4163 PECH3.SG 0 0 1 2 NA
4164 PECH9.SG 0 0 2 2 NA
4165 PEY73.SG 0 0 2 2 2
4166 PT7.SG 0 0 2 2 NA
4167 SCPG2.SG 0 0 2 2 NA
4168 UN129.SG 0 0 1 2 NA
4169 UN85.SG 0 0 1 2 NA
4170 VAS75.SG 0 0 2 2 NA
4171 VAS79-2.SG 0 0 1 2 NA
4172 WET429.SG 0 0 1 2 NA
4173 BOT.1.WGC.SG 0 0 0 2 NA
4174 IAM.3.WGC.SG 0 0 2 2 NA
4175 IAM.6.WGC.SG 0 0 2 2 NA
4176 IAM.7.WGC.SG 0 0 1 2 NA
4177 KEB.4.WGC.SG 0 0 2 2 2
4178 KEB.6.WGC.SG 0 0 1 2 NA
4179 TOR.11.WGC.SG 0 0 2 2 NA
4180 TOR.6.WGC.SG 0 0 2 2 2
4181 TOR.7.WGC.SG 0 0 2 2 NA
4182 TOR.8.WGC.SG 0 0 2 2 NA
4183 IAM.4.plus.5.WGC.SG 0 0 1 2 NA
4184 KEB.1.plus.8.WGC.SG 0 0 2 2 NA
4185 IPK12.SG 0 0 2 2 2
4186 IPK13.SG 0 0 1 2 2
4187 IPY08.SG 0 0 1 2 2
4188 IPY10.SG 0 0 1 2 2
4189 Aes10.AG 0 0 2 2 2
4190 Aes11.AG 0 0 2 2 2
4191 Aes12.AG 0 0 1 2 2
4192 Aes13.AG 0 0 1 2 2
4193 Aes14.AG 0 0 1 2 2
4194 Aes15.AG 0 0 2 2 2
4195 Aes16.AG 0 0 2 2 2
4196 Aes17.AG 0 0 1 2 2
4197 Aes18.AG 0 0 2 2 2
4198 Aes19.AG 0 0 1 2 2
4199 Aes1.AG 0 0 1 2 2
4200 Aes20.AG 0 0 1 2 2
4201 Aes21.AG 0 0 1 2 2
4202 Aes22.AG 0 0 1 2 2
4203 Aes23.AG 0 0 1 2 2
4204 Aes24.AG 0 0 1 2 2
4205 Aes25.AG 0 0 1 2 2
4206 Aes2.AG 0 0 2 2 NA
4207 Aes3.AG 0 0 2 2 2
4208 Aes4.AG 0 0 1 2 2
4209 Aes5.AG 0 0 2 2 2
4210 Aes8.AG 0 0 2 2 2
4211 Aes9.AG 0 0 2 2 2
4212 MX150.AG 0 0 1 2 NA
4213 MX182.AG 0 0 1 2 2
4214 MX183.AG 0 0 1 2 2
4215 MX184.AG 0 0 2 2 2
4216 MX187.AG 0 0 1 2 2
4217 MX188.AG 0 0 1 2 2
4218 MX189.AG 0 0 2 2 0
4219 MX190.AG 0 0 1 2 2
4220 MX191.AG 0 0 1 2 2
4221 MX192.AG 0 0 1 2 2
4222 MX193.AG 0 0 2 2 2
4223 MX195.AG 0 0 1 2 2
4224 MX196.AG 0 0 2 2 2
4225 MX197.AG 0 0 2 2 2
4226 MX198.AG 0 0 2 2 2
4227 MX199.AG 0 0 2 2 2
4228 MX203.AG 0 0 2 2 NA
4229 MX204.AG 0 0 1 2 2
4230 MX209.AG 0 0 1 2 2
4231 MX210.AG 0 0 1 2 2
4232 MX211.AG 0 0 1 2 2
4233 MX212.AG 0 0 1 2 2
4234 MX213.AG 0 0 1 2 2
4235 MX219.AG 0 0 1 2 NA
4236 MX251.AG 0 0 2 2 NA
4237 MX252.AG 0 0 1 2 2
4238 MX254.AG 0 0 1 2 2
4239 MX256.AG 0 0 2 2 NA
4240 MX257.AG 0 0 1 2 2
4241 MX258.AG 0 0 1 2 2
4242 MX259.AG 0 0 1 2 2
4243 MX265.AG 0 0 1 2 2
4244 MX270.AG 0 0 1 2 2
4245 MX275.AG 0 0 1 2 2
4246 MX277.AG 0 0 2 2 2
4247 MX279.AG 0 0 1 2 2
4248 MX280.AG 0 0 2 2 2
4249 MX283.AG 0 0 1 2 2
4250 MX283_d.AG 0 0 1 2 NA
4251 MX286.AG 0 0 1 2 2
4252 MX286_d.AG 0 0 1 2 NA
4253 MX288.AG 0 0 1 2 2
4254 MX298.AG 0 0 1 2 NA
4255 MX299.AG 0 0 1 2 NA
4256 MX304.AG 0 0 1 2 NA
4257 MX310.AG 0 0 1 2 NA
4258 RA42.AG 0 0 2 2 NA
4259 RA43.AG 0 0 2 2 NA
4260 RA44.AG 0 0 2 2 NA
4261 RA45.AG 0 0 2 2 2
4262 RA54.AG 0 0 2 2 NA
4263 RA57.AG 0 0 2 2 2
4264 RA58.AG 0 0 1 2 2
4265 RA59.Furtwangler.AG 0 0 2 2 2
4266 RA61.AG 0 0 1 2 2
4267 RA62.AG 0 0 1 2 2
4268 RA63.AG 0 0 1 2 2
4269 RA64.AG 0 0 1 2 2
4270 TU876_SX10.AG 0 0 2 2 2
4271 TU877_SX11.AG 0 0 2 2 2
4272 TU904_SX17.AG 0 0 2 2 NA
4273 TU905_SX18.AG 0 0 2 2 2
4274 TU907_SX20.AG 0 0 1 2 2
4275 TU908_SX21.AG 0 0 2 2 2
4276 TU910_SX22.AG 0 0 2 2 2
4277 TU911_SX23.AG 0 0 2 2 2
4278 TU914_SX26.AG 0 0 2 2 2
4279 TU915_SX29.AG 0 0 1 2 2
4280 TU916_SX30.AG 0 0 2 2 2
4281 TU918_SX32.AG 0 0 1 2 2
4282 TU919_SX33.AG 0 0 1 2 2
4283 TU874_SX8.AG 0 0 2 2 2
4284 TU875_SX9.AG 0 0 2 2 2
4285 AKG_10203.SG 0 0 1 2 2
4286 AKG_10204.SG 0 0 1 2 2
4287 AKG_10207.SG 0 0 2 2 2
4288 AKG_10209.SG 0 0 2 2 NA
4289 AKG_10210.SG 0 0 2 2 2
4290 AKG_10218.SG 0 0 1 2 NA
4291 AKG_3420.SG 0 0 2 2 2
4292 AKG_3421.SG 0 0 2 2 NA
4293 VERT015.SG 0 0 2 2 2
4294 VERT030.SG 0 0 1 2 2
4295 VERT035.SG 0 0 2 2 NA
4296 VERT100.SG 0 0 1 2 2
4297 VERT103.SG 0 0 1 2 2
4298 VERT104.SG 0 0 1 2 2
4299 VERT105.SG 0 0 1 2 NA
4300 VERT106.SG 0 0 1 2 2
4301 VERT111.SG 0 0 2 2 NA
4302 VERT113.SG 0 0 2 2 2
4303 VERT114.SG 0 0 2 2 NA
4304 VERT115.SG 0 0 2 2 NA
4305 VERT117.SG 0 0 1 2 NA
4306 VERT118.SG 0 0 2 2 2
4307 gun002_Rodriguez.SG 0 0 1 2 NA
4308 gun005.SG 0 0 2 2 NA
4309 gun008.SG 0 0 2 2 NA
4310 gun011.SG 0 0 1 2 2
4311 gun012.SG 0 0 1 2 2
4312 Hum1.SG 0 0 2 2 2
4313 Hum2.SG 0 0 1 2 2
4314 SBj.SG 0 0 1 2 NA
4315 SF11.SG 0 0 1 2 2
4316 SF12.SG 0 0 2 2 2
4317 SF9.SG 0 0 2 2 2
4318 Steigen.SG 0 0 1 2 NA
4319 baa001.SG 0 0 1 2 2
4320 bab001_alt.SG 0 0 1 2 NA
4321 cha001.SG 0 0 2 2 NA
4322 doo001.SG 0 0 0 2 NA
4323 ela001.SG 0 0 2 2 2
4324 mfo001.SG 0 0 2 2 2
4325 new001.SG 0 0 2 2 2
4326 USR1.SG 0 0 2 2 2
4327 USR2.SG 0 0 2 2 NA
4328 ILK001.AG 0 0 1 2 2
4329 ILK002.AG 0 0 1 2 2
4330 ILK003.AG 0 0 2 2 2
4331 COV20126.SG 0 0 1 2 2
4332 LD1174.SG 0 0 2 2 2
4333 LD270.SG 0 0 0 2 2
4334 LU339.SG 0 0 0 2 2
4335 Canes.SG 0 0 2 2 NA
4336 Chan.SG 0 0 2 2 2
4337 GB.SG 0 0 2 2 2
4338 M95.SG 0 0 1 2 NA
4339 M96.SG 0 0 1 2 2
4340 QED-12.SG 0 0 2 2 NA
4341 QED-2.SG 0 0 1 2 2
4342 QED-4.SG 0 0 2 2 2
4343 QED-7.SG 0 0 2 2 2
4344 SI-38.SG 0 0 1 2 NA
4345 SI-39.SG 0 0 1 2 NA
4346 SI-40.SG 0 0 1 2 NA
4347 SI-41.SG 0 0 1 2 2
4348 SI-42.SG 0 0 1 2 2
4349 SI-44.SG 0 0 1 2 2
4350 SI-45.SG 0 0 1 2 2
4351 SI-47.SG 0 0 1 2 NA
4352 SI-53.SG 0 0 1 2 2
4353 SFI-11.SG 0 0 1 2 NA
4354 SFI-12.SG 0 0 1 2 NA
4355 SFI-15.SG 0 0 1 2 2
4356 SFI-20.SG 0 0 2 2 NA
4357 SFI-24.SG 0 0 2 2 2
4358 SFI-33.SG 0 0 2 2 2
4359 SFI-34.SG 0 0 1 2 2
4360 SFI-35.SG 0 0 1 2 NA
4361 SFI-36.SG 0 0 2 2 NA
4362 SFI-39.SG 0 0 1 2 NA
4363 SFI-42.SG 0 0 1 2 NA
4364 SFI-43.SG 0 0 2 2 2
4365 SFI-44.SG 0 0 1 2 2
4366 SFI-45.SG 0 0 1 2 2
4367 SFI-47.SG 0 0 1 2 2
4368 SFI-50.SG 0 0 2 2 2
4369 SFI-55.SG 0 0 1 2 2
4370 SFI-56.SG 0 0 2 2 NA
4371 SFI-5.SG 0 0 1 2 NA
4372 ERS1790729.SG 0 0 2 2 NA
4373 ERS1790730.SG 0 0 2 2 NA
4374 ERS1790731.SG 0 0 2 2 2
4375 ERS1790732.SG 0 0 1 2 2
4376 AHPS100.SG 0 0 2 2 2
4377 AHPS104.SG 0 0 2 2 NA
4378 AHPS117.SG 0 0 0 2 2
4379 AHPS124.SG 0 0 2 2 2
4380 AHPS128.SG 0 0 2 2 NA
4381 AHPS134.SG 0 0 0 2 NA
4382 AHPS139.SG 0 0 0 2 NA
4383 AHPS143.SG 0 0 0 2 NA
4384 AHPS144.SG 0 0 0 2 NA
4385 AHPS146.SG 0 0 2 2 NA
4386 AHPS152.SG 0 0 0 2 NA
4387 AHPS153.SG 0 0 0 2 NA
4388 AHPS154.SG 0 0 0 2 NA
4389 AHPS158.SG 0 0 2 2 0
4390 AHPS161W.SG 0 0 2 2 0
4391 AHPS163W.SG 0 0 2 2 NA
4392 AHPS164W.SG 0 0 2 2 2
4393 AHPS173W.SG 0 0 2 2 NA
4394 AHPS174W.SG 0 0 2 2 NA
4395 AHPS177W.SG 0 0 0 2 NA
4396 AHPS181W.SG 0 0 0 2 NA
4397 AHPS183W.SG 0 0 0 2 2
4398 AHPS184W.SG 0 0 0 2 NA
4399 AHPS185W.SG 0 0 0 2 NA
4400 AHPS187W.SG 0 0 0 2 NA
4401 AHPS190W.SG 0 0 0 2 0
4402 AHPS194W.SG 0 0 0 2 2
4403 AHPS195W.SG 0 0 0 2 2
4404 AHPS199W.SG 0 0 0 2 NA
4405 AHPS200W.SG 0 0 0 2 2
4406 AHPS201W.SG 0 0 0 2 NA
4407 AHPS202W.SG 0 0 0 2 NA
4408 AHPS203W.SG 0 0 2 2 NA
4409 AHPS204W.SG 0 0 0 2 NA
4410 AHPS206W.SG 0 0 0 2 2
4411 AHPS207W.SG 0 0 0 2 2
4412 AHPS208W.SG 0 0 2 2 2
4413 AHPS209W.SG 0 0 0 2 0
4414 AHPS220W.SG 0 0 0 2 NA
4415 AHPS221W.SG 0 0 0 2 NA
4416 AHPS229W.SG 0 0 0 2 2
4417 AHPS231W.SG 0 0 2 2 2
4418 AHPS245W.SG 0 0 2 2 2
4419 AHPS249W.SG 0 0 0 2 2
4420 AHPS256W.SG 0 0 2 2 2
4421 AHPS77.SG 0 0 2 2 NA
4422 AHPS82.SG 0 0 2 2 NA
4423 LAHPS74.SG 0 0 0 2 NA
4424 LAHPS75.SG 0 0 2 2 2
4425 KH150189_KH150632_KH150636.SG 0 0 1 2 2
4426 KH150190.SG 0 0 1 2 2
4427 KH150193_KH150286.SG 0 0 2 2 2
4428 KH150195_KH150196_KH150616.SG 0 0 2 2 2
4429 KH150197.SG 0 0 1 2 NA
4430 KH150198.SG 0 0 1 2 2
4431 KH150200.SG 0 0 2 2 2
4432 KH150204_KH150634.SG 0 0 1 2 2
4433 KH150208_KH150210.SG 0 0 2 2 2
4434 KH150287.SG 0 0 1 2 2
4435 KH150289.SG 0 0 1 2 NA
4436 KH150418.SG 0 0 1 2 2
4437 KH150419.SG 0 0 2 2 2
4438 KH150422.SG 0 0 1 2 NA
4439 KH150610.SG 0 0 2 2 2
4440 KH150612.SG 0 0 1 2 2
4441 KH150613_KH180043.SG 0 0 1 2 2
4442 KH150614_KH150615.SG 0 0 1 2 2
4443 KH150618.SG 0 0 1 2 2
4444 KH150619.SG 0 0 2 2 2
4445 KH150620.SG 0 0 1 2 2
4446 KH150621.SG 0 0 1 2 NA
4447 KH150622.SG 0 0 2 2 2
4448 KH150623.SG 0 0 1 2 2
4449 KH150625.SG 0 0 2 2 NA
4450 KH150626.SG 0 0 2 2 2
4451 KH150627.SG 0 0 2 2 2
4452 KH150628.SG 0 0 1 2 2
4453 KH150629.SG 0 0 1 2 2
4454 KH150630.SG 0 0 1 2 NA
4455 KH150633.SG 0 0 1 2 2
4456 KH150635.SG 0 0 2 2 2
4457 KH150637.SG 0 0 1 2 2
4458 KH150639.SG 0 0 1 2 2
4459 KH150640.SG 0 0 2 2 NA
4460 KH150641.SG 0 0 1 2 2
4461 KH180044.SG 0 0 2 2 NA
4462 KH180045.SG 0 0 2 2 2
4463 ALA118.AG 0 0 2 2 NA
4464 ALA120.AG 0 0 1 2 2
4465 ALA123.AG 0 0 1 2 2
4466 ALA124.AG 0 0 1 2 2
4467 ALA128.AG 0 0 1 2 NA
4468 ALA130.AG 0 0 2 2 2
4469 ALA131.AG 0 0 1 2 2
4470 ALA135.AG 0 0 2 2 2
4471 ALA136.AG 0 0 1 2 NA
4472 ALA138.AG 0 0 1 2 2
4473 LS-13.SG 0 0 1 2 2
4474 MJ-06.SG 0 0 2 2 NA
4475 MJ-08.SG 0 0 2 2 NA
4476 MJ-09.SG 0 0 2 2 NA
4477 MJ-12.SG 0 0 2 2 NA
4478 MJ-13.SG 0 0 2 2 2
4479 MJ-14.SG 0 0 1 2 NA
4480 MJ-16.SG 0 0 1 2 NA
4481 MJ-19.SG 0 0 2 2 NA
4482 MJ-31.SG 0 0 1 2 NA
4483 MJ-33.SG 0 0 1 2 NA
4484 MJ-34.SG 0 0 1 2 0
4485 MJ-35.SG 0 0 1 2 NA
4486 MJ-36.SG 0 0 2 2 NA
4487 MJ-37.SG 0 0 2 2 NA
4488 MJ-38.SG 0 0 1 2 NA
4489 MJ-39.SG 0 0 1 2 NA
4490 MJ-40.SG 0 0 1 2 NA
4491 MJ-41.SG 0 0 2 2 NA
4492 MJ-42.SG 0 0 1 2 NA
4493 MJ-43.SG 0 0 2 2 2
4494 MJ-44.SG 0 0 2 2 2
4495 MJ-46.SG 0 0 2 2 2
4496 MJ-47.SG 0 0 2 2 NA
4497 MJ-51.SG 0 0 1 2 NA
4498 MJ-52.SG 0 0 1 2 NA
4499 MJ-53.SG 0 0 1 2 NA
4500 I3867.SG 0 0 2 2 NA
4501 MJ-56.SG 0 0 2 2 NA
4502 Syltholm1.SG 0 0 2 2 2
4503 ARS001.AG 0 0 1 2 2
4504 ARS002.AG 0 0 2 2 2
4505 ARS003.AG 0 0 1 2 2
4506 ARS004.AG 0 0 1 2 2
4507 ARS005.AG 0 0 1 2 2
4508 ARS006.AG 0 0 2 2 2
4509 ARS007.AG 0 0 1 2 2
4510 ARS008.AG 0 0 1 2 2
4511 ARS009.AG 0 0 2 2 NA
4512 ARS011.AG 0 0 1 2 NA
4513 ARS012.AG 0 0 2 2 NA
4514 ARS013.AG 0 0 2 2 NA
4515 ARS014.AG 0 0 2 2 2
4516 ARS015.AG 0 0 1 2 2
4517 ARS016.AG 0 0 1 2 2
4518 ARS017.AG 0 0 2 2 2
4519 ARS018.AG 0 0 1 2 NA
4520 ARS024.AG 0 0 2 2 NA
4521 ARS025.AG 0 0 1 2 2
4522 ARS026.AG 0 0 1 2 2
4523 BOT2016.AG 0 0 2 2 2
4524 BOT14.AG 0 0 1 2 NA
4525 ARG001.AG 0 0 1 2 2
4526 ARG002.AG 0 0 2 2 NA
4527 ARG003.AG 0 0 1 2 2
4528 AST001.AG 0 0 2 2 NA
4529 ATS001.AG 0 0 2 2 2
4530 BAU001.AG 0 0 2 2 NA
4531 BAY001.AG 0 0 1 2 2
4532 BAZ001.AG 0 0 2 2 2
4533 BER002.AG 0 0 1 2 2
4534 BIL001.AG 0 0 2 2 2
4535 BOR001.AG 0 0 2 2 NA
4536 BRG001.AG 0 0 2 2 NA
4537 BRG002.AG 0 0 2 2 2
4538 BRG004.AG 0 0 1 2 NA
4539 BRG005.AG 0 0 1 2 2
4540 BRL001.AG 0 0 2 2 2
4541 BRL002.AG 0 0 2 2 2
4542 BRU001.AG 0 0 1 2 2
4543 BTO001.AG 0 0 1 2 2
4544 BUR001.AG 0 0 2 2 NA
4545 BUR002.AG 0 0 1 2 2
4546 BUR003.AG 0 0 1 2 2
4547 BUR004.AG 0 0 2 2 2
4548 CHD001.AG 0 0 2 2 2
4549 CHN003_alt.AG 0 0 1 2 2
4550 CHN004_alt.AG 0 0 2 2 NA
4551 CHN006.AG 0 0 2 2 NA
4552 CHN007.AG 0 0 1 2 2
4553 CHN014.AG 0 0 2 2 2
4554 CHN015.AG 0 0 2 2 2
4555 DAR001.AG 0 0 1 2 2
4556 DAR002.AG 0 0 2 2 2
4557 DAS001.AG 0 0 1 2 0
4558 DEE001.AG 0 0 2 2 2
4559 DEL001.AG 0 0 1 2 0
4560 DOL001.AG 0 0 2 2 NA
4561 DUU001.AG 0 0 2 2 2
4562 DUU002.AG 0 0 1 2 NA
4563 EME002.AG 0 0 2 2 2
4564 ERD001.AG 0 0 2 2 2
4565 ERM001.AG 0 0 2 2 2
4566 FNO001.AG 0 0 1 2 2
4567 FNO003.AG 0 0 2 2 NA
4568 FNO006.AG 0 0 2 2 2
4569 FNO007.AG 0 0 2 2 2
4570 GAN002.AG 0 0 2 2 2
4571 GTO001.AG 0 0 2 2 2
4572 GUN002.AG 0 0 2 2 2
4573 HUD001.AG 0 0 2 2 0
4574 IAG001.AG 0 0 1 2 2
4575 IKU001.AG 0 0 2 2 2
4576 IMA001.AG 0 0 2 2 2
4577 IMA002.AG 0 0 2 2 2
4578 IMA003.AG 0 0 1 2 NA
4579 IMA004.AG 0 0 1 2 2
4580 IMA005.AG 0 0 1 2 2
4581 IMA006.AG 0 0 1 2 2
4582 IMA007.AG 0 0 2 2 2
4583 IMA008.AG 0 0 2 2 NA
4584 JAA001.AG 0 0 2 2 2
4585 JAG001.AG 0 0 1 2 2
4586 KGK001.AG 0 0 2 2 2
4587 KHI001.AG 0 0 1 2 2
4588 KHL001.AG 0 0 2 2 2
4589 KHN001.AG 0 0 1 2 2
4590 KHO001.AG 0 0 1 2 NA
4591 KHO006.AG 0 0 1 2 2
4592 KHO007.AG 0 0 1 2 2
4593 KHU001.AG 0 0 1 2 2
4594 KHV002.AG 0 0 1 2 NA
4595 KNN001.AG 0 0 1 2 2
4596 KNU001.AG 0 0 2 2 2
4597 KRN001.AG 0 0 1 2 2
4598 KRN002.AG 0 0 2 2 2
4599 MIT001.AG 0 0 1 2 2
4600 MRI001.AG 0 0 1 2 2
4601 NAI001.AG 0 0 1 2 0
4602 NAI002.AG 0 0 1 2 2
4603 NOM001.AG 0 0 1 2 2
4604 NRC001.AG 0 0 2 2 NA
4605 OLN001.AG 0 0 2 2 2
4606 OLN002.AG 0 0 2 2 2
4607 OLN003.AG 0 0 1 2 2
4608 OLN004.AG 0 0 2 2 2
4609 OLN005.AG 0 0 1 2 2
4610 OLN007.AG 0 0 1 2 2
4611 OLN008.AG 0 0 2 2 2
4612 OLN009.AG 0 0 2 2 2
4613 OLN010.AG 0 0 1 2 2
4614 OLN011.AG 0 0 1 2 2
4615 OLN012.AG 0 0 2 2 2
4616 PTO001.AG 0 0 2 2 NA
4617 RAH001.AG 0 0 2 2 2
4618 SAN001.AG 0 0 2 2 2
4619 SBG001.AG 0 0 1 2 2
4620 SHA001.AG 0 0 1 2 2
4621 SHG001.AG 0 0 1 2 2
4622 SHG002.AG 0 0 1 2 2
4623 SHG003.AG 0 0 1 2 2
4624 SHR001.AG 0 0 1 2 2
4625 SHT001.AG 0 0 1 2 2
4626 SHU002.AG 0 0 1 2 0
4627 SKT001.AG 0 0 2 2 NA
4628 SKT002.AG 0 0 1 2 2
4629 SKT003.AG 0 0 2 2 NA
4630 SKT004.AG 0 0 2 2 2
4631 SKT005.AG 0 0 1 2 2
4632 SKT006.AG 0 0 1 2 NA
4633 SKT007.AG 0 0 1 2 2
4634 SKT008.AG 0 0 1 2 2
4635 SKT009.AG 0 0 1 2 2
4636 SKT010.AG 0 0 2 2 2
4637 SKT012.AG 0 0 1 2 2
4638 SOL001.AG 0 0 2 2 2
4639 SON001.AG 0 0 1 2 2
4640 TAH002.AG 0 0 1 2 2
4641 TAK001.AG 0 0 2 2 2
4642 TAV001.AG 0 0 1 2 2
4643 TAV005.AG 0 0 1 2 0
4644 TAV006.AG 0 0 2 2 NA
4645 TAV011.AG 0 0 1 2 0
4646 TEV002.AG 0 0 2 2 2
4647 TEV003.AG 0 0 1 2 2
4648 TMI001.AG 0 0 2 2 NA
4649 TSA001.AG 0 0 1 2 2
4650 TSA002.AG 0 0 1 2 2
4651 TSA003.AG 0 0 1 2 NA
4652 TSA004.AG 0 0 1 2 2
4653 TSA006.AG 0 0 2 2 2
4654 TSA007.AG 0 0 2 2 NA
4655 TSB001.AG 0 0 1 2 2
4656 TSI001.AG 0 0 2 2 NA
4657 TUH001.AG 0 0 1 2 2
4658 TUH002.AG 0 0 1 2 2
4659 TUK001.AG 0 0 2 2 2
4660 TUK002.AG 0 0 1 2 2
4661 TUK003.AG 0 0 2 2 2
4662 TUM001.AG 0 0 1 2 2
4663 UGO001.AG 0 0 2 2 NA
4664 UGO002.AG 0 0 1 2 0
4665 UGU001.AG 0 0 1 2 2
4666 UGU002.AG 0 0 1 2 NA
4667 UGU003.AG 0 0 2 2 NA
4668 UGU002_alt1.AG 0 0 1 2 NA
4669 UGU005.AG 0 0 1 2 2
4670 UGU006.AG 0 0 1 2 NA
4671 UGU010.AG 0 0 1 2 NA
4672 UGU011.AG 0 0 2 2 2
4673 ULA001.AG 0 0 1 2 2
4674 ULI002.AG 0 0 1 2 NA
4675 ULI003.AG 0 0 2 2 2
4676 ULN001.AG 0 0 1 2 2
4677 ULN003.AG 0 0 2 2 2
4678 ULN004.AG 0 0 2 2 2
4679 ULN005.AG 0 0 2 2 2
4680 ULN006.AG 0 0 2 2 2
4681 ULN007.AG 0 0 1 2 2
4682 ULN010.AG 0 0 2 2 2
4683 ULN011.AG 0 0 1 2 2
4684 ULN015.AG 0 0 2 2 NA
4685 UUS001.AG 0 0 1 2 2
4686 UUS002.AG 0 0 1 2 2
4687 UVG001.AG 0 0 2 2 NA
4688 YUR001.AG 0 0 1 2 2
4689 ZAA001.AG 0 0 2 2 2
4690 ZAA002.AG 0 0 1 2 2
4691 ZAA003.AG 0 0 2 2 NA
4692 ZAA004.AG 0 0 1 2 2
4693 ZAA005.AG 0 0 1 2 2
4694 ZAA007.AG 0 0 2 2 2
4695 ZAM001.AG 0 0 1 2 NA
4696 ZAM002.AG 0 0 1 2 2
4697 ZAR002.AG 0 0 2 2 NA
4698 ZAY001.AG 0 0 1 2 2
4699 AIG001.AG 0 0 1 2 NA
4700 AIG002.AG 0 0 1 2 2
4701 AIG003.AG 0 0 2 2 2
4702 AIG005.AG 0 0 1 2 NA
4703 AIG006.AG 0 0 1 2 2
4704 AKB001.AG 0 0 1 2 2
4705 ALN001.AG 0 0 1 2 2
4706 ALN002.AG 0 0 1 2 NA
4707 ALN003.AG 0 0 1 2 2
4708 ALN004.AG 0 0 1 2 NA
4709 ALN005.AG 0 0 1 2 2
4710 ALN006.AG 0 0 2 2 2
4711 ALN007.AG 0 0 2 2 NA
4712 ALN008.AG 0 0 1 2 2
4713 ALN009.AG 0 0 2 2 0
4714 BDY001.AG 0 0 2 2 2
4715 BDY002.AG 0 0 2 2 NA
4716 BDY003.AG 0 0 1 2 2
4717 BGD001.AG 0 0 2 2 NA
4718 BGD002.AG 0 0 1 2 2
4719 BGD004.AG 0 0 1 2 NA
4720 BIR010.AG 0 0 1 2 2
4721 BIR012.AG 0 0 2 2 2
4722 BIR013.AG 0 0 2 2 2
4723 BIY001.AG 0 0 1 2 NA
4724 BIY002.AG 0 0 1 2 2
4725 BIY003.AG 0 0 1 2 2
4726 BIY005.AG 0 0 1 2 NA
4727 BIY006.AG 0 0 1 2 NA
4728 BIY007.AG 0 0 1 2 NA
4729 BIY008.AG 0 0 1 2 2
4730 BIY009.AG 0 0 1 2 2
4731 BIY010.AG 0 0 1 2 NA
4732 BIY011.AG 0 0 1 2 NA
4733 BIY012.AG 0 0 1 2 NA
4734 BKT001.AG 0 0 1 2 2
4735 BRE001.AG 0 0 2 2 2
4736 BRE002.AG 0 0 1 2 2
4737 BRE003.AG 0 0 2 2 2
4738 BRE004.AG 0 0 1 2 0
4739 BRE005.AG 0 0 1 2 2
4740 BRE006.AG 0 0 2 2 2
4741 BRE007.AG 0 0 2 2 2
4742 BRE008.AG 0 0 2 2 2
4743 BRE009.AG 0 0 2 2 2
4744 BRE010.AG 0 0 2 2 2
4745 BRE011.AG 0 0 1 2 0
4746 BRE012.AG 0 0 2 2 2
4747 BRE013.AG 0 0 1 2 0
4748 BRE014.AG 0 0 1 2 2
4749 BRV001.AG 0 0 2 2 2
4750 BSB001.AG 0 0 1 2 2
4751 BSB002.AG 0 0 2 2 2
4752 BSB003.AG 0 0 2 2 2
4753 BSB004.AG 0 0 1 2 NA
4754 CHK001.AG 0 0 2 2 NA
4755 CHK002.AG 0 0 2 2 NA
4756 CHK003.AG 0 0 2 2 2
4757 CHK004.AG 0 0 1 2 2
4758 CHK005.AG 0 0 2 2 2
4759 CLK001.AG 0 0 1 2 2
4760 CSP001.AG 0 0 1 2 NA
4761 CSP003.AG 0 0 1 2 2
4762 CSP004.AG 0 0 1 2 2
4763 ESZ001.AG 0 0 1 2 2
4764 ESZ002.AG 0 0 2 2 0
4765 ESZ003.AG 0 0 2 2 2
4766 HUN001.AG 0 0 1 2 NA
4767 KBO001.AG 0 0 1 2 2
4768 KBU001.AG 0 0 2 2 2
4769 KBU002.AG 0 0 2 2 NA
4770 KBU003.AG 0 0 1 2 2
4771 KEN001.AG 0 0 1 2 2
4772 KEN002.AG 0 0 2 2 NA
4773 KEN003.AG 0 0 1 2 2
4774 KKB001.AG 0 0 1 2 2
4775 KKB002.AG 0 0 1 2 2
4776 KKM001.AG 0 0 1 2 0
4777 KLK002.AG 0 0 1 2 2
4778 KNT001.AG 0 0 1 2 2
4779 KNT002.AG 0 0 2 2 2
4780 KNT003.AG 0 0 1 2 0
4781 KNT004.AG 0 0 1 2 2
4782 KNT005.AG 0 0 1 2 2
4783 KOK001.AG 0 0 1 2 NA
4784 KOK002.AG 0 0 1 2 NA
4785 KOK003.AG 0 0 2 2 NA
4786 KRY001.AG 0 0 1 2 2
4787 KSH001.AG 0 0 0 2 2
4788 DA14.AG 0 0 2 2 2
4789 KSH003.AG 0 0 1 2 2
4790 DA15.AG 0 0 1 2 2
4791 KSK002.AG 0 0 2 2 NA
4792 KYZ001.AG 0 0 1 2 2
4793 KYZ002.AG 0 0 2 2 2
4794 KZL001.AG 0 0 2 2 0
4795 KZL003.AG 0 0 2 2 NA
4796 KZL004.AG 0 0 2 2 2
4797 MMR001.AG 0 0 1 2 2
4798 NUL001.AG 0 0 2 2 2
4799 NUR002.AG 0 0 1 2 2
4800 SBL001.AG 0 0 2 2 2
4801 SGZ001.AG 0 0 2 2 2
4802 SGZ002.AG 0 0 2 2 2
4803 SHD001.AG 0 0 1 2 2
4804 SHD002.AG 0 0 1 2 NA
4805 SMV001.AG 0 0 1 2 2
4806 SMV002.AG 0 0 1 2 2
4807 SRK001.AG 0 0 2 2 2
4808 TAL003.AG 0 0 1 2 2
4809 DA13.AG 0 0 1 2 2
4810 TAL005.AG 0 0 1 2 2
4811 VOR001a.AG 0 0 0 2 NA
4812 VOR003a.AG 0 0 1 2 NA
4813 WAR001.AG 0 0 1 2 2
4814 bla001.SG 0 0 0 2 2
4815 brn001.SG 0 0 2 2 NA
4816 brn002.SG 0 0 0 2 NA
4817 brn003.SG 0 0 0 2 2
4818 brn008.SG 0 0 0 2 2
4819 brn012.SG 0 0 2 2 NA
4820 cta016.SG 0 0 2 2 2
4821 irk007.SG 0 0 0 2 2
4822 irk008.SG 0 0 2 2 NA
4823 irk00x.SG 0 0 0 2 NA
4824 irk017.SG 0 0 2 2 NA
4825 irk022.SG 0 0 0 2 2
4826 irk025.SG 0 0 0 2 2
4827 irk030.SG 0 0 0 2 2
4828 irk032.SG 0 0 0 2 NA
4829 irk033.SG 0 0 0 2 2
4830 irk034.SG 0 0 0 2 2
4831 irk036.SG 0 0 0 2 2
4832 irk040.SG 0 0 0 2 2
4833 irk050.SG 0 0 2 2 2
4834 irk051.SG 0 0 2 2 2
4835 irk057.SG 0 0 0 2 NA
4836 irk061.SG 0 0 0 2 2
4837 irk068.SG 0 0 0 2 2
4838 irk071.SG 0 0 0 2 2
4839 irk075.SG 0 0 0 2 2
4840 irk076.SG 0 0 1 2 NA
4841 irk078.SG 0 0 2 2 NA
4842 kra001.SG 0 0 0 2 2
4843 mak026.SG 0 0 2 2 2
4844 N2a.SG 0 0 2 2 NA
4845 N4a1.SG 0 0 1 2 NA
4846 N4b2.SG 0 0 0 2 2
4847 N5a.SG 0 0 0 2 NA
4848 I15933.SG 0 0 2 2 NA
4849 yak022.SG 0 0 2 2 2
4850 yak023.SG 0 0 2 2 NA
4851 yak024.SG 0 0 2 2 2
4852 yak025.SG 0 0 2 2 2
4853 BOG019.SG 0 0 1 2 NA
4854 BOG020.SG 0 0 1 2 2
4855 BOG024.SG 0 0 1 2 2
4856 BOG028.SG 0 0 2 2 2
4857 CTG025.SG 0 0 2 2 NA
4858 G23.SG 0 0 1 2 2
4859 G31.SG 0 0 1 2 NA
4860 G37.SG 0 0 1 2 2
4861 G62.SG 0 0 1 2 2
4862 G65.SG 0 0 2 2 NA
4863 G66.SG 0 0 2 2 NA
4864 G76a.SG 0 0 2 2 2
4865 geo005.SG 0 0 1 2 NA
4866 geo006.SG 0 0 1 2 NA
4867 geo015.SG 0 0 1 2 NA
4868 geo017.SG 0 0 2 2 NA
4869 geo029.SG 0 0 1 2 NA
4870 I4029.SG 0 0 1 2 2
4871 Gordion002.SG 0 0 2 2 NA
4872 gur016.SG 0 0 1 2 NA
4873 gur017.SG 0 0 1 2 NA
4874 gur019.SG 0 0 2 2 NA
4875 mus005.SG 0 0 2 2 2
4876 mus006.SG 0 0 1 2 NA
4877 sha003.SG 0 0 2 2 2
4878 sha004.SG 0 0 1 2 2
4879 sha006.SG 0 0 2 2 2
4880 sha007.SG 0 0 2 2 2
4881 sha008.SG 0 0 2 2 2
4882 sha009.SG 0 0 2 2 NA
4883 sha010.SG 0 0 2 2 2
4884 sha012.SG 0 0 1 2 2
4885 sha014.SG 0 0 1 2 2
4886 ulu117.SG 0 0 2 2 NA
4887 zrj003.SG 0 0 1 2 NA
4888 chy001.SG 0 0 2 2 NA
4889 chy002.SG 0 0 1 2 NA
4890 cim357.SG 0 0 1 2 NA
4891 cim358.SG 0 0 1 2 NA
4892 cim359.SG 0 0 2 2 2
4893 kzb001.SG 0 0 2 2 NA
4894 kzb002.SG 0 0 1 2 2
4895 kzb003.SG 0 0 1 2 NA
4896 kzb004.SG 0 0 2 2 NA
4897 kzb005.SG 0 0 1 2 2
4898 kzb006.SG 0 0 2 2 2
4899 kzb007.SG 0 0 1 2 2
4900 kzb008.SG 0 0 1 2 2
4901 kzb009.SG 0 0 2 2 NA
4902 mur001_srubnaya.SG 0 0 2 2 NA
4903 mur002_srubnaya.SG 0 0 1 2 NA
4904 mur003.SG 0 0 1 2 2
4905 mur004.SG 0 0 2 2 2
4906 scy006.WGC 0 0 2 2 NA
4907 scy009.SG 0 0 1 2 2
4908 scy010.SG 0 0 2 2 2
4909 scy011.SG 0 0 2 2 NA
4910 scy192.SG 0 0 2 2 2
4911 scy193.SG 0 0 1 2 2
4912 scy197.SG 0 0 1 2 NA
4913 scy300.SG 0 0 2 2 2
4914 scy301.SG 0 0 1 2 2
4915 scy303.SG 0 0 2 2 2
4916 scy304.SG 0 0 1 2 0
4917 scy305.SG 0 0 1 2 NA
4918 scy311.SG 0 0 2 2 NA
4919 scy332.SG 0 0 2 2 NA
4920 tem001.SG 0 0 2 2 NA
4921 tem002.SG 0 0 1 2 NA
4922 tem003.SG 0 0 1 2 NA
4923 vik_2072.SG 0 0 1 2 NA
4924 vik_84001.SG 0 0 1 2 0
4925 vik_84005.SG 0 0 1 2 0
4926 vik_84035.SG 0 0 2 2 NA
4927 vik_97002.SG 0 0 1 2 NA
4928 vik_97026.SG 0 0 1 2 NA
4929 vik_97029.SG 0 0 1 2 NA
4930 vik_bns023.SG 0 0 2 2 NA
4931 vik_grt035.SG 0 0 1 2 0
4932 vik_grt036.SG 0 0 1 2 0
4933 vik_gtm021.SG 0 0 2 2 2
4934 vik_gtm127.SG 0 0 2 2 NA
4935 vik_KAL006.SG 0 0 2 2 NA
4936 vik_kal009.SG 0 0 2 2 NA
4937 vik_kls001.SG 0 0 1 2 NA
4938 vik_nuf002.SG 0 0 1 2 NA
4939 vik_stg020.SG 0 0 2 2 NA
4940 vik_stg021.SG 0 0 2 2 0
4941 vik_stg026.SG 0 0 2 2 NA
4942 vik_urm035.SG 0 0 1 2 NA
4943 vik_urm045.SG 0 0 1 2 NA
4944 vik_urm160.SG 0 0 1 2 2
4945 vik_urm161.SG 0 0 1 2 NA
4946 AYIM22BY.AG 0 0 1 2 2
4947 AYIM22BN.AG 0 0 2 2 2
4948 C1703.AG.SG 0 0 2 2 2
4949 C1701.AG 0 0 1 2 2
4950 C1704.AG 0 0 1 2 2
4951 C1699.AG 0 0 2 2 2
4952 C1700.AG 0 0 1 2 2
4953 C1702.AG 0 0 1 2 2
4954 C794.AG 0 0 1 2 NA
4955 C1707.AG 0 0 1 2 2
4956 C1708.AG 0 0 2 2 2
4957 C1705.AG 0 0 1 2 2
4958 C1706.AG.SG 0 0 1 2 NA
4959 C1709.AG 0 0 2 2 2
4960 C2037.AG.SG 0 0 1 2 2
4961 C2036.AG 0 0 1 2 NA
4962 C2040.AG 0 0 2 2 2
4963 C2041.AG 0 0 2 2 2
4964 C2043.AG 0 0 1 2 NA
4965 C2045.AG 0 0 2 2 2
4966 C2046.AG 0 0 1 2 NA
4967 C2047.AG 0 0 1 2 NA
4968 C2048.AG 0 0 1 2 2
4969 C2049.AG 0 0 2 2 2
4970 C2042.AG 0 0 2 2 2
4971 C3344.AG 0 0 2 2 2
4972 C3349.AG 0 0 2 2 NA
4973 C3343.AG.SG 0 0 1 2 2
4974 C3348.AG.SG 0 0 2 2 2
4975 C3345.AG 0 0 2 2 2
4976 C3350.AG 0 0 2 2 2
4977 C3351.AG 0 0 2 2 2
4978 C3352.AG 0 0 1 2 NA
4979 C3353.AG 0 0 2 2 2
4980 C3346.AG 0 0 2 2 2
4981 C2057.AG 0 0 2 2 NA
4982 C1712.AG 0 0 1 2 2
4983 C1710.AG.SG 0 0 1 2 2
4984 C4132.AG.SG 0 0 2 2 2
4985 C4268.AG.SG 0 0 1 2 2
4986 C4272.AG.SG 0 0 1 2 2
4987 C4273.AG.SG 0 0 1 2 NA
4988 C4127.AG.SG 0 0 2 2 NA
4989 C4140.AG.SG 0 0 1 2 NA
4990 C4131.AG.SG 0 0 1 2 NA
4991 C4255.AG.SG 0 0 1 2 2
4992 C1653.AG 0 0 1 2 NA
4993 C1654.AG 0 0 1 2 2
4994 C1656.AG 0 0 1 2 NA
4995 C1652.AG 0 0 2 2 2
4996 C1650.AG.SG 0 0 1 2 2
4997 C1655.AG.SG 0 0 2 2 2
4998 C4149.AG.SG 0 0 2 2 2
4999 C1662.AG.SG 0 0 2 2 2
5000 C1668.AG 0 0 1 2 2
5001 C1670.AG.SG 0 0 2 2 NA
5002 C1667.AG 0 0 0 2 NA
5003 C1672.AG 0 0 1 2 2
5004 C1673.AG 0 0 1 2 2
5005 C1675.AG 0 0 2 2 NA
5006 C1664.AG 0 0 1 2 2
5007 C4276.AG.SG 0 0 2 2 2
5008 C4150.AG.SG 0 0 2 2 NA
5009 C3318.AG.SG 0 0 2 2 2
5010 C3312.AG 0 0 1 2 2
5011 C3315.AG 0 0 1 2 2
5012 C3317.AG 0 0 2 2 2
5013 C3319.AG 0 0 1 2 2
5014 C3320.AG 0 0 1 2 2
5015 C3313.AG 0 0 1 2 NA
5016 C3314.AG 0 0 2 2 NA
5017 C791.AG 0 0 1 2 2
5018 C792.AG 0 0 1 2 NA
5019 C790.AG 0 0 1 2 2
5020 G218M5-2.AG 0 0 1 2 2
5021 C3340.AG 0 0 1 2 2
5022 C3341.AG 0 0 1 2 2
5023 C3324.AG 0 0 1 2 2
5024 C3325.AG 0 0 1 2 2
5025 C3331.AG 0 0 1 2 NA
5026 C3332.AG 0 0 2 2 2
5027 C3333.AG 0 0 1 2 2
5028 C3337.AG 0 0 2 2 2
5029 C3326.AG.SG 0 0 1 2 2
5030 C3316.AG 0 0 1 2 2
5031 C1367.AG 0 0 2 2 2
5032 C1358.AG 0 0 2 2 2
5033 C1359.AG 0 0 2 2 2
5034 C1360.AG 0 0 2 2 2
5035 C1368.AG 0 0 1 2 2
5036 C1369.AG 0 0 2 2 2
5037 C1362.AG 0 0 1 2 NA
5038 C1364.AG 0 0 1 2 2
5039 C1366.AG 0 0 1 2 2
5040 C1365.AG 0 0 2 2 NA
5041 C1370.AG.SG 0 0 2 2 2
5042 C627_alt.AG 0 0 1 2 2
5043 C627.AG.SG 0 0 1 2 NA
5044 C1714.AG.SG 0 0 1 2 2
5045 C787.AG.SG 0 0 1 2 2
5046 C4260.AG.SG 0 0 2 2 NA
5047 C4265.AG.SG 0 0 2 2 2
5048 C628.AG 0 0 1 2 2
5049 C783.AG 0 0 1 2 NA
5050 C4278.AG.SG 0 0 2 2 2
5051 C4280.AG.SG 0 0 2 2 2
5052 C4279.AG.SG 0 0 1 2 2
5053 C1639.AG 0 0 1 2 NA
5054 C4282.AG.SG 0 0 1 2 NA
5055 C1646.AG.SG 0 0 2 2 2
5056 C1647.AG.SG 0 0 1 2 NA
5057 C1649.AG.SG 0 0 1 2 0
5058 C1634.AG 0 0 2 2 NA
5059 C1636.AG 0 0 2 2 NA
5060 C1637.AG 0 0 1 2 2
5061 C1640.AG 0 0 2 2 NA
5062 C1633.AG 0 0 1 2 NA
5063 C4283.AG.SG 0 0 1 2 2
5064 C847.AG.SG 0 0 1 2 2
5065 C799.AG.SG 0 0 2 2 2
5066 C845.AG 0 0 2 2 NA
5067 C846.AG 0 0 2 2 0
5068 C851.AG 0 0 1 2 2
5069 C3365.AG.SG 0 0 1 2 2
5070 C3359.AG 0 0 1 2 2
5071 C3361.AG 0 0 1 2 2
5072 C3354.AG.SG 0 0 1 2 2
5073 C3355.AG 0 0 0 2 NA
5074 C3356.AG 0 0 1 2 2
5075 C3362.AG 0 0 2 2 2
5076 C3363.AG 0 0 1 2 2
5077 C1660.AG 0 0 1 2 2
5078 C1658.AG 0 0 1 2 NA
5079 C1661.AG 0 0 1 2 2
5080 C1679.AG.SG 0 0 1 2 2
5081 C1678.AG 0 0 1 2 2
5082 C1677.AG 0 0 1 2 NA
5083 C3617.AG.SG 0 0 1 2 2
5084 C3616.AG 0 0 2 2 2
5085 C3619.AG 0 0 2 2 2
5086 C795.AG 0 0 1 2 2
5087 C812.AG 0 0 2 2 2
5088 C830.AG.SG 0 0 1 2 2
5089 C833.AG.SG 0 0 1 2 0
5090 C837.AG.SG 0 0 1 2 NA
5091 C3652.AG.SG 0 0 1 2 2
5092 C825.AG 0 0 0 2 2
5093 C836.AG 0 0 1 2 NA
5094 C3665.AG 0 0 0 2 NA
5095 C3666.AG 0 0 1 2 2
5096 C3674.AG 0 0 0 2 NA
5097 C814.AG 0 0 1 2 NA
5098 C3671.AG.SG 0 0 1 2 2
5099 C818.AG 0 0 1 2 2
5100 C822.AG 0 0 2 2 NA
5101 C840.AG 0 0 1 2 NA
5102 C3654.AG 0 0 1 2 NA
5103 C2031.AG 0 0 1 2 NA
5104 C2032.AG 0 0 1 2 2
5105 C1192.AG 0 0 1 2 2
5106 C1194.AG 0 0 1 2 2
5107 C1203.AG 0 0 2 2 2
5108 C1206.AG 0 0 1 2 2
5109 C1207.AG 0 0 2 2 2
5110 C1212.AG 0 0 1 2 2
5111 C1221.AG 0 0 1 2 2
5112 C1222.AG 0 0 1 2 2
5113 C1229.AG 0 0 1 2 2
5114 C1197.AG 0 0 2 2 2
5115 C1220.AG 0 0 1 2 2
5116 C1227.AG 0 0 2 2 2
5117 C1230.AG 0 0 2 2 2
5118 C1235.AG 0 0 1 2 2
5119 C1246.AG 0 0 1 2 NA
5120 C1258.AG 0 0 1 2 NA
5121 C1259.AG 0 0 1 2 NA
5122 C387.AG 0 0 1 2 2
5123 C388.AG 0 0 1 2 2
5124 C389.AG 0 0 2 2 2
5125 C390_alt1.AG 0 0 1 2 2
5126 C392.AG 0 0 1 2 2
5127 C393.AG 0 0 2 2 NA
5128 C390.AG 0 0 1 2 2
5129 C401.AG 0 0 1 2 NA
5130 C402.AG 0 0 1 2 NA
5131 C3633.AG 0 0 0 2 NA
5132 C3642.AG 0 0 1 2 NA
5133 C3622.AG 0 0 2 2 2
5134 C3631.AG 0 0 0 2 NA
5135 C3624.AG 0 0 1 2 NA
5136 C3625.AG 0 0 1 2 NA
5137 C793.AG.SG 0 0 1 2 2
5138 kum4.SG 0 0 2 2 NA
5139 kum6.SG 0 0 2 2 NA
5140 BOO001.AG 0 0 2 2 2
5141 BOO002.AG 0 0 1 2 2
5142 BOO003.AG 0 0 2 2 2
5143 BOO004.AG 0 0 1 2 2
5144 BOO005.AG 0 0 2 2 2
5145 BOO006.AG 0 0 2 2 2
5146 CHV001.AG 0 0 2 2 0
5147 CHV002.AG 0 0 1 2 0
5148 JK1963.AG 0 0 0 2 NA
5149 JK1967.AG 0 0 0 2 NA
5150 JK1968.AG 0 0 2 2 0
5151 JK1970.AG 0 0 2 2 0
5152 JK2065.AG 0 0 2 2 2
5153 JK2066.AG 0 0 0 2 NA
5154 JK2067.AG 0 0 0 2 NA
5155 Lapa14.AG 0 0 1 2 2
5156 Lapa01.AG 0 0 1 2 2
5157 Lapa24.AG 0 0 1 2 2
5158 Lapa25.AG 0 0 2 2 2
5159 Lapa22.AG 0 0 2 2 NA
5160 Lapa15.AG 0 0 1 2 2
5161 Lapa05.AG 0 0 2 2 NA
5162 tai001.SG 0 0 1 2 NA
5163 tai002.SG 0 0 2 2 NA
5164 IO2.AG 0 0 0 2 2
5165 MIS3.AG 0 0 0 2 2
5166 MIS5.AG 0 0 2 2 2
5167 MIS7.AG 0 0 0 2 2
5168 Ukraine_HG1_alt.SG 0 0 1 2 NA
5169 Ukraine_N1.SG 0 0 1 2 NA
5170 I4626.SG 0 0 1 2 2
5171 Latvia_MN1.SG 0 0 1 2 NA
5172 Latvia_HG3_alt.SG 0 0 1 2 2
5173 I4629.SG 0 0 2 2 NA
5174 Latvia_MN2.SG 0 0 2 2 2
5175 Latvia_HG1_alt.SG 0 0 2 2 NA
5176 pcw040.SG 0 0 1 2 2
5177 pcw041.SG 0 0 1 2 NA
5178 pcw061.SG 0 0 2 2 2
5179 pcw062.SG 0 0 2 2 NA
5180 pcw070.SG 0 0 1 2 2
5181 pcw110.SG 0 0 1 2 NA
5182 pcw160.SG 0 0 1 2 NA
5183 pcw191.SG 0 0 2 2 NA
5184 pcw211.SG 0 0 2 2 NA
5185 pcw212.SG 0 0 2 2 NA
5186 pcw250.SG 0 0 1 2 NA
5187 pcw260.SG 0 0 2 2 2
5188 pcw270.SG 0 0 2 2 NA
5189 pcw280.SG 0 0 2 2 2
5190 pcw350.SG 0 0 1 2 NA
5191 pcw361.SG 0 0 1 2 2
5192 pcw362.SG 0 0 1 2 2
5193 pcw420.SG 0 0 1 2 NA
5194 pcw430.SG 0 0 1 2 NA
5195 IL2.SG 0 0 2 2 2
5196 IL3.SG 0 0 2 2 2
5197 IL4.SG 0 0 1 2 2
5198 IL5.SG 0 0 2 2 0
5199 IL7.SG 0 0 1 2 2
5200 K1.SG 0 0 2 2 NA
5201 SMP5.SG 0 0 1 2 NA
5202 CH13.SG 0 0 2 2 NA
5203 CH19B.SG 0 0 2 2 NA
5204 C2.AG 0 0 0 2 NA
5205 C3.AG 0 0 1 2 2
5206 CNE1.AG.SG 0 0 1 2 2
5207 KM4.AG.SG 0 0 1 2 2
5208 KS20_KS25.AG.SG 0 0 1 2 2
5209 KS21_KS23_KS4.AG.SG 0 0 2 2 2
5210 KS26.AG.SG 0 0 2 2 2
5211 KS5.AG.SG 0 0 2 2 2
5212 KS8.AG.SG 0 0 1 2 2
5213 KS9.AG 0 0 1 2 2
5214 L1.AG 0 0 2 2 NA
5215 L2.AG 0 0 2 2 2
5216 M2113.AG.SG 0 0 2 2 2
5217 M241.AG 0 0 2 2 NA
5218 M295.AG.SG 0 0 2 2 2
5219 M368.AG.SG 0 0 2 2 2
5220 M4580.AG 0 0 2 2 2
5221 M4681.AG 0 0 2 2 2
5222 M63_M339_M359.AG 0 0 1 2 2
5223 M3490.AG 0 0 2 2 NA
5224 R1.AG 0 0 2 2 2
5225 R2_R7.AG.SG 0 0 2 2 2
5226 R5.AG 0 0 1 2 NA
5227 R8.AG 0 0 2 2 2
5228 S10_S13.AG 0 0 1 2 2
5229 S143_S173.AG.SG 0 0 1 2 2
5230 S18_S20_S21_S22.AG 0 0 2 2 2
5231 S29_S30.AG 0 0 1 2 NA
5232 S36.SG 0 0 2 2 NA
5233 S8.AG.SG 0 0 2 2 2
5234 U1.AG 0 0 2 2 2
5235 U2.AG 0 0 2 2 NA
5236 S16.AG 0 0 2 2 NA
5237 S163.AG 0 0 1 2 NA
5238 TAF012.AG 0 0 2 2 NA
5239 TAF013.AG 0 0 1 2 2
5240 TAF015.AG 0 0 1 2 NA
5241 ajv54.SG 0 0 1 2 NA
5242 ber1.SG 0 0 1 2 2
5243 ber2.SG 0 0 2 2 NA
5244 kar1.SG 0 0 2 2 0
5245 oll007.SG 0 0 2 2 NA
5246 oll009.SG 0 0 1 2 2
5247 oll010.SG 0 0 2 2 NA
5248 poz44.SG 0 0 2 2 NA
5249 poz81.SG 0 0 1 2 2
5250 ros005_renamed.SG 0 0 1 2 2
5251 ros3.SG 0 0 2 2 2
5252 NE20.AG 0 0 2 2 2
5253 NE56.AG 0 0 1 2 2
5254 NE34.AG 0 0 1 2 2
5255 NE5_AmurRiver.AG 0 0 1 2 2
5256 NE1_AmurRiver.AG 0 0 2 2 NA
5257 NE8.AG 0 0 1 2 2
5258 NE57.AG 0 0 1 2 NA
5259 NE36.AG 0 0 0 2 NA
5260 NE3.AG 0 0 1 2 2
5261 NE4.AG 0 0 1 2 2
5262 NE30.AG 0 0 1 2 2
5263 NE45.AG 0 0 1 2 NA
5264 NE44.AG 0 0 1 2 NA
5265 NE35.AG 0 0 2 2 2
5266 NE16.AG 0 0 2 2 NA
5267 NE49.AG 0 0 2 2 NA
5268 NE39.AG 0 0 1 2 2
5269 NE58.AG 0 0 1 2 NA
5270 NE18.AG 0 0 1 2 NA
5271 NE19.AG 0 0 1 2 NA
5272 NE29.AG 0 0 2 2 2
5273 NE22.AG 0 0 1 2 NA
5274 NE9.AG 0 0 2 2 2
5275 NE2_AmurRiver.AG 0 0 1 2 NA
5276 NE61.AG 0 0 0 2 NA
5277 AMC001.AG 0 0 2 2 2
5278 AMC005.AG 0 0 2 2 2
5279 AMC014.AG 0 0 1 2 NA
5280 COR001.AG 0 0 2 2 2
5281 COR002.AG 0 0 1 2 2
5282 FIL004.AG 0 0 2 2 NA
5283 I0210.AG 0 0 1 2 NA
5284 JK2739.AG 0 0 1 2 2
5285 ISC001.AG 0 0 1 2 2
5286 JK2723.AG 0 0 2 2 2
5287 LON003_LON004.AG 0 0 1 2 2
5288 JK2825.AG 0 0 1 2 2
5289 JK2839.AG 0 0 1 2 2
5290 JK2840.AG 0 0 1 2 NA
5291 JK2712.AG 0 0 1 2 NA
5292 JK2724.AG 0 0 2 2 NA
5293 JK2728.AG 0 0 2 2 2
5294 JK2742.AG 0 0 2 2 2
5295 JK2744.AG 0 0 1 2 NA
5296 JK2746.AG 0 0 2 2 NA
5297 MSR002.AG 0 0 1 2 2
5298 MSR003.AG 0 0 2 2 0
5299 NOE001.AG 0 0 1 2 NA
5300 NOE002.AG 0 0 1 2 NA
5301 ORC001.AG 0 0 2 2 2
5302 ORC002.AG 0 0 1 2 2
5303 ORC003.AG 0 0 1 2 2
5304 ORC004.AG 0 0 1 2 2
5305 ORC005.AG 0 0 2 2 2
5306 ORC006.AG 0 0 1 2 2
5307 ORC007.AG 0 0 1 2 2
5308 ORC008.AG 0 0 1 2 2
5309 ORC009.AG 0 0 2 2 2
5310 PJU002.AG 0 0 2 2 NA
5311 SEC004.AG 0 0 2 2 2
5312 SEC006.AG 0 0 2 2 2
5313 SID005.AG 0 0 1 2 2
5314 SID006.AG 0 0 1 2 NA
5315 SNN001.AG 0 0 1 2 NA
5316 SNN002.AG 0 0 1 2 NA
5317 SNN003.AG 0 0 2 2 2
5318 SNN004.AG 0 0 1 2 NA
5319 JK2716.AG 0 0 1 2 2
5320 JK2720.AG 0 0 1 2 NA
5321 SUA005.AG 0 0 2 2 NA
5322 SUA006.AG 0 0 2 2 2
5323 SUA007.AG 0 0 1 2 NA
5324 SUC001.AG 0 0 2 2 2
5325 R25.AG 0 0 2 2 2
5326 SUC003.AG 0 0 1 2 2
5327 R28.AG 0 0 2 2 2
5328 SUC005.AG 0 0 1 2 2
5329 R26.AG 0 0 1 2 2
5330 SUC007.AG 0 0 1 2 2
5331 SUC008.AG 0 0 2 2 2
5332 VIL004.AG 0 0 2 2 NA
5333 VIL006.AG 0 0 2 2 2
5334 VIL007.AG 0 0 1 2 2
5335 VIL009.AG 0 0 2 2 NA
5336 VIL010.AG 0 0 2 2 NA
5337 VIL011.AG 0 0 1 2 2
5338 VK101.SG 0 0 1 2 0
5339 VK102.SG 0 0 1 2 0
5340 VK108.SG 0 0 2 2 2
5341 VK110.SG 0 0 1 2 0
5342 VK111.SG 0 0 2 2 0
5343 VK113.SG 0 0 2 2 NA
5344 VK114.SG 0 0 2 2 2
5345 VK116.SG 0 0 1 2 NA
5346 VK117.SG 0 0 1 2 NA
5347 VK118.SG 0 0 2 2 2
5348 VK11.SG 0 0 2 2 NA
5349 VK122.SG 0 0 2 2 0
5350 VK123.SG 0 0 1 2 2
5351 VK124.SG 0 0 2 2 2
5352 VK125.SG 0 0 0 2 NA
5353 VK127.SG 0 0 1 2 NA
5354 VK128.SG 0 0 2 2 0
5355 VK133.SG 0 0 1 2 NA
5356 VK134.SG 0 0 1 2 0
5357 VK135.SG 0 0 2 2 NA
5358 VK138.SG 0 0 1 2 2
5359 VK139.SG 0 0 1 2 NA
5360 VK140.SG 0 0 1 2 NA
5361 VK141.SG 0 0 2 2 0
5362 VK143.SG 0 0 1 2 0
5363 VK144.SG 0 0 1 2 NA
5364 VK145.SG 0 0 1 2 NA
5365 VK146.SG 0 0 1 2 NA
5366 VK147.SG 0 0 1 2 2
5367 VK148.SG 0 0 1 2 NA
5368 VK149.SG 0 0 1 2 NA
5369 VK14.SG 0 0 1 2 NA
5370 VK150.SG 0 0 1 2 0
5371 VK151.SG 0 0 1 2 2
5372 VK153.SG 0 0 1 2 NA
5373 VK154.SG 0 0 2 2 0
5374 VK155.SG 0 0 2 2 NA
5375 VK156.SG 0 0 1 2 2
5376 VK157.SG 0 0 1 2 2
5377 VK158.SG 0 0 2 2 NA
5378 VK159.SG 0 0 1 2 NA
5379 VK15.SG 0 0 2 2 0
5380 VK160.SG 0 0 1 2 2
5381 VK161.SG 0 0 1 2 NA
5382 VK163.SG 0 0 1 2 NA
5383 VK165.SG 0 0 1 2 0
5384 VK166.SG 0 0 1 2 2
5385 VK167.SG 0 0 1 2 NA
5386 VK168.SG 0 0 1 2 0
5387 VK16.SG 0 0 1 2 NA
5388 VK170.SG 0 0 1 2 0
5389 VK171.SG 0 0 2 2 NA
5390 VK172.SG 0 0 1 2 0
5391 VK173.SG 0 0 1 2 0
5392 VK174.SG 0 0 1 2 NA
5393 VK175.SG 0 0 1 2 0
5394 VK176.SG 0 0 1 2 0
5395 VK177.SG 0 0 1 2 0
5396 VK178.SG 0 0 1 2 NA
5397 VK179.SG 0 0 1 2 0
5398 VK17.SG 0 0 1 2 2
5399 VK180.SG 0 0 1 2 NA
5400 VK182.SG 0 0 1 2 NA
5401 VK183.SG 0 0 1 2 NA
5402 VK184.SG 0 0 1 2 0
5403 VK185.SG 0 0 1 2 NA
5404 VK186.SG 0 0 1 2 0
5405 VK187.SG 0 0 2 2 0
5406 VK189.SG 0 0 2 2 NA
5407 VK18.SG 0 0 1 2 2
5408 VK190.SG 0 0 1 2 2
5409 VK191.SG 0 0 2 2 NA
5410 VK193.SG 0 0 2 2 NA
5411 VK196.SG 0 0 2 2 NA
5412 VK19.SG 0 0 2 2 NA
5413 VK1.SG 0 0 2 2 2
5414 VK200.SG 0 0 1 2 NA
5415 VK201.SG 0 0 1 2 NA
5416 VK202.SG 0 0 1 2 2
5417 VK203.SG 0 0 1 2 2
5418 VK204.SG 0 0 1 2 0
5419 VK205.SG 0 0 1 2 0
5420 VK206.SG 0 0 2 2 NA
5421 VK207.SG 0 0 2 2 NA
5422 VK208.SG 0 0 2 2 NA
5423 VK20.SG 0 0 1 2 0
5424 VK210.SG 0 0 1 2 NA
5425 VK211.SG 0 0 1 2 NA
5426 VK212.SG 0 0 1 2 0
5427 VK213.SG 0 0 2 2 NA
5428 VK214.SG 0 0 2 2 NA
5429 VK215.SG 0 0 1 2 NA
5430 VK216.SG 0 0 2 2 NA
5431 VK217.SG 0 0 1 2 NA
5432 VK218.SG 0 0 1 2 2
5433 VK219.SG 0 0 1 2 2
5434 VK21.SG 0 0 2 2 NA
5435 VK220.SG 0 0 1 2 0
5436 VK221.SG 0 0 1 2 0
5437 VK223.SG 0 0 1 2 0
5438 VK224.SG 0 0 1 2 NA
5439 VK225.SG 0 0 1 2 NA
5440 VK226.SG 0 0 2 2 NA
5441 VK227.SG 0 0 2 2 0
5442 VK228.SG 0 0 2 2 NA
5443 VK22.SG 0 0 1 2 NA
5444 VK230.SG 0 0 2 2 0
5445 VK232.SG 0 0 1 2 2
5446 VK234.SG 0 0 1 2 0
5447 VK236.SG 0 0 2 2 0
5448 VK237.SG 0 0 1 2 0
5449 VK238.SG 0 0 1 2 NA
5450 VK239.SG 0 0 1 2 NA
5451 VK23.SG 0 0 1 2 NA
5452 VK240.SG 0 0 2 2 0
5453 VK241.SG 0 0 2 2 NA
5454 VK242.SG 0 0 1 2 0
5455 VK244.SG 0 0 1 2 0
5456 VK245.SG 0 0 1 2 0
5457 VK247.SG 0 0 2 2 NA
5458 VK248.SG 0 0 1 2 NA
5459 VK24.SG 0 0 1 2 NA
5460 VK251.SG 0 0 1 2 NA
5461 VK252.SG 0 0 0 2 NA
5462 VK253.SG 0 0 2 2 NA
5463 VK254.SG 0 0 2 2 NA
5464 VK255.SG 0 0 2 2 NA
5465 VK256.SG 0 0 1 2 0
5466 VK257.SG 0 0 1 2 0
5467 VK258.SG 0 0 1 2 0
5468 VK259.SG 0 0 1 2 NA
5469 VK25.SG 0 0 1 2 0
5470 VK260.SG 0 0 1 2 NA
5471 VK261.SG 0 0 1 2 NA
5472 VK262.SG 0 0 1 2 0
5473 VK263.SG 0 0 1 2 2
5474 VK265.SG 0 0 2 2 2
5475 VK266.SG 0 0 2 2 0
5476 VK267.SG 0 0 1 2 NA
5477 VK268.SG 0 0 1 2 0
5478 VK269.SG 0 0 1 2 NA
5479 VK270.SG 0 0 2 2 NA
5480 VK272.SG 0 0 2 2 NA
5481 VK273.SG 0 0 1 2 2
5482 VK274.SG 0 0 1 2 2
5483 VK275.SG 0 0 1 2 NA
5484 VK276.SG 0 0 2 2 NA
5485 VK278.SG 0 0 2 2 NA
5486 VK279.SG 0 0 1 2 NA
5487 VK27.SG 0 0 1 2 NA
5488 VK280.SG 0 0 1 2 NA
5489 VK281.SG 0 0 1 2 0
5490 VK282.SG 0 0 1 2 2
5491 VK284.SG 0 0 2 2 0
5492 VK285.SG 0 0 2 2 2
5493 VK286.SG 0 0 1 2 2
5494 VK287.SG 0 0 1 2 NA
5495 VK288.SG 0 0 2 2 NA
5496 VK289.SG 0 0 1 2 0
5497 VK290.SG 0 0 1 2 2
5498 VK291.SG 0 0 1 2 NA
5499 VK292.SG 0 0 1 2 NA
5500 VK294.SG 0 0 2 2 NA
5501 VK295.SG 0 0 1 2 NA
5502 VK296.SG 0 0 1 2 0
5503 VK297.SG 0 0 1 2 NA
5504 VK298.SG 0 0 2 2 0
5505 VK29.SG 0 0 1 2 2
5506 VK300.SG 0 0 2 2 NA
5507 VK301.SG 0 0 1 2 2
5508 VK303.SG 0 0 2 2 0
5509 VK304.SG 0 0 1 2 NA
5510 VK306.SG 0 0 1 2 2
5511 VK308.SG 0 0 1 2 2
5512 VK309.SG 0 0 1 2 2
5513 VK30.SG 0 0 1 2 0
5514 VK312.SG 0 0 2 2 NA
5515 VK313.SG 0 0 1 2 NA
5516 VK314.SG 0 0 2 2 2
5517 VK315.SG 0 0 1 2 NA
5518 VK316.SG 0 0 1 2 2
5519 VK317.SG 0 0 1 2 NA
5520 VK319.SG 0 0 2 2 0
5521 VK31.SG 0 0 1 2 0
5522 VK320.SG 0 0 1 2 2
5523 VK322.SG 0 0 2 2 2
5524 VK323.SG 0 0 1 2 0
5525 VK324.SG 0 0 1 2 0
5526 VK325.SG 0 0 2 2 2
5527 VK326.SG 0 0 1 2 2
5528 VK327.SG 0 0 1 2 NA
5529 VK328.SG 0 0 2 2 0
5530 VK329.SG 0 0 1 2 2
5531 VK330.SG 0 0 2 2 0
5532 VK332.SG 0 0 1 2 NA
5533 VK333.SG 0 0 1 2 2
5534 VK334.SG 0 0 2 2 NA
5535 VK335.SG 0 0 1 2 2
5536 VK336.SG 0 0 1 2 NA
5537 VK337.SG 0 0 1 2 2
5538 VK338.SG 0 0 1 2 2
5539 VK339.SG 0 0 2 2 NA
5540 VK33.SG 0 0 2 2 0
5541 VK340.SG 0 0 2 2 NA
5542 VK342.SG 0 0 1 2 0
5543 VK345.SG 0 0 1 2 0
5544 VK346.SG 0 0 1 2 NA
5545 VK349.SG 0 0 1 2 0
5546 VK34.SG 0 0 1 2 0
5547 VK350.SG 0 0 2 2 2
5548 VK352.SG 0 0 1 2 0
5549 VK353.SG 0 0 2 2 0
5550 VK354.SG 0 0 1 2 0
5551 VK355.SG 0 0 1 2 2
5552 VK357.SG 0 0 1 2 2
5553 VK358.SG 0 0 2 2 0
5554 VK359.SG 0 0 1 2 NA
5555 VK35.SG 0 0 1 2 0
5556 VK361.SG 0 0 2 2 2
5557 VK362.SG 0 0 1 2 NA
5558 VK363.SG 0 0 1 2 0
5559 VK364.SG 0 0 2 2 0
5560 VK365.SG 0 0 1 2 NA
5561 VK366.SG 0 0 2 2 0
5562 VK367.SG 0 0 1 2 NA
5563 VK368.SG 0 0 2 2 0
5564 VK369.SG 0 0 1 2 NA
5565 VK370.SG 0 0 2 2 0
5566 VK371.SG 0 0 2 2 2
5567 VK372.SG 0 0 2 2 0
5568 VK373.SG 0 0 1 2 2
5569 VK379.SG 0 0 1 2 NA
5570 VK380.SG 0 0 1 2 NA
5571 VK382.SG 0 0 1 2 NA
5572 VK383.SG 0 0 2 2 NA
5573 VK384.SG 0 0 1 2 0
5574 VK385.SG 0 0 2 2 0
5575 VK386.SG 0 0 1 2 0
5576 VK387.SG 0 0 2 2 2
5577 VK388.SG 0 0 1 2 0
5578 VK389.SG 0 0 1 2 0
5579 VK390.SG 0 0 1 2 2
5580 VK391.SG 0 0 2 2 NA
5581 VK392.SG 0 0 2 2 0
5582 VK393.SG 0 0 2 2 0
5583 VK395.SG 0 0 1 2 0
5584 VK396.SG 0 0 1 2 2
5585 VK397.SG 0 0 1 2 NA
5586 VK398.SG 0 0 1 2 NA
5587 VK399.SG 0 0 1 2 0
5588 VK39.SG 0 0 1 2 NA
5589 VK400.SG 0 0 1 2 2
5590 VK401.SG 0 0 1 2 0
5591 VK402.SG 0 0 2 2 NA
5592 VK403.SG 0 0 1 2 NA
5593 VK404.SG 0 0 1 2 0
5594 VK405.SG 0 0 1 2 2
5595 VK406.SG 0 0 1 2 NA
5596 VK407.SG 0 0 1 2 NA
5597 VK408.SG 0 0 1 2 NA
5598 VK409.SG 0 0 1 2 NA
5599 VK40.SG 0 0 1 2 0
5600 VK410.SG 0 0 1 2 NA
5601 VK411.SG 0 0 1 2 NA
5602 VK413.SG 0 0 2 2 NA
5603 VK414.SG 0 0 1 2 2
5604 VK415.SG 0 0 2 2 2
5605 VK417.SG 0 0 2 2 2
5606 VK418.SG 0 0 1 2 2
5607 VK419.SG 0 0 1 2 NA
5608 VK420.SG 0 0 1 2 0
5609 VK421.SG 0 0 1 2 NA
5610 VK422.SG 0 0 1 2 0
5611 VK424.SG 0 0 1 2 NA
5612 VK425.SG 0 0 1 2 NA
5613 VK426.SG 0 0 1 2 NA
5614 VK427.SG 0 0 1 2 NA
5615 VK428.SG 0 0 2 2 NA
5616 VK429.SG 0 0 2 2 0
5617 VK42.SG 0 0 1 2 0
5618 VK430.SG 0 0 1 2 NA
5619 VK431.SG 0 0 1 2 NA
5620 VK432.SG 0 0 2 2 2
5621 VK433.SG 0 0 2 2 0
5622 VK434.SG 0 0 2 2 NA
5623 VK435.SG 0 0 2 2 NA
5624 VK437.SG 0 0 2 2 NA
5625 VK438.SG 0 0 1 2 NA
5626 VK439.SG 0 0 2 2 NA
5627 VK440.SG 0 0 2 2 NA
5628 VK441.SG 0 0 2 2 NA
5629 VK442.SG 0 0 2 2 2
5630 VK443.SG 0 0 1 2 2
5631 VK444.SG 0 0 1 2 2
5632 VK445.SG 0 0 1 2 0
5633 VK446.SG 0 0 1 2 NA
5634 VK448.SG 0 0 2 2 0
5635 VK449.SG 0 0 1 2 NA
5636 VK44.SG 0 0 1 2 NA
5637 VK450.SG 0 0 2 2 NA
5638 VK452.SG 0 0 1 2 2
5639 VK453.SG 0 0 1 2 NA
5640 VK454.SG 0 0 2 2 NA
5641 VK455.SG 0 0 2 2 0
5642 VK456.SG 0 0 2 2 0
5643 VK457.SG 0 0 2 2 NA
5644 VK458.SG 0 0 2 2 NA
5645 VK459.SG 0 0 2 2 NA
5646 VK45.SG 0 0 1 2 NA
5647 VK460.SG 0 0 2 2 NA
5648 VK461.SG 0 0 1 2 NA
5649 VK462.SG 0 0 2 2 NA
5650 VK463.SG 0 0 1 2 2
5651 VK464.SG 0 0 2 2 NA
5652 VK466.SG 0 0 1 2 2
5653 VK467.SG 0 0 1 2 NA
5654 VK468.SG 0 0 1 2 0
5655 VK469.SG 0 0 1 2 0
5656 VK46.SG 0 0 1 2 0
5657 VK470.SG 0 0 2 2 NA
5658 VK471.SG 0 0 1 2 NA
5659 VK472.SG 0 0 2 2 2
5660 VK473.SG 0 0 1 2 0
5661 VK474.SG 0 0 1 2 NA
5662 VK475.SG 0 0 1 2 2
5663 VK476.SG 0 0 2 2 NA
5664 VK477.SG 0 0 2 2 0
5665 VK478.SG 0 0 2 2 2
5666 VK479.SG 0 0 1 2 NA
5667 VK480.SG 0 0 1 2 2
5668 VK481.SG 0 0 1 2 2
5669 VK482.SG 0 0 1 2 2
5670 VK483.SG 0 0 1 2 NA
5671 VK484.SG 0 0 1 2 0
5672 VK485.SG 0 0 1 2 NA
5673 VK486.SG 0 0 1 2 0
5674 VK487.SG 0 0 1 2 0
5675 VK488.SG 0 0 1 2 NA
5676 VK489.SG 0 0 1 2 0
5677 VK48.SG 0 0 1 2 2
5678 VK490.SG 0 0 1 2 NA
5679 VK491.SG 0 0 1 2 0
5680 VK492.SG 0 0 1 2 NA
5681 VK493.SG 0 0 1 2 2
5682 VK494.SG 0 0 1 2 NA
5683 VK495.SG 0 0 1 2 NA
5684 VK496.SG 0 0 1 2 0
5685 VK497.SG 0 0 1 2 0
5686 VK498.SG 0 0 1 2 0
5687 VK504.SG 0 0 1 2 NA
5688 VK505.SG 0 0 1 2 NA
5689 VK506.SG 0 0 1 2 NA
5690 VK507.SG 0 0 1 2 0
5691 VK508.SG 0 0 1 2 0
5692 VK509.SG 0 0 1 2 0
5693 VK50.SG 0 0 1 2 0
5694 VK510.SG 0 0 1 2 NA
5695 VK511.SG 0 0 1 2 2
5696 VK512.SG 0 0 1 2 0
5697 VK513.SG 0 0 1 2 0
5698 VK514.SG 0 0 1 2 NA
5699 VK515.SG 0 0 1 2 0
5700 VK516.SG 0 0 1 2 0
5701 VK517.SG 0 0 1 2 0
5702 VK518.SG 0 0 2 2 NA
5703 VK519.SG 0 0 1 2 NA
5704 VK51.SG 0 0 1 2 NA
5705 VK520.SG 0 0 2 2 0
5706 VK521.SG 0 0 1 2 0
5707 VK522.SG 0 0 2 2 0
5708 VK523.SG 0 0 2 2 NA
5709 VK524.SG 0 0 1 2 0
5710 VK525.SG 0 0 2 2 NA
5711 VK526.SG 0 0 2 2 0
5712 VK527.SG 0 0 2 2 2
5713 VK528.SG 0 0 1 2 0
5714 VK529.SG 0 0 1 2 0
5715 VK530.SG 0 0 2 2 0
5716 VK531.SG 0 0 1 2 2
5717 VK532.SG 0 0 1 2 2
5718 VK533.SG 0 0 1 2 0
5719 VK535.SG 0 0 1 2 NA
5720 VK536.SG 0 0 2 2 2
5721 VK537.SG 0 0 2 2 2
5722 VK538.SG 0 0 1 2 2
5723 VK539.SG 0 0 1 2 0
5724 VK53.SG 0 0 1 2 NA
5725 VK540.SG 0 0 2 2 0
5726 VK541.SG 0 0 1 2 2
5727 VK542.SG 0 0 1 2 2
5728 VK543.SG 0 0 1 2 2
5729 VK544.SG 0 0 2 2 0
5730 VK545.SG 0 0 1 2 2
5731 VK546.SG 0 0 1 2 NA
5732 VK547.SG 0 0 1 2 0
5733 VK548.SG 0 0 2 2 0
5734 VK549.SG 0 0 1 2 0
5735 VK550.SG 0 0 1 2 0
5736 VK551.SG 0 0 1 2 0
5737 VK552.SG 0 0 1 2 0
5738 VK553.SG 0 0 1 2 NA
5739 VK554.SG 0 0 1 2 0
5740 VK555.SG 0 0 1 2 NA
5741 VK56.SG 0 0 2 2 0
5742 VK579.SG 0 0 1 2 NA
5743 VK57.SG 0 0 1 2 NA
5744 VK582.SG 0 0 1 2 NA
5745 VK58.SG 0 0 2 2 0
5746 VK60.SG 0 0 1 2 2
5747 VK63.SG 0 0 2 2 2
5748 VK64.SG 0 0 1 2 2
5749 VK65.SG 0 0 2 2 NA
5750 VK69.SG 0 0 2 2 2
5751 VK6.SG 0 0 2 2 0
5752 VK70.SG 0 0 1 2 0
5753 VK71.SG 0 0 1 2 NA
5754 VK74.SG 0 0 2 2 NA
5755 VK75.SG 0 0 1 2 NA
5756 VK76.SG 0 0 0 2 NA
5757 VK77.SG 0 0 2 2 NA
5758 VK78.SG 0 0 2 2 NA
5759 VK84.SG 0 0 2 2 2
5760 VK86.SG 0 0 2 2 NA
5761 VK87.SG 0 0 1 2 0
5762 VK90.SG 0 0 2 2 NA
5763 VK92.SG 0 0 2 2 NA
5764 VK94.SG 0 0 2 2 NA
5765 VK95.SG 0 0 1 2 0
5766 VK98.SG 0 0 1 2 0
5767 VK99.SG 0 0 2 2 2
5768 VK9.SG 0 0 2 2 0
5769 ACG-19.SG 0 0 1 2 2
5770 AGY-49.SG 0 0 2 2 0
5771 AGY-75.SG 0 0 0 2 2
5772 AGY-87.SG 0 0 2 2 2
5773 AGY-92.SG 0 0 0 2 2
5774 ALT-224.SG 0 0 0 2 2
5775 ALT-369.SG 0 0 0 2 0
5776 ALT-412.SG 0 0 2 2 2
5777 ALT-414.SG 0 0 2 2 2
5778 ALT-442.SG 0 0 0 2 2
5779 ALT-596.SG 0 0 2 2 2
5780 ALT-77.SG 0 0 0 2 2
5781 AN-286.SG 0 0 2 2 0
5782 AN-376.SG 0 0 2 2 2
5783 Anapa-10.SG 0 0 0 2 2
5784 Anapa-11.SG 0 0 0 2 2
5785 Anapa-9.SG 0 0 2 2 2
5786 ANY-4027.SG 0 0 0 2 2
5787 ARK-11.SG 0 0 2 2 2
5788 ARK-14.SG 0 0 0 2 2
5789 ARK-16.SG 0 0 2 2 2
5790 ARK-17.SG 0 0 0 2 2
5791 ARK-19.SG 0 0 0 2 2
5792 ARK-20.SG 0 0 2 2 NA
5793 ARK-21.SG 0 0 2 2 2
5794 ARK-24.SG 0 0 0 2 2
5795 ARK-29.SG 0 0 0 2 2
5796 ARK-36.SG 0 0 0 2 NA
5797 ARK-38.SG 0 0 2 2 2
5798 ARK-41.SG 0 0 2 2 2
5799 ARK-43.SG 0 0 2 2 2
5800 ARK-48.SG 0 0 2 2 2
5801 ARK-49.SG 0 0 1 2 2
5802 ARK-50.SG 0 0 1 2 2
5803 ARK-6.SG 0 0 0 2 2
5804 BK-2.SG 0 0 1 2 NA
5805 A1801.SG 0 0 1 2 2
5806 CSB-3.SG 0 0 0 2 NA
5807 CSB-9.SG 0 0 2 2 2
5808 CSPF-114.SG 0 0 0 2 2
5809 CSPF-182.SG 0 0 0 2 2
5810 CSPF-213.SG 0 0 0 2 2
5811 CSPF-37.SG 0 0 0 2 2
5812 CSU-11.SG 0 0 2 2 2
5813 DK-701.SG 0 0 0 2 2
5814 FGD-4.SG 0 0 0 2 2
5815 FU-193.SG 0 0 0 2 2
5816 FU-215.SG 0 0 0 2 NA
5817 HC-168.SG 0 0 2 2 NA
5818 HGO-26.SG 0 0 2 2 2
5819 HH-10.SG 0 0 0 2 NA
5820 HH-102.SG 0 0 2 2 2
5821 HH-22.SG 0 0 0 2 2
5822 HMSZ-157.SG 0 0 0 2 2
5823 HMSZ-229.SG 0 0 2 2 0
5824 HMSZ-231.SG 0 0 0 2 2
5825 HMSZ-245.SG 0 0 2 2 0
5826 HMSZ-43.SG 0 0 0 2 2
5827 HMSZ-5.SG 0 0 2 2 NA
5828 HMSZ-50.SG 0 0 0 2 2
5829 HMSZ-86.SG 0 0 0 2 NA
5830 HMSZ-88.SG 0 0 0 2 2
5831 IBE-106.SG 0 0 2 2 NA
5832 IBE-107.SG 0 0 0 2 2
5833 IBE-116.SG 0 0 2 2 0
5834 IBE-154.SG 0 0 0 2 2
5835 IBE-161.SG 0 0 0 2 2
5836 IBE-176.SG 0 0 0 2 2
5837 IBE-206.SG 0 0 2 2 2
5838 IBE-90.SG 0 0 0 2 0
5839 JHT-130.SG 0 0 0 2 NA
5840 JHT-154.SG 0 0 0 2 0
5841 JHT-30.SG 0 0 0 2 2
5842 K1-1.SG 0 0 2 2 2
5843 K1-10.SG 0 0 0 2 2
5844 K1-3286.SG 0 0 0 2 2
5845 K2-16.SG 0 0 0 2 NA
5846 K2-18.SG 0 0 0 2 0
5847 K2-26.SG 0 0 1 2 NA
5848 K2-29.SG 0 0 1 2 2
5849 K2-33.SG 0 0 1 2 2
5850 K2-52.SG 0 0 1 2 2
5851 K2-61.SG 0 0 0 2 NA
5852 K3-12.SG 0 0 1 2 2
5853 K3-13.SG 0 0 1 2 NA
5854 K3-6.SG 0 0 2 2 NA
5855 KD-16.SG 0 0 0 2 2
5856 KDA-188.SG 0 0 2 2 2
5857 KDA-485.SG 0 0 0 2 2
5858 KDA-517.SG 0 0 0 2 2
5859 KDA-520.SG 0 0 2 2 2
5860 KeF1-10936.SG 0 0 1 2 2
5861 KeF2-1045.SG 0 0 0 2 NA
5862 KFP-30a.SG 0 0 0 2 2
5863 KFP-31.SG 0 0 0 2 NA
5864 KFP-6.SG 0 0 0 2 2
5865 KFP-7.SG 0 0 2 2 NA
5866 KH-500.SG 0 0 0 2 NA
5867 KH-596.SG 0 0 2 2 2
5868 KK1-245.SG 0 0 0 2 2
5869 KK1-251.SG 0 0 0 2 2
5870 KK1-252.SG 0 0 0 2 2
5871 KK1-368.SG 0 0 2 2 2
5872 KK2-429.SG 0 0 2 2 0
5873 KK2-441.SG 0 0 2 2 2
5874 KK2-445.SG 0 0 0 2 NA
5875 KK1-541.SG 0 0 0 2 2
5876 KK2-670.SG 0 0 0 2 NA
5877 KMT-2785.SG 0 0 0 2 2
5878 KPM-14.SG 0 0 0 2 2
5879 KPM-23.SG 0 0 0 2 2
5880 KPM-27.SG 0 0 2 2 0
5881 KV-3367.SG 0 0 2 2 NA
5882 KV-3369.SG 0 0 0 2 2
5883 KV-3450.SG 0 0 2 2 0
5884 KV-3456.SG 0 0 2 2 NA
5885 LB-1432.SG 0 0 1 2 2
5886 MH-106.SG 0 0 2 2 0
5887 MH-107.SG 0 0 2 2 2
5888 MH1-14.SG 0 0 2 2 NA
5889 MH1-23.SG 0 0 1 2 2
5890 MH-137.SG 0 0 1 2 NA
5891 MH1-4.SG 0 0 0 2 2
5892 MH-153.SG 0 0 2 2 0
5893 MH1-9.SG 0 0 1 2 NA
5894 MH-88.SG 0 0 0 2 2
5895 MM-131.SG 0 0 2 2 2
5896 MM-151.SG 0 0 2 2 NA
5897 MM-240.SG 0 0 2 2 2
5898 MM-245.SG 0 0 2 2 2
5899 MM-61.SG 0 0 0 2 2
5900 MM-80.SG 0 0 0 2 2
5901 MM-83.SG 0 0 2 2 0
5902 MS-43.SG 0 0 2 2 NA
5903 MS-45.SG 0 0 0 2 2
5904 MS-50.SG 0 0 0 2 NA
5905 MT-17.SG 0 0 0 2 2
5906 MT-23.SG 0 0 0 2 NA
5907 MT-29.SG 0 0 0 2 2
5908 MT-74.SG 0 0 0 2 2
5909 NK-2.SG 0 0 1 2 2
5910 NTH-1.SG 0 0 0 2 0
5911 NTH-19.SG 0 0 0 2 NA
5912 NTH-2.SG 0 0 2 2 2
5913 NTH-20.SG 0 0 2 2 2
5914 OBH-37.SG 0 0 2 2 2
5915 KD-29.SG 0 0 2 2 2
5916 OBT-106.SG 0 0 0 2 2
5917 OBT-108.SG 0 0 2 2 2
5918 OBT-3.SG 0 0 0 2 2
5919 OBT-51.SG 0 0 0 2 2
5920 OBT-56.SG 0 0 0 2 2
5921 PLE-115.SG 0 0 1 2 2
5922 PLE-195.SG 0 0 1 2 2
5923 PLE-200.SG 0 0 0 2 2
5924 PLE-216.SG 0 0 1 2 2
5925 PLE-23.SG 0 0 1 2 2
5926 PLE-28.SG 0 0 1 2 NA
5927 PLE-327.SG 0 0 2 2 2
5928 PLE-38.SG 0 0 1 2 2
5929 PLE-384.SG 0 0 0 2 0
5930 PLE-418.SG 0 0 2 2 2
5931 PLE-441.SG 0 0 0 2 2
5932 PLE-57.SG 0 0 2 2 2
5933 PLE-95.SG 0 0 0 2 0
5934 PV-116.SG 0 0 2 2 2
5935 PV-12.SG 0 0 0 2 2
5936 PV-125.SG 0 0 0 2 2
5937 PV-200.SG 0 0 0 2 2
5938 PV-205.SG 0 0 0 2 2
5939 SE-114.SG 0 0 0 2 2
5940 SE-16.SG 0 0 2 2 2
5941 SE-23.SG 0 0 0 2 2
5942 SE-64.SG 0 0 2 2 NA
5943 SEI-1.SG 0 0 0 2 2
5944 SEI-5.SG 0 0 0 2 2
5945 SEI-6.SG 0 0 2 2 2
5946 SEO-3.SG 0 0 2 2 0
5947 SEO-4.SG 0 0 1 2 0
5948 SH-103.SG 0 0 2 2 2
5949 SH-106.SG 0 0 0 2 2
5950 SH-12.SG 0 0 2 2 2
5951 SH-143.SG 0 0 2 2 NA
5952 SH-175.SG 0 0 0 2 0
5953 SH-182.SG 0 0 0 2 NA
5954 SH-251.SG 0 0 0 2 NA
5955 SH-41.SG 0 0 0 2 2
5956 SH-81.SG 0 0 0 2 2
5957 SH-98.SG 0 0 0 2 2
5958 SO-5.SG 0 0 0 2 2
5959 SP-10.SG 0 0 0 2 2
5960 SP-2.SG 0 0 0 2 2
5961 SP-9.SG 0 0 2 2 2
5962 SSD-144.SG 0 0 0 2 2
5963 SSD-151.SG 0 0 0 2 NA
5964 SSD-17.SG 0 0 2 2 2
5965 SSD-198.SG 0 0 0 2 2
5966 SSD-35.SG 0 0 2 2 2
5967 SSD-58.SG 0 0 2 2 0
5968 SZA-154.SG 0 0 2 2 NA
5969 SZA-20.SG 0 0 2 2 2
5970 SZA-29.SG 0 0 2 2 2
5971 SZA-44.SG 0 0 2 2 2
5972 SZA-52.SG 0 0 0 2 2
5973 SZA-7.SG 0 0 0 2 2
5974 SZAK-1.SG 0 0 1 2 NA
5975 SZAK-4.SG 0 0 2 2 2
5976 SZAK-6.SG 0 0 2 2 2
5977 SZAK-7.SG 0 0 2 2 2
5978 SZF-181.SG 0 0 2 2 2
5979 SZF-371.SG 0 0 2 2 2
5980 SZF-43.SG 0 0 0 2 2
5981 SZK-102.SG 0 0 0 2 NA
5982 SZK-130.SG 0 0 0 2 2
5983 SZK-180.SG 0 0 0 2 0
5984 SZK-213.SG 0 0 2 2 2
5985 SZK-83.SG 0 0 0 2 2
5986 SZKT-265.SG 0 0 0 2 NA
5987 SZKT-311.SG 0 0 0 2 2
5988 SZKT-62.SG 0 0 0 2 2
5989 SZKT-70.SG 0 0 0 2 0
5990 SZKT-89.SG 0 0 2 2 2
5991 SZLA-646.SG 0 0 2 2 0
5992 SZM-24.SG 0 0 0 2 2
5993 SZM-255.SG 0 0 0 2 2
5994 SZM-259.SG 0 0 0 2 2
5995 SZM-332.SG 0 0 0 2 2
5996 SZM-38.SG 0 0 0 2 2
5997 SZOD1-127.SG 0 0 2 2 2
5998 SZOD1-187.SG 0 0 2 2 2
5999 SZOD1-554.SG 0 0 0 2 2
6000 SZOD1-76.SG 0 0 2 2 2
6001 SZOD1-829.SG 0 0 0 2 2
6002 SZOD-376.SG 0 0 0 2 NA
6003 SZOD-394.SG 0 0 0 2 2
6004 SZOD-426.SG 0 0 2 2 NA
6005 SZOD-566.SG 0 0 0 2 2
6006 SZRV-147.SG 0 0 0 2 2
6007 SZRV-168.SG 0 0 0 2 2
6008 SZRV-212.SG 0 0 2 2 2
6009 SZRV-266.SG 0 0 2 2 2
6010 SZRV-277.SG 0 0 0 2 2
6011 SZRV-316.SG 0 0 2 2 2
6012 SZRV-54.SG 0 0 2 2 0
6013 SZRV-67.SG 0 0 2 2 0
6014 TCS-18.SG 0 0 0 2 2
6015 TCS-2.SG 0 0 2 2 2
6016 TCS-5.SG 0 0 0 2 2
6017 TMH-1273.SG 0 0 2 2 NA
6018 TMH-199.SG 0 0 0 2 0
6019 TMH-388.SG 0 0 0 2 0
6020 TMH-509.SG 0 0 0 2 0
6021 TMH-756.SG 0 0 2 2 0
6022 TMH-798.SG 0 0 0 2 2
6023 TTSZ-43.SG 0 0 0 2 2
6024 VM-33.SG 0 0 0 2 2
6025 VPB-118.SG 0 0 2 2 2
6026 VPB-167.SG 0 0 0 2 0
6027 VPB-279.SG 0 0 0 2 NA
6028 VPB-307.SG 0 0 1 2 2
6029 VPB-31.SG 0 0 2 2 2
6030 VPB-310.SG 0 0 0 2 NA
6031 VPB-588.SG 0 0 2 2 NA
6032 VPB-600.SG 0 0 2 2 2
6033 HUN001.SG 0 0 1 2 2
6034 CabecoArruda117B.SG 0 0 1 2 2
6035 I11600.SG 0 0 1 2 2
6036 CovaMoura364.SG 0 0 1 2 2
6037 CovaMoura9B.SG 0 0 2 2 2
6038 DolmenAnsiao96B.SG 0 0 1 2 2
6039 LugarCanto41.SG 0 0 2 2 2
6040 LugarCanto42.SG 0 0 2 2 2
6041 LugarCanto44.SG 0 0 2 2 2
6042 LugarCanto45.SG 0 0 1 2 NA
6043 MonteCanelas337A.SG 0 0 1 2 NA
6044 MonteGato104.SG 0 0 1 2 2
6045 TV32032extra.SG 0 0 1 2 2
6046 TV3831.SG 0 0 1 2 NA
6047 ValeOuro10207.SG 0 0 2 2 NA
6048 salkhit1_d.AG.BY.AA 0 0 2 2 NA
6049 IK002.SG 0 0 2 2 2
6050 In661.WGC 0 0 2 2 NA
6051 In662.SG 0 0 1 2 NA
6052 La364.SG 0 0 1 2 2
6053 La368.SG 0 0 1 2 NA
6054 La727.WGC 0 0 2 2 NA
6055 La898.SG 0 0 1 2 2
6056 Ma554.WGC 0 0 1 2 NA
6057 Ma555.SG 0 0 1 2 NA
6058 Ma911.WGC 0 0 1 2 NA
6059 Ma912.SG 0 0 1 2 2
6060 Phl534.WGC 0 0 2 2 NA
6061 Th521.SG 0 0 1 2 NA
6062 Th530.SG 0 0 1 2 NA
6063 Th531.WGC 0 0 2 2 NA
6064 Vt719.SG 0 0 2 2 NA
6065 Vt777.SG 0 0 2 2 NA
6066 Vt778.SG 0 0 1 2 NA
6067 Vt779.SG 0 0 2 2 NA
6068 Vt781.SG 0 0 2 2 2
6069 Vt796.SG 0 0 2 2 NA
6070 Vt808.SG 0 0 2 2 NA
6071 Vt833.SG 0 0 2 2 NA
6072 Vt880.SG 0 0 2 2 NA
6073 Donkalnis1.AG 0 0 2 2 NA
6074 Donkalnis4.AG 0 0 1 2 NA
6075 Donkalnis7.AG 0 0 1 2 2
6076 Kivisaare3.AG 0 0 1 2 2
6077 Kivutkalns153.AG 0 0 1 2 2
6078 Kivutkalns164.AG 0 0 1 2 NA
6079 Kivutkalns194.AG 0 0 1 2 0
6080 Kivutkalns19.AG 0 0 1 2 2
6081 Kivutkalns207.AG 0 0 2 2 2
6082 Kivutkalns222_alt.AG 0 0 1 2 2
6083 Kivutkalns42.AG 0 0 2 2 2
6084 Kretuonas1.AG 0 0 2 2 2
6085 MA973.AG 0 0 1 2 2
6086 Kvarlov5164.AG 0 0 2 2 2
6087 MotalaAA.AG 0 0 2 2 NA
6088 Plinkaigalis241.AG 0 0 2 2 0
6089 Spiginas4.AG 0 0 2 2 2
6090 Tamula1.AG 0 0 2 2 2
6091 Tamula3.AG 0 0 1 2 NA
6092 Turlojiske1932.AG 0 0 2 2 NA
6093 Turlojiske1.AG 0 0 1 2 NA
6094 Turlojiske3.AG 0 0 1 2 2
6095 Turlojiske5.AG 0 0 1 2 NA
6096 UzOO77.AG 0 0 2 2 2
6097 Veibri4.AG 0 0 2 2 2
6098 AITI_119.AG 0 0 1 2 NA
6099 AITI_120.AG.SG 0 0 1 2 2
6100 AITI_2.AG 0 0 1 2 2
6101 AITI_36.AG.SG 0 0 1 2 NA
6102 AITI_40.AG.SG 0 0 1 2 2
6103 AITI_43.AG 0 0 1 2 2
6104 AITI_50.AG.SG 0 0 1 2 NA
6105 AITI_70.AG.SG 0 0 1 2 2
6106 AITI_72.AG.SG 0 0 1 2 2
6107 AITI_78.AG.SG 0 0 1 2 2
6108 AITI_98.AG.SG 0 0 1 2 NA
6109 OBKR_80.AG 0 0 1 2 2
6110 OTTM_141A.AG.SG 0 0 1 2 NA
6111 OTTM_154.AG.SG 0 0 1 2 2
6112 OTTM_156.AG.SG 0 0 1 2 NA
6113 POST_28.AG 0 0 1 2 2
6114 POST_44.AG 0 0 1 2 2
6115 POST_47.AG 0 0 1 2 NA
6116 POST_50.AG 0 0 1 2 2
6117 POST_6.AG 0 0 1 2 0
6118 UNTA58_153.AG 0 0 1 2 NA
6119 UNTA58_68Sk1.AG 0 0 1 2 2
6120 UNTA85_1343.AG 0 0 1 2 2
6121 UNTA85_1412.AG 0 0 1 2 2
6122 WEHR_1192SkA.AG 0 0 1 2 2
6123 WEHR_1415child.AG 0 0 1 2 2
6124 R10337.SG 0 0 1 2 NA
6125 R10338.SG 0 0 1 2 0
6126 R10339.SG 0 0 1 2 NA
6127 R10340.SG 0 0 1 2 2
6128 R10341.SG 0 0 1 2 2
6129 R10342.SG 0 0 1 2 2
6130 R10343.SG 0 0 2 2 2
6131 R10344.SG 0 0 1 2 NA
6132 R10359.SG 0 0 2 2 NA
6133 R10361.SG 0 0 1 2 2
6134 R10363.SG 0 0 1 2 NA
6135 R11102.SG 0 0 2 2 2
6136 R11104.SG 0 0 1 2 NA
6137 R11105.SG 0 0 2 2 2
6138 R11107.SG 0 0 2 2 NA
6139 R11746.SG 0 0 1 2 2
6140 R11749.SG 0 0 2 2 NA
6141 R11753.SG 0 0 1 2 2
6142 R11755.SG 0 0 2 2 NA
6143 R11759.SG 0 0 2 2 2
6144 R11776.SG 0 0 2 2 NA
6145 R11778.SG 0 0 2 2 NA
6146 R11780.SG 0 0 2 2 2
6147 R11790.SG 0 0 2 2 2
6148 R11791.SG 0 0 2 2 2
6149 19651.SG 0 0 2 2 2
6150 SA5832.SG 0 0 2 2 2
6151 A460.SG 0 0 1 2 2
6152 Aconcagua.SG 0 0 1 2 2
6153 AHUR_2064.SG 0 0 1 2 2
6154 AHUR770c.SG 0 0 1 2 NA
6155 Andaman.SG 0 0 1 2 2
6156 Lovelock1.SG 0 0 2 2 2
6157 Lovelock2.SG 0 0 2 2 2
6158 Lovelock3.SG 0 0 2 2 2
6159 Lovelock4.SG 0 0 1 2 NA
6160 Sumidouro7.SG 0 0 1 2 2
6161 Sumidouro8.SG 0 0 2 2 NA
6162 TrailCreek.SG 0 0 2 2 NA
6163 ALG001.AG 0 0 1 2 NA
6164 ALG002.AG 0 0 2 2 NA
6165 ALG003.AG 0 0 1 2 2
6166 ALG004.AG 0 0 2 2 NA
6167 CAA001003.AG 0 0 2 2 2
6168 CAA002.AG 0 0 2 2 2
6169 CAO001.AG 0 0 1 2 2
6170 CAO004_alt.AG 0 0 1 2 NA
6171 CAO006.AG 0 0 1 2 NA
6172 CAO007.AG 0 0 2 2 2
6173 CAO009.AG 0 0 2 2 2
6174 CAO010.AG 0 0 1 2 NA
6175 CAO011.AG 0 0 1 2 2
6176 CAO012.AG 0 0 2 2 2
6177 CAO014.AG 0 0 1 2 2
6178 CAO015.AG 0 0 2 2 2
6179 CAO016.AG 0 0 2 2 2
6180 CAO017.AG 0 0 1 2 2
6181 CAO018.AG 0 0 0 2 NA
6182 CAO022026.AG 0 0 1 2 2
6183 CAO023025.AG 0 0 1 2 2
6184 CAO024.AG 0 0 1 2 2
6185 CAO027.AG 0 0 1 2 2
6186 CAO028.AG 0 0 1 2 2
6187 CAO029.AG 0 0 1 2 2
6188 CAO032.AG 0 0 2 2 2
6189 CDE001.AG 0 0 1 2 2
6190 CDE002.AG 0 0 2 2 2
6191 CDE003.AG 0 0 1 2 2
6192 CDE004.AG 0 0 2 2 2
6193 CDE005.AG 0 0 1 2 2
6194 CIP001.AG 0 0 2 2 2
6195 CIP002.AG 0 0 1 2 NA
6196 CIP003.AG 0 0 2 2 NA
6197 CIP007012.AG 0 0 1 2 NA
6198 CIP008.AG 0 0 2 2 NA
6199 CIP009.AG 0 0 1 2 NA
6200 CIP010.AG 0 0 1 2 NA
6201 CIP011.AG 0 0 2 2 NA
6202 CUC001.AG 0 0 1 2 NA
6203 CUC002.AG 0 0 1 2 2
6204 CUC003.AG 0 0 2 2 2
6205 CUC004.AG 0 0 1 2 NA
6206 ELM001.AG 0 0 2 2 2
6207 GUY002.AG 0 0 1 2 2
6208 GUY003.AG 0 0 1 2 2
6209 LAV001.AG 0 0 1 2 2
6210 LAV002.AG 0 0 1 2 2
6211 LAV003.AG 0 0 1 2 2
6212 LAV004.AG 0 0 1 2 2
6213 LAV005.AG 0 0 2 2 2
6214 LAV006.AG 0 0 1 2 2
6215 LAV007.AG 0 0 2 2 NA
6216 LAV008.AG 0 0 2 2 NA
6217 LAV009.AG 0 0 2 2 NA
6218 LAV010.AG 0 0 1 2 2
6219 LAV011.AG 0 0 2 2 NA
6220 LAV012.AG 0 0 2 2 NA
6221 LOI001.AG 0 0 1 2 NA
6222 MTO001.AG 0 0 2 2 2
6223 PCA001.AG 0 0 2 2 NA
6224 PCA002.AG 0 0 1 2 2
6225 PCA006.AG 0 0 1 2 NA
6226 PCA009.AG 0 0 1 2 NA
6227 PCA010.AG 0 0 2 2 NA
6228 PCV001.AG 0 0 2 2 2
6229 PCV003.AG 0 0 1 2 2
6230 PCV004.AG 0 0 2 2 NA
6231 PDI003.AG 0 0 0 2 NA
6232 PDI006.AG 0 0 2 2 NA
6233 PDI008.AG 0 0 2 2 2
6234 PDI009.AG 0 0 1 2 NA
6235 PDI010.AG 0 0 1 2 2
6236 PDI011.AG 0 0 1 2 2
6237 PDI012013.AG 0 0 1 2 2
6238 PDM001.AG 0 0 2 2 2
6239 PDM002.AG 0 0 2 2 2
6240 PDM003.AG 0 0 1 2 2
6241 PDM004.AG 0 0 1 2 2
6242 PDM006.AG 0 0 2 2 NA
6243 PDM008.AG 0 0 1 2 NA
6244 PDM009.AG 0 0 1 2 2
6245 PDM010.AG 0 0 2 2 2
6246 TIB001.AG 0 0 2 2 NA
6247 TIB002.AG 0 0 2 2 2
6248 PDI008.WGC 0 0 2 2 2
6249 PI-51.WGC 0 0 0 2 NA
6250 F004.SG 0 0 2 2 NA
6251 M010.SG 0 0 2 2 2
6252 M012.SG 0 0 1 2 NA
6253 M15-1.SG 0 0 1 2 NA
6254 M15-2.SG 0 0 1 2 NA
6255 M4.SG 0 0 1 2 NA
6256 M819.SG 0 0 2 2 2
6257 M820.SG 0 0 2 2 NA
6258 M827.SG 0 0 2 2 NA
6259 M8R1.SG 0 0 1 2 2
6260 X3.SG 0 0 1 2 NA
6261 91KLH11.SG 0 0 2 2 NA
6262 91KLH18.SG 0 0 1 2 NA
6263 91KLM2.SG 0 0 1 2 2
6264 BLSM27S.SG 0 0 2 2 2
6265 BLSM41.SG 0 0 1 2 NA
6266 BLSM45.SG 0 0 2 2 2
6267 DCZ-M17IV.SG 0 0 2 2 NA
6268 DCZ-M21II.SG 0 0 1 2 2
6269 DCZ-M22IV.SG 0 0 2 2 2
6270 DCZ-M6.SG 0 0 2 2 NA
6271 EDM124.SG 0 0 1 2 NA
6272 EDM139.SG 0 0 2 2 NA
6273 EDM176.SG 0 0 1 2 2
6274 HJTM107.SG 0 0 1 2 2
6275 HJTM109.SG 0 0 1 2 2
6276 HJTM115.SG 0 0 2 2 NA
6277 HJTW13.SG 0 0 1 2 NA
6278 HMF32.SG 0 0 2 2 2
6279 JCKM1-1.SG 0 0 1 2 2
6280 JXNTM23.SG 0 0 2 2 2
6281 JXNTM2.SG 0 0 1 2 2
6282 LGM41.SG 0 0 1 2 2
6283 LGM79.SG 0 0 2 2 2
6284 LJM14.SG 0 0 1 2 2
6285 LJM25.SG 0 0 1 2 NA
6286 LJM2.SG 0 0 2 2 2
6287 LJM3.SG 0 0 1 2 2
6288 LJM4.SG 0 0 2 2 NA
6289 LJM5.SG 0 0 1 2 2
6290 MGS-M6.SG 0 0 1 2 NA
6291 MGS-M7L.SG 0 0 1 2 NA
6292 MGS-M7R.SG 0 0 1 2 NA
6293 MZGM10-1.SG 0 0 1 2 NA
6294 MZGM16.SG 0 0 1 2 2
6295 MZGM25-2.SG 0 0 2 2 NA
6296 PLTM310.SG 0 0 2 2 2
6297 PLTM311.SG 0 0 1 2 2
6298 PLTM312.SG 0 0 1 2 NA
6299 PLTM313.SG 0 0 2 2 2
6300 SM-M27.SG 0 0 1 2 2
6301 SM-M6.SG 0 0 1 2 2
6302 SM-M7X.SG 0 0 2 2 NA
6303 WD-WT1H16.SG 0 0 1 2 2
6304 WD-WT5M2.SG 0 0 2 2 2
6305 WGH35-1.SG 0 0 2 2 NA
6306 WGM20.SG 0 0 2 2 NA
6307 WGM35.SG 0 0 2 2 2
6308 WGM43.SG 0 0 1 2 NA
6309 WGM70.SG 0 0 2 2 NA
6310 WGM76S.SG 0 0 2 2 NA
6311 WGM94.SG 0 0 1 2 2
6312 WQM4.SG 0 0 2 2 NA
6313 XW-M1R18.SG 0 0 1 2 2
6314 ZLNR-1.SG 0 0 1 2 NA
6315 ZLNR-2.SG 0 0 2 2 NA
6316 AMA001.AG 0 0 1 2 2
6317 AMA003008.AG 0 0 2 2 2
6318 AMA004.AG 0 0 2 2 2
6319 AMA005.AG 0 0 2 2 2
6320 AMA009.AG 0 0 2 2 2
6321 JAB001.AG 0 0 2 2 2
6322 KMO001.AG 0 0 2 2 NA
6323 LIA001002.AG 0 0 2 2 2
6324 LIT001.AG 0 0 2 2 2
6325 TanjungPinang1.AG 0 0 1 2 2
6326 TanjungPinang2.AG 0 0 1 2 2
6327 TanjungPinang4.AG 0 0 1 2 2
6328 TanjungPinang6.AG 0 0 1 2 2
6329 TOP002.AG 0 0 1 2 2
6330 TOP004.AG 0 0 1 2 2
6331 Uattamdi1.AG 0 0 1 2 2
6332 I0719.SG 0 0 1 2 2
6333 BOL001_antiquity.AG 0 0 2 2 2
6334 BOL002_antiquity.AG 0 0 2 2 0
6335 BOL003_antiquity.AG 0 0 2 2 NA
6336 BOL004.AG 0 0 2 2 2
6337 BOL005.AG 0 0 2 2 2
6338 BOL006.AG 0 0 2 2 2
6339 BOL007.AG 0 0 2 2 0
6340 BOL008.AG 0 0 2 2 2
6341 BOL009.AG 0 0 2 2 0
6342 GOR001_Gorokhovets.AG 0 0 1 2 0
6343 GOS001.AG 0 0 1 2 NA
6344 GOS002.AG 0 0 1 2 0
6345 GOS003.AG 0 0 1 2 NA
6346 KBL002.AG 0 0 2 2 2
6347 KBL003.AG 0 0 2 2 2
6348 KED001.AG 0 0 2 2 2
6349 KED002.AG 0 0 2 2 2
6350 KED003.AG 0 0 2 2 0
6351 KED004.AG 0 0 2 2 2
6352 KRS001.AG 0 0 2 2 2
6353 SHE001.AG 0 0 1 2 NA
6354 SHE002.AG 0 0 2 2 NA
6355 SHE003.AG 0 0 1 2 2
6356 SHE004.AG 0 0 2 2 0
6357 SHE005.AG 0 0 1 2 NA
6358 SHE006.AG 0 0 2 2 0
6359 SHE007.AG 0 0 1 2 NA
6360 SHE008.AG 0 0 2 2 0
6361 SHE009.AG 0 0 1 2 2
6362 SHK001.AG 0 0 1 2 NA
6363 SHK002.AG 0 0 1 2 NA
6364 CO001.SG 0 0 2 2 2
6365 CO066.SG 0 0 1 2 NA
6366 CO154.SG 0 0 2 2 2
6367 CO193.SG 0 0 2 2 2
6368 TW004.SG 0 0 1 2 NA
6369 TW008.SG 0 0 1 2 2
6370 TW013.SG 0 0 2 2 2
6371 TW020.SG 0 0 2 2 2
6372 TW027.SG 0 0 1 2 NA
6373 TW028.SG 0 0 1 2 2
6374 TW033.SG 0 0 2 2 NA
6375 TW056.SG 0 0 2 2 2
6376 TW059.SG 0 0 1 2 2
6377 TW060.SG 0 0 2 2 2
6378 TW061.SG 0 0 2 2 NA
6379 TW063.SG 0 0 2 2 2
6380 TW097.SG 0 0 1 2 NA
6381 FUT001.AG 0 0 2 2 2
6382 FUT002.AG 0 0 2 2 2
6383 FUT006.AG 0 0 1 2 2
6384 FUT007.AG 0 0 1 2 NA
6385 LHA001.AG 0 0 2 2 NA
6386 MAI002.AG 0 0 2 2 2
6387 MAL001.AG 0 0 2 2 2
6388 MAL002.AG 0 0 2 2 NA
6389 MAL004.AG 0 0 1 2 2
6390 MAL006.AG 0 0 2 2 NA
6391 MAL007.AG 0 0 2 2 2
6392 MAL008.AG 0 0 2 2 NA
6393 TAN001.AG 0 0 1 2 2
6394 TAN002.AG 0 0 1 2 2
6395 TAP002.AG 0 0 1 2 NA
6396 TAP003.AG 0 0 1 2 2
6397 TAP004.AG 0 0 1 2 NA
6398 TON001.AG 0 0 2 2 NA
6399 TON002.AG 0 0 1 2 2
6400 Vestonice14.AG 0 0 1 2 2
6401 DON006.AG 0 0 1 2 NA
6402 KVH002.AG 0 0 2 2 2
6403 MN2001.AG 0 0 1 2 NA
6404 MN2002.AG 0 0 1 2 2
6405 MNN003.AG 0 0 1 2 2
6406 MUR017.AG 0 0 1 2 NA
6407 MUR021.AG 0 0 1 2 NA
6408 UOO015.AG 0 0 2 2 NA
6409 UOO025.AG 0 0 2 2 2
6410 UOO029.AG 0 0 2 2 NA
6411 UOO037.AG 0 0 2 2 2
6412 UOO047.AG 0 0 2 2 NA
6413 UOO053.AG 0 0 1 2 2
6414 VO1004.AG 0 0 1 2 2
6415 AAT001.AG 0 0 2 2 2
6416 DOG004.AG 0 0 1 2 2
6417 DOG006.AG 0 0 1 2 NA
6418 PIN004.AG 0 0 2 2 NA
6419 ZKU002.AG.SG 0 0 2 2 2
6420 BDB001.AG 0 0 2 2 2
6421 BOT004.AG 0 0 1 2 NA
6422 BOT005.AG 0 0 2 2 NA
6423 FLR001.AG 0 0 1 2 2
6424 FLR002.AG 0 0 1 2 2
6425 FLR003.AG 0 0 1 2 2
6426 FLR004.AG 0 0 1 2 2
6427 FLR005.AG 0 0 1 2 2
6428 FLR007.AG 0 0 1 2 2
6429 FLR010.AG 0 0 1 2 2
6430 FLR013.AG 0 0 2 2 2
6431 FLR014.AG 0 0 1 2 2
6432 GRG003.AG 0 0 1 2 2
6433 GRG008.AG 0 0 1 2 2
6434 GRG015.AG 0 0 2 2 2
6435 GRG016.AG 0 0 1 2 2
6436 GRG018.AG 0 0 2 2 NA
6437 GRG019.AG 0 0 2 2 2
6438 GRG021.AG 0 0 1 2 2
6439 GRG022.AG 0 0 1 2 2
6440 GRG023.AG 0 0 1 2 2
6441 GRG025.AG 0 0 2 2 2
6442 GRG027.AG 0 0 1 2 2
6443 GRG028.AG 0 0 2 2 2
6444 GRG032.AG 0 0 2 2 2
6445 GRG035.AG 0 0 1 2 2
6446 GRG043.AG 0 0 1 2 2
6447 GRG047.AG 0 0 1 2 NA
6448 GRG049.AG 0 0 2 2 NA
6449 GRG050.AG 0 0 2 2 2
6450 GRG052.AG 0 0 1 2 2
6451 GRG056.AG 0 0 2 2 2
6452 GRG057.AG 0 0 1 2 2
6453 HBS002.AG 0 0 1 2 NA
6454 HBS004.AG 0 0 1 2 2
6455 HBS005.AG 0 0 1 2 NA
6456 HBS006.AG 0 0 1 2 NA
6457 HBS007.AG 0 0 1 2 NA
6458 HBS008.AG 0 0 1 2 NA
6459 HBS009.AG 0 0 1 2 2
6460 LBR001.AG 0 0 1 2 2
6461 LBR002.AG 0 0 1 2 2
6462 LBR003.AG 0 0 2 2 2
6463 LBR004.AG 0 0 2 2 2
6464 LBR005.AG 0 0 1 2 2
6465 OBN001.AG 0 0 2 2 2
6466 OBN002.AG 0 0 2 2 2
6467 OBN003.AG 0 0 2 2 2
6468 OBN004.AG 0 0 1 2 2
6469 OBN005.AG 0 0 1 2 2
6470 OBN006.AG 0 0 1 2 2
6471 OBN007.AG 0 0 1 2 2
6472 OBN008.AG 0 0 2 2 2
6473 OBN009.AG 0 0 2 2 2
6474 OBN010.AG 0 0 2 2 2
6475 OBN011.AG 0 0 1 2 2
6476 PEN001_real1.AG 0 0 2 2 2
6477 PEN001_real2.AG 0 0 2 2 2
6478 PEN003.AG 0 0 1 2 2
6479 PRI001.AG 0 0 1 2 2
6480 PRI005.AG 0 0 2 2 NA
6481 PRI006.AG 0 0 2 2 2
6482 SCH001.AG 0 0 2 2 NA
6483 SCH004.AG 0 0 1 2 NA
6484 SCH007.AG 0 0 2 2 NA
6485 SCH009.AG 0 0 2 2 NA
6486 SCH010.AG 0 0 2 2 2
6487 SCH011.AG 0 0 1 2 NA
6488 SCH014.AG 0 0 2 2 NA
6489 SCH015.AG 0 0 2 2 NA
6490 SCH016.AG 0 0 1 2 2
6491 SCH018.AG 0 0 1 2 NA
6492 SMH004.AG 0 0 2 2 NA
6493 TGM008.AG 0 0 1 2 NA
6494 TGM009.AG 0 0 1 2 2
6495 XN164.AG 0 0 1 2 2
6496 XN165.AG 0 0 1 2 2
6497 XN166.AG 0 0 2 2 NA
6498 XN167.AG 0 0 1 2 2
6499 XN168.AG 0 0 1 2 2
6500 XN169.AG 0 0 2 2 2
6501 XN170.AG 0 0 1 2 2
6502 XN171.AG 0 0 1 2 2
6503 XN172.AG 0 0 2 2 2
6504 XN173.AG 0 0 1 2 2
6505 XN174.AG 0 0 1 2 2
6506 XN175.AG 0 0 2 2 NA
6507 XN178.AG 0 0 2 2 NA
6508 XN180.AG 0 0 1 2 NA
6509 XN182.AG 0 0 2 2 2
6510 XN183.AG 0 0 2 2 NA
6511 XN188.AG 0 0 2 2 2
6512 XN191.AG 0 0 1 2 NA
6513 XN205.AG 0 0 1 2 NA
6514 XN206.AG 0 0 1 2 NA
6515 XN207.AG 0 0 2 2 2
6516 XN211.AG 0 0 2 2 NA
6517 XN215.AG 0 0 1 2 NA
6518 XN224.AG 0 0 2 2 NA
6519 XN225.AG 0 0 1 2 NA
6520 FLR008.AG 0 0 1 2 2
6521 FLR009.AG 0 0 1 2 NA
6522 FLR011.AG 0 0 1 2 NA
6523 FLR012.AG 0 0 1 2 2
6524 FLR015.AG 0 0 1 2 NA
6525 A1801.AG 0 0 1 2 2
6526 A1802.AG 0 0 1 2 2
6527 A1803.AG 0 0 2 2 NA
6528 A1804.AG 0 0 1 2 2
6529 A1805.AG 0 0 2 2 2
6530 A1806.AG 0 0 2 2 2
6531 A1807.AG 0 0 1 2 2
6532 A1808.AG 0 0 1 2 2
6533 A1809.AG 0 0 2 2 2
6534 A181013.AG 0 0 2 2 NA
6535 A181014.AG 0 0 1 2 0
6536 A181015.AG 0 0 1 2 2
6537 A181016.AG 0 0 1 2 NA
6538 A181017.AG 0 0 1 2 NA
6539 A181018.AG 0 0 2 2 0
6540 A181019.AG 0 0 1 2 2
6541 A181020.AG 0 0 2 2 2
6542 A181021.AG 0 0 2 2 2
6543 A181022.AG 0 0 2 2 2
6544 A181023.AG 0 0 1 2 2
6545 A181024.AG 0 0 2 2 2
6546 A181025.AG 0 0 1 2 2
6547 A181026.AG 0 0 2 2 0
6548 A181027.AG 0 0 2 2 2
6549 A181028.AG 0 0 1 2 2
6550 A181029.AG 0 0 1 2 2
6551 A1810.AG 0 0 2 2 2
6552 A1811.AG 0 0 2 2 2
6553 A1812.AG 0 0 1 2 2
6554 A1813.AG 0 0 1 2 0
6555 A1814.AG 0 0 1 2 2
6556 A1815.AG 0 0 1 2 2
6557 A1816.AG 0 0 2 2 2
6558 A1817.AG 0 0 1 2 2
6559 A1818.AG 0 0 2 2 2
6560 A1819.AG 0 0 1 2 2
6561 A1823.AG 0 0 1 2 2
6562 A1824.AG 0 0 1 2 2
6563 A1825.AG 0 0 2 2 NA
6564 0LS03.SG 0 0 1 2 NA
6565 0LS09.SG 0 0 2 2 NA
6566 IIg.SG 0 0 1 2 NA
6567 IIIt.SG 0 0 2 2 NA
6568 ILS01.SG 0 0 1 2 NA
6569 V7.SG 0 0 1 2 NA
6570 V8.SG 0 0 2 2 NA
6571 VII3.SG 0 0 1 2 NA
6572 VIII6.SG 0 0 2 2 NA
6573 VIII7.SG 0 0 2 2 NA
6574 VIII8.SG 0 0 1 2 NA
6575 X02.SG 0 0 1 2 NA
6576 X05.SG 0 0 1 2 2
6577 X06.SG 0 0 0 2 NA
6578 X07.SG 0 0 0 2 NA
6579 X09.SG 0 0 1 2 NA
6580 X12.SG 0 0 1 2 NA
6581 X13.SG 0 0 0 2 NA
6582 X16.SG 0 0 1 2 NA
6583 X19.SG 0 0 2 2 NA
6584 X20.SG 0 0 1 2 NA
6585 Ardu2.SG 0 0 1 2 2
6586 Kunila1.SG 0 0 1 2 2
6587 MA973.SG 0 0 1 2 2
6588 Kudrukula2.SG 0 0 2 2 NA
6589 Kudrukula3.SG 0 0 1 2 NA
6590 BER001.SG 0 0 1 2 NA
6591 BOL001.SG 0 0 1 2 NA
6592 BOL002.SG 0 0 2 2 NA
6593 BOL003.SG 0 0 1 2 2
6594 GOL001.SG 0 0 1 2 NA
6595 HAL001.SG 0 0 1 2 2
6596 HAN002.SG 0 0 1 2 2
6597 HAN003.SG 0 0 0 2 NA
6598 HAN004.SG 0 0 1 2 2
6599 IVA001.SG 0 0 2 2 2
6600 KAR001.SG 0 0 2 2 NA
6601 MIL001.SG 0 0 2 2 NA
6602 MIL002.SG 0 0 2 2 NA
6603 MOT001.SG 0 0 2 2 NA
6604 NAU001.SG 0 0 1 2 NA
6605 NAU002.SG 0 0 1 2 2
6606 NIK001.SG 0 0 1 2 NA
6607 NIK002.SG 0 0 1 2 NA
6608 NIK003.SG 0 0 1 2 NA
6609 NIK004.SG 0 0 2 2 2
6610 NIK005.SG 0 0 2 2 NA
6611 NIK006.SG 0 0 1 2 NA
6612 NIK007.SG 0 0 2 2 NA
6613 NIK008AB.SG 0 0 1 2 2
6614 RDT002.SG 0 0 2 2 NA
6615 TIM001.SG 0 0 1 2 NA
6616 TIM002.SG 0 0 0 2 NA
6617 TIM003.SG 0 0 1 2 NA
6618 TIM005.SG 0 0 2 2 NA
6619 TIM006.SG 0 0 2 2 NA
6620 TIM008.SG 0 0 1 2 NA
6621 TIM009.SG 0 0 0 2 NA
6622 TIM010.SG 0 0 1 2 NA
6623 TIM011.SG 0 0 2 2 NA
6624 VOD001.SG 0 0 2 2 NA
6625 VOR001.SG 0 0 0 2 NA
6626 VOR002.SG 0 0 1 2 NA
6627 VOR003.SG 0 0 1 2 NA
6628 VOR004.SG 0 0 2 2 2
6629 VOR005.SG 0 0 1 2 2
6630 ans003.SG 0 0 2 2 2
6631 ans005.SG 0 0 2 2 NA
6632 ans008.SG 0 0 1 2 NA
6633 ans014.SG 0 0 1 2 2
6634 ans016.SG 0 0 1 2 NA
6635 ans017.SG 0 0 1 2 2
6636 bal004.SG 0 0 2 2 2
6637 car004.WGC.SG 0 0 1 2 NA
6638 kol002.SG 0 0 2 2 NA
6639 kol006.SG 0 0 2 2 NA
6640 lai001.SG 0 0 1 2 NA
6641 mid001.SG 0 0 1 2 2
6642 mid002.SG 0 0 1 2 NA
6643 prs002.SG 0 0 2 2 2
6644 prs003/015.WGC.SG 0 0 1 2 2
6645 prs006/011.WGC.SG 0 0 2 2 NA
6646 prs010.WGC.SG 0 0 1 2 NA
6647 prs012.WGC.SG 0 0 1 2 NA
6648 prs016.SG 0 0 1 2 2
6649 prs017.WGC.SG 0 0 1 2 NA
6650 prs018.WGC.SG 0 0 1 2 NA
6651 BRC001.SG 0 0 0 2 NA
6652 BRC003.SG 0 0 0 2 2
6653 BRC007.SG 0 0 2 2 NA
6654 BRC010.SG 0 0 2 2 2
6655 BRC022.SG 0 0 0 2 NA
6656 BRC030.SG 0 0 2 2 NA
6657 GCP003.SG 0 0 2 2 NA
6658 GLR003.SG 0 0 2 2 NA
6659 LSC002.SG 0 0 0 2 2
6660 LSC005.SG 0 0 2 2 NA
6661 LSC011.SG 0 0 0 2 NA
6662 611.SG 0 0 1 2 2
6663 613.SG 0 0 1 2 2
6664 523a.SG 0 0 1 2 2
6665 Ala1.SG 0 0 2 2 2
6666 B-03.SG 0 0 1 2 NA
6667 B-04.SG 0 0 2 2 NA
6668 CH-01.SG 0 0 2 2 NA
6669 CK-03.SG 0 0 1 2 NA
6670 CK-09.SG 0 0 2 2 2
6671 CK-10.SG 0 0 2 2 NA
6672 CK-13.SG 0 0 2 2 NA
6673 CR-01.SG 0 0 2 2 2
6674 CT-01.SG 0 0 1 2 2
6675 CT-02.SG 0 0 2 2 NA
6676 LU-01.SG 0 0 1 2 NA
6677 LU-02.SG 0 0 1 2 NA
6678 LU-03.SG 0 0 1 2 NA
6679 LU-05.SG 0 0 2 2 NA
6680 LU-06.SG 0 0 2 2 NA
6681 MX-01.SG 0 0 1 2 NA
6682 NC.SG 0 0 1 2 NA
6683 PS-02.SG 0 0 2 2 NA
6684 PS-03.SG 0 0 1 2 NA
6685 PS-04.SG 0 0 2 2 NA
6686 PS-06.SG 0 0 1 2 2
6687 PS-07.SG 0 0 1 2 NA
6688 PS-09.SG 0 0 1 2 NA
6689 PS-17.SG 0 0 2 2 NA
6690 PS-18.SG 0 0 2 2 NA
6691 PS-23.SG 0 0 2 2 NA
6692 PS-26.SG 0 0 1 2 NA
6693 PS-34.SG 0 0 1 2 NA
6694 SC-01.SG 0 0 2 2 NA
6695 SC-02.SG 0 0 2 2 NA
6696 SC-03.SG 0 0 2 2 NA
6697 SC-04.SG 0 0 2 2 NA
6698 SC-05.SG 0 0 2 2 2
6699 SC-06.SG 0 0 1 2 NA
6700 SC-07.SG 0 0 2 2 NA
6701 SM-01.SG 0 0 1 2 NA
6702 SM-02.SG 0 0 2 2 2
6703 SN-03.SG 0 0 2 2 2
6704 SN-04.SG 0 0 1 2 NA
6705 SN-10.SG 0 0 2 2 NA
6706 SN-11.SG 0 0 1 2 2
6707 SN-12.SG 0 0 2 2 NA
6708 SN-13.SG 0 0 2 2 2
6709 SN-15.SG 0 0 2 2 NA
6710 SN-16.SG 0 0 2 2 2
6711 SN-17.SG 0 0 1 2 2
6712 SN-20.SG 0 0 1 2 NA
6713 SN-25.SG 0 0 1 2 NA
6714 SN-31.SG 0 0 1 2 NA
6715 SN-32.SG 0 0 1 2 NA
6716 SN-37.SG 0 0 2 2 NA
6717 SN-38.SG 0 0 1 2 NA
6718 SN-39.SG 0 0 2 2 2
6719 SN-41.SG 0 0 2 2 NA
6720 SN-43.SG 0 0 2 2 NA
6721 SN-44.SG 0 0 1 2 2
6722 SN-45.SG 0 0 1 2 NA
6723 SN-48.SG 0 0 2 2 NA
6724 SN-50.SG 0 0 2 2 NA
6725 SN-51.SG 0 0 2 2 NA
6726 SN-52.SG 0 0 2 2 2
6727 SN-53.SG 0 0 2 2 NA
6728 SN-54.SG 0 0 1 2 NA
6729 SN-55.SG 0 0 1 2 NA
6730 SN-56.SG 0 0 1 2 NA
6731 SN-57.SG 0 0 1 2 NA
6732 SN-58.SG 0 0 1 2 NA
6733 SN-59.SG 0 0 1 2 NA
6734 SN-60.SG 0 0 1 2 NA
6735 US-14.SG 0 0 1 2 NA
6736 PC537.SG 0 0 2 2 2
6737 RISE1159.SG 0 0 2 2 2
6738 RISE1160.SG 0 0 1 2 NA
6739 RISE1161.SG 0 0 2 2 NA
6740 RISE1162.SG 0 0 1 2 2
6741 RISE1163.SG 0 0 1 2 2
6742 RISE1164.SG 0 0 2 2 2
6743 RISE1165.SG 0 0 1 2 NA
6744 RISE1166.SG 0 0 2 2 2
6745 RISE1167.SG 0 0 2 2 2
6746 RISE1168.SG 0 0 1 2 NA
6747 RISE1169.SG 0 0 1 2 NA
6748 RISE1170.SG 0 0 2 2 2
6749 RISE1171.SG 0 0 1 2 2
6750 RISE1172.SG 0 0 2 2 2
6751 RISE1173.SG 0 0 1 2 2
6752 RISE1241.SG 0 0 1 2 NA
6753 RISE1243.SG 0 0 2 2 NA
6754 RISE1246.SG 0 0 2 2 NA
6755 RISE1247.SG 0 0 2 2 2
6756 RISE1248.SG 0 0 2 2 2
6757 RISE1249.SG 0 0 2 2 2
6758 RISE1250.SG 0 0 1 2 NA
6759 RISE1252.SG 0 0 1 2 NA
6760 RISE1254.SG 0 0 1 2 NA
6761 f1R.SG 0 0 0 2 2
6762 1H04.SG 0 0 2 2 2
6763 1H06.SG 0 0 2 2 NA
6764 1H07.SG 0 0 1 2 NA
6765 1H13.SG 0 0 1 2 2
6766 1H14.SG 0 0 2 2 NA
6767 2H06.SG 0 0 2 2 NA
6768 2H07.SG 0 0 1 2 NA
6769 2H10.SG 0 0 1 2 2
6770 2H11.SG 0 0 1 2 2
6771 2H17.SG 0 0 1 2 NA
6772 2HC51961131.SG 0 0 1 2 2
6773 GBVPK.SG 0 0 1 2 2
6774 GBVPL.SG 0 0 2 2 NA
6775 GBVPO.SG 0 0 2 2 2
6776 MAS15.SG 0 0 2 2 NA
6777 ROUQCC.SG 0 0 1 2 2
6778 ROUQEE.SG 0 0 2 2 NA
6779 ROUQFF.SG 0 0 1 2 2
6780 ROUQHH.SG 0 0 1 2 NA
6781 ROUQV.SG 0 0 2 2 2
6782 ROUQW.SG 0 0 1 2 NA
6783 TORTC.SG 0 0 2 2 NA
6784 TORTD.SG 0 0 1 2 NA
6785 TORTE.SG 0 0 2 2 2
6786 TORTF.SG 0 0 2 2 2
6787 ShukaKaa.SG 0 0 1 2 NA
6788 DA237.SG 0 0 2 2 NA
6789 Kolyma1.SG 0 0 1 2 2
6790 M0831.SG 0 0 2 2 NA
6791 M9984.SG 0 0 2 2 2
6792 NEO229.SG 0 0 2 2 2
6793 NEO230.SG 0 0 2 2 NA
6794 I8296.SG 0 0 2 2 2
6795 I1526.SG 0 0 1 2 2
6796 NEO233.SG 0 0 2 2 NA
6797 NEO235.SG 0 0 2 2 2
6798 NEO236.SG 0 0 2 2 2
6799 NEO238.SG 0 0 2 2 NA
6800 NEO239.SG 0 0 1 2 2
6801 NEO240.SG 0 0 2 2 2
6802 NEO241.SG 0 0 1 2 NA
6803 NEO242.SG 0 0 1 2 NA
6804 NEO243.SG 0 0 1 2 NA
6805 I7342_alt1.SG 0 0 1 2 NA
6806 I7339.SG 0 0 1 2 NA
6807 I7342.SG 0 0 1 2 2
6808 I7341.SG 0 0 1 2 NA
6809 NEO250.SG 0 0 1 2 NA
6810 I7349.SG 0 0 2 2 2
6811 NEO253.SG 0 0 1 2 NA
6812 I7782.SG 0 0 2 2 NA
6813 NEO299.SG 0 0 2 2 NA
6814 Yana2.SG 0 0 1 2 2
6815 Yana1.SG 0 0 1 2 2
6816 Yana_young.SG 0 0 1 2 2
6817 MS060.SG 0 0 1 2 NA
6818 ALA002.AG 0 0 1 2 2
6819 ALA004.AG 0 0 1 2 2
6820 ALA008.AG 0 0 1 2 2
6821 ALA009.AG 0 0 2 2 NA
6822 ALA011.AG 0 0 1 2 2
6823 ALA013.AG 0 0 2 2 2
6824 ALA016.AG 0 0 2 2 2
6825 ALA017.AG 0 0 2 2 2
6826 ALA018.AG 0 0 1 2 2
6827 ALA019.AG 0 0 2 2 2
6828 ALA020.AG 0 0 2 2 2
6829 ALA023.AG 0 0 2 2 NA
6830 ALA024.AG 0 0 2 2 2
6831 ALA025.AG 0 0 2 2 2
6832 ALA026.AG 0 0 1 2 2
6833 ALA028.AG 0 0 2 2 2
6834 ALA029.AG 0 0 2 2 2
6835 ALA030.AG 0 0 2 2 2
6836 ALA034.AG 0 0 2 2 2
6837 ALA035.AG 0 0 1 2 NA
6838 ALA037.AG 0 0 2 2 2
6839 ALA038.AG 0 0 2 2 2
6840 ALA039.AG 0 0 2 2 2
6841 ALA084.AG 0 0 1 2 2
6842 ALA095.AG 0 0 1 2 2
6843 ART001.AG 0 0 1 2 2
6844 ART004.AG 0 0 1 2 NA
6845 ART005.AG 0 0 2 2 2
6846 ART009.AG 0 0 2 2 2
6847 ART010.AG 0 0 2 2 2
6848 ART011.AG 0 0 1 2 2
6849 ART012.AG 0 0 2 2 2
6850 ART014.AG 0 0 1 2 2
6851 ART015.AG 0 0 1 2 2
6852 ART017.AG 0 0 1 2 2
6853 ART018.AG 0 0 1 2 2
6854 ART019.AG 0 0 1 2 2
6855 ART022.AG 0 0 1 2 2
6856 ART023.AG 0 0 1 2 2
6857 ART024.AG 0 0 1 2 2
6858 ART026.AG 0 0 2 2 2
6859 ART032.AG 0 0 1 2 2
6860 ART038.AG 0 0 1 2 NA
6861 ART039.AG 0 0 2 2 NA
6862 ART042.AG 0 0 1 2 2
6863 CBT001.AG 0 0 2 2 2
6864 CBT002.AG 0 0 2 2 NA
6865 CBT003.AG 0 0 2 2 NA
6866 CBT004.AG 0 0 2 2 2
6867 CBT005.AG 0 0 1 2 2
6868 CBT010.AG 0 0 2 2 2
6869 CBT011.AG 0 0 2 2 2
6870 CBT013.AG 0 0 1 2 2
6871 CBT014.AG 0 0 1 2 2
6872 CBT015.AG 0 0 1 2 2
6873 CBT016.AG 0 0 2 2 2
6874 CBT017.AG 0 0 2 2 2
6875 CBT018.AG 0 0 2 2 2
6876 ETM001.AG 0 0 1 2 NA
6877 ETM003.AG 0 0 0 2 NA
6878 ETM004.AG 0 0 2 2 NA
6879 ETM005.AG 0 0 1 2 NA
6880 ETM006.AG 0 0 2 2 2
6881 ETM012.AG 0 0 1 2 2
6882 ETM014.AG 0 0 2 2 NA
6883 ETM015.AG 0 0 2 2 0
6884 ETM016.AG 0 0 2 2 NA
6885 ETM017.AG 0 0 0 2 NA
6886 ETM018.AG 0 0 1 2 NA
6887 ETM021.AG 0 0 0 2 NA
6888 ETM023.AG 0 0 2 2 2
6889 ETM025.AG 0 0 0 2 NA
6890 ETM026.AG 0 0 1 2 NA
6891 IKI002.AG 0 0 2 2 NA
6892 IKI006.AG 0 0 1 2 NA
6893 IKI009.AG 0 0 2 2 NA
6894 IKI012.AG 0 0 2 2 NA
6895 IKI016.AG 0 0 2 2 NA
6896 IKI017.AG 0 0 2 2 NA
6897 IKI019.AG 0 0 1 2 NA
6898 IKI020.AG 0 0 2 2 NA
6899 IKI024.AG 0 0 1 2 NA
6900 IKI030.AG 0 0 2 2 NA
6901 IKI032.AG 0 0 1 2 NA
6902 IKI034.AG 0 0 2 2 NA
6903 IKI036.AG 0 0 2 2 NA
6904 IKI037.AG 0 0 1 2 NA
6905 IKI038.AG 0 0 2 2 NA
6906 KRD001.AG 0 0 1 2 2
6907 KRD002.AG 0 0 1 2 2
6908 KRD003.AG 0 0 1 2 2
6909 KRD004.AG 0 0 2 2 NA
6910 KRD005.AG 0 0 1 2 NA
6911 KRD006.AG 0 0 2 2 2
6912 TIT003.AG 0 0 1 2 NA
6913 TIT012.AG 0 0 0 2 NA
6914 TIT014.AG 0 0 0 2 NA
6915 TIT015.AG 0 0 0 2 NA
6916 TIT019.AG 0 0 0 2 NA
6917 TIT025.AG 0 0 0 2 NA
6918 ALX002.AG 0 0 1 2 2
6919 MTT001.AG 0 0 2 2 2
6920 POT002.AG 0 0 2 2 2
6921 TIT021.AG 0 0 1 2 NA
6922 AID001.AG 0 0 2 2 2
6923 AID007.AG 0 0 1 2 2
6924 AID009.AG 0 0 1 2 NA
6925 AID010.AG 0 0 2 2 NA
6926 AID012.AG 0 0 2 2 NA
6927 AID014.AG 0 0 2 2 NA
6928 AID017.AG 0 0 2 2 NA
6929 APO004.AG 0 0 2 2 NA
6930 APO022.AG 0 0 2 2 NA
6931 APO023.AG 0 0 1 2 NA
6932 APO025.AG 0 0 1 2 2
6933 APO028.AG 0 0 2 2 NA
6934 APO029.AG 0 0 1 2 NA
6935 APO038.AG 0 0 2 2 NA
6936 APO043.AG 0 0 2 2 NA
6937 APO044.AG 0 0 1 2 NA
6938 GLI002.AG 0 0 1 2 NA
6939 GLI003.AG 0 0 1 2 2
6940 HGC001.AG 0 0 1 2 2
6941 HGC002.AG 0 0 1 2 NA
6942 HGC003.AG 0 0 2 2 2
6943 HGC005.AG 0 0 1 2 2
6944 HGC006-035.AG 0 0 1 2 2
6945 HGC008.AG 0 0 2 2 2
6946 HGC009.AG 0 0 1 2 2
6947 HGC010.AG 0 0 1 2 2
6948 HGC011.AG 0 0 2 2 2
6949 HGC013.AG 0 0 1 2 NA
6950 HGC015.AG 0 0 1 2 NA
6951 HGC017-023-029.AG 0 0 1 2 2
6952 HGC018.AG 0 0 1 2 2
6953 HGC020.AG 0 0 2 2 2
6954 HGC024.AG 0 0 1 2 2
6955 HGC025.AG 0 0 1 2 2
6956 HGC027.AG 0 0 1 2 2
6957 HGC031.AG 0 0 1 2 2
6958 HGC032.AG 0 0 1 2 2
6959 HGC033.AG 0 0 2 2 2
6960 HGC036.AG 0 0 1 2 NA
6961 HGC037.AG 0 0 1 2 NA
6962 HGC040.AG 0 0 2 2 NA
6963 HGC041-052.AG 0 0 1 2 NA
6964 HGC045-051.AG 0 0 2 2 NA
6965 HGC053-057.AG 0 0 1 2 NA
6966 HGC055-065.AG 0 0 1 2 2
6967 HGC063.AG 0 0 1 2 2
6968 KUK001.AG 0 0 2 2 2
6969 KUK002.AG 0 0 1 2 2
6970 KUK005.AG 0 0 2 2 2
6971 KUK006.AG 0 0 2 2 2
6972 LAZ017.AG 0 0 1 2 2
6973 LAZ018.AG 0 0 1 2 2
6974 LAZ019.AG 0 0 2 2 NA
6975 LAZ020.AG 0 0 2 2 2
6976 LAZ021.AG 0 0 2 2 NA
6977 MYG001.AG 0 0 1 2 2
6978 MYG002.AG 0 0 2 2 2
6979 MYG003.AG 0 0 2 2 2
6980 MYG004.AG 0 0 1 2 2
6981 MYG005.AG 0 0 1 2 2
6982 MYG006.AG 0 0 1 2 2
6983 MYG008.AG 0 0 1 2 2
6984 NST004.AG 0 0 1 2 NA
6985 NST005.AG 0 0 1 2 2
6986 NST010.AG 0 0 1 2 NA
6987 NST012.AG 0 0 1 2 NA
6988 TIR001.AG 0 0 1 2 NA
6989 TIR002.AG 0 0 2 2 2
6990 TIR008.AG 0 0 1 2 2
6991 TIR010.AG 0 0 1 2 2
6992 XAN007.AG 0 0 1 2 NA
6993 XAN013.AG 0 0 2 2 NA
6994 XAN014.AG 0 0 1 2 2
6995 XAN015.AG 0 0 2 2 NA
6996 XAN016.AG 0 0 1 2 2
6997 XAN017.AG 0 0 2 2 NA
6998 XAN018.AG 0 0 2 2 2
6999 XAN021.AG 0 0 2 2 2
7000 XAN022.AG 0 0 2 2 NA
7001 XAN023.AG 0 0 2 2 2
7002 XAN025.AG 0 0 2 2 2
7003 XAN026.AG 0 0 2 2 NA
7004 XAN027.AG 0 0 1 2 NA
7005 XAN028.AG 0 0 2 2 NA
7006 XAN029.AG 0 0 1 2 2
7007 XAN030.AG 0 0 1 2 2
7008 XAN031.AG 0 0 1 2 2
7009 XAN034.AG 0 0 2 2 2
7010 XAN035.AG 0 0 1 2 NA
7011 XAN036.AG 0 0 2 2 2
7012 XAN040.AG 0 0 2 2 NA
7013 XAN042.AG 0 0 2 2 NA
7014 XAN053.AG 0 0 2 2 2
7015 Lapa25.SG 0 0 2 2 2
7016 Cuncaicha15-07.SG 0 0 2 2 2
7017 Cuncaicha15-03.SG 0 0 1 2 2
7018 BSK001.AG 0 0 2 2 NA
7019 BSK002.AG 0 0 1 2 2
7020 BSK003.AG 0 0 2 2 NA
7021 BSK004.AG 0 0 1 2 NA
7022 BSK005.AG 0 0 2 2 NA
7023 BSK006.AG 0 0 0 2 NA
7024 BSK007.AG 0 0 0 2 NA
7025 syr005.SG 0 0 1 2 NA
7026 syr013.SG 0 0 2 2 2
7027 NIEcap9.AG 0 0 1 2 0
7028 NIEcap2.AG 0 0 0 2 NA
7029 NIEcap1.AG 0 0 1 2 0
7030 NIEcap10.AG 0 0 1 2 NA
7031 NIEcap3a.AG 0 0 1 2 0
7032 NIEcap12a.AG 0 0 1 2 NA
7033 NIEcap3c.AG 0 0 1 2 0
7034 NIEcap5.AG 0 0 0 2 NA
7035 NIEcap6.AG 0 0 1 2 0
7036 NIEcap3b.AG 0 0 1 2 2
7037 NIEcap12b.AG 0 0 1 2 0
7038 NIEcap12c.AG 0 0 1 2 NA
7039 Sunghir1.SG 0 0 1 2 2
7040 Sunghir2.SG 0 0 1 2 2
7041 Sunghir3.SG 0 0 1 2 2
7042 Sunghir4.SG 0 0 1 2 2
7043 Sunghir6.SG 0 0 1 2 2
7044 Muierii2.SG 0 0 2 2 2
7045 Tianyuan.AG.BY.AA 0 0 1 2 2
7046 atp005.SG 0 0 1 2 NA
7047 atp016.SG 0 0 2 2 2
7048 c40331.SG 0 0 1 2 NA
7049 esp005.SG 0 0 1 2 2
7050 mur.SG 0 0 1 2 2
7051 pir001.SG 0 0 1 2 NA
7052 por002.SG 0 0 1 2 NA
7053 por004.SG 0 0 1 2 NA
7054 san216.SG 0 0 1 2 NA
7055 AED106.SG 0 0 1 2 2
7056 AED1108.SG 0 0 2 2 2
7057 AED1119.SG 0 0 2 2 0
7058 AED1135b.SG 0 0 2 2 2
7059 AED125b.SG 0 0 2 2 0
7060 AED204.SG 0 0 2 2 0
7061 AED249.SG 0 0 1 2 0
7062 AED432b.SG 0 0 2 2 0
7063 AED513.SG 0 0 2 2 2
7064 AED92b.SG 0 0 1 2 0
7065 AEHIb.SG 0 0 2 2 2
7066 Alh10.SG 0 0 1 2 0
7067 Alh1.SG 0 0 1 2 0
7068 Alh2.SG 0 0 2 2 2
7069 Alh3a.SG 0 0 2 2 2
7070 BIM33.SG 0 0 2 2 2
7071 BIM37b.SG 0 0 1 2 2
7072 FN2.SG 0 0 1 2 2
7073 Ker1.SG 0 0 1 2 2
7074 NW255a.SG 0 0 2 2 2
7075 NW54.SG 0 0 2 2 2
7076 Pr10.SG 0 0 1 2 2
7077 Pr4.SG 0 0 1 2 0
7078 STR220c.SG 0 0 2 2 0
7079 STR228.SG 0 0 2 2 0
7080 STR241.SG 0 0 1 2 0
7081 STR248b.SG 0 0 2 2 0
7082 STR266b.SG 0 0 2 2 2
7083 STR300b.SG 0 0 2 2 2
7084 STR310.SG 0 0 2 2 2
7085 STR316b.SG 0 0 1 2 0
7086 STR328c.SG 0 0 2 2 2
7087 STR355c.SG 0 0 2 2 0
7088 STR360c.SG 0 0 2 2 2
7089 STR393b.SG 0 0 1 2 2
7090 STR480.SG 0 0 2 2 0
7091 STR486.SG 0 0 1 2 2
7092 STR491.SG 0 0 1 2 0
7093 STR502b.SG 0 0 2 2 2
7094 STR535.SG 0 0 2 2 0
7095 Vim2b.SG 0 0 1 2 0
7096 ALM001.AG 0 0 2 2 2
7097 ALM002.AG 0 0 1 2 2
7098 ALM003.AG 0 0 2 2 2
7099 ALM004.AG 0 0 2 2 NA
7100 ALM006.AG 0 0 1 2 2
7101 ALM007.AG 0 0 1 2 2
7102 ALM008.AG 0 0 2 2 2
7103 ALM014.AG 0 0 1 2 NA
7104 ALM015.AG 0 0 2 2 2
7105 ALM016.AG 0 0 1 2 2
7106 ALM017.AG 0 0 1 2 2
7107 ALM018.AG 0 0 2 2 NA
7108 ALM019.AG 0 0 2 2 2
7109 ALM020.AG 0 0 1 2 2
7110 ALM021.AG 0 0 2 2 2
7111 ALM024.AG 0 0 2 2 2
7112 ALM025.AG 0 0 1 2 2
7113 ALM026.AG 0 0 2 2 2
7114 ALM027.AG 0 0 2 2 NA
7115 ALM028.AG 0 0 1 2 2
7116 ALM029.AG 0 0 2 2 2
7117 ALM030.AG 0 0 2 2 NA
7118 ALM031.AG 0 0 2 2 NA
7119 ALM032.AG 0 0 1 2 2
7120 ALM034.AG 0 0 1 2 2
7121 ALM035.AG 0 0 2 2 2
7122 ALM036.AG 0 0 1 2 2
7123 I1304.AG 0 0 2 2 2
7124 ALM039.AG 0 0 1 2 NA
7125 ALM040.AG 0 0 1 2 2
7126 ALM041.AG 0 0 1 2 2
7127 ALM042.AG 0 0 2 2 2
7128 ALM043.AG 0 0 2 2 NA
7129 ALM044.AG 0 0 2 2 2
7130 ALM046.AG 0 0 1 2 2
7131 ALM047.AG 0 0 1 2 2
7132 ALM048.AG 0 0 2 2 2
7133 ALM049.AG 0 0 1 2 NA
7134 ALM050.AG 0 0 1 2 2
7135 ALM051.AG 0 0 2 2 2
7136 ALM052.AG 0 0 1 2 2
7137 ALM053.AG 0 0 2 2 2
7138 ALM055.AG 0 0 2 2 NA
7139 ALM056.AG 0 0 2 2 2
7140 ALM057.AG 0 0 1 2 NA
7141 ALM058.AG 0 0 1 2 2
7142 ALM060.AG 0 0 2 2 2
7143 ALM062.AG 0 0 2 2 2
7144 ALM063.AG 0 0 1 2 2
7145 ALM064.AG 0 0 1 2 2
7146 ALM067.AG 0 0 2 2 2
7147 ALM068.AG 0 0 2 2 2
7148 ALM069.AG 0 0 1 2 2
7149 ALM070.AG 0 0 1 2 NA
7150 ALM071.AG 0 0 2 2 2
7151 ALM073.AG 0 0 2 2 NA
7152 ALM075.AG 0 0 2 2 2
7153 ALM076.AG 0 0 2 2 2
7154 ALM077.AG 0 0 2 2 NA
7155 ALM078.AG 0 0 1 2 2
7156 ALM079.AG 0 0 2 2 2
7157 ALM080.AG 0 0 1 2 2
7158 ALM081.AG 0 0 1 2 2
7159 ALM084.AG 0 0 2 2 2
7160 ALM086.AG 0 0 2 2 2
7161 ALM087.AG 0 0 2 2 NA
7162 ALM088.AG 0 0 2 2 2
7163 BAS002.AG 0 0 1 2 2
7164 BAS003.AG 0 0 2 2 NA
7165 BAS017.AG 0 0 2 2 NA
7166 BAS018.AG 0 0 1 2 2
7167 BAS022.AG 0 0 1 2 2
7168 BAS023.AG 0 0 1 2 2
7169 BAS024.AG 0 0 1 2 2
7170 BAS025.AG 0 0 1 2 2
7171 BAS026.AG 0 0 1 2 NA
7172 BAS027.AG 0 0 2 2 2
7173 CBR004.AG 0 0 2 2 2
7174 CDM001.AG 0 0 2 2 2
7175 CDM002.AG 0 0 1 2 2
7176 CDM003.AG 0 0 2 2 NA
7177 CDM004.AG 0 0 1 2 NA
7178 CDM005.AG 0 0 2 2 NA
7179 CDP001.AG 0 0 2 2 2
7180 CDP002.AG 0 0 1 2 NA
7181 CDP003.AG 0 0 1 2 NA
7182 CDP006.AG 0 0 1 2 2
7183 CDP008.AG 0 0 2 2 NA
7184 CDP009.AG 0 0 1 2 NA
7185 CDP011.AG 0 0 2 2 2
7186 CLL001.AG 0 0 1 2 2
7187 CLL002.AG 0 0 2 2 2
7188 CLL003.AG 0 0 1 2 NA
7189 CLL004.AG 0 0 1 2 2
7190 CLL005.AG 0 0 1 2 2
7191 CLL006.AG 0 0 2 2 2
7192 CLL008.AG 0 0 0 2 2
7193 CLL009.AG 0 0 1 2 NA
7194 CLL010.AG 0 0 2 2 NA
7195 CLL011.AG 0 0 2 2 NA
7196 CMO001.AG 0 0 2 2 2
7197 CMO002.AG 0 0 1 2 NA
7198 CMO003.AG 0 0 2 2 NA
7199 EFA006.AG 0 0 1 2 NA
7200 EFA007.AG 0 0 1 2 NA
7201 EFA008.AG 0 0 1 2 NA
7202 EFA009.AG 0 0 1 2 NA
7203 EFA010.AG 0 0 2 2 2
7204 EFA011.AG 0 0 2 2 NA
7205 LHO001.AG 0 0 1 2 2
7206 LHO002.AG 0 0 1 2 2
7207 LHO003.AG 0 0 2 2 2
7208 LOT001.AG 0 0 1 2 NA
7209 MDP001.AG 0 0 1 2 NA
7210 MDP002.AG 0 0 2 2 2
7211 MDP003.AG 0 0 1 2 NA
7212 MIV001.AG 0 0 2 2 NA
7213 MMI004.AG 0 0 1 2 NA
7214 MON013.AG 0 0 2 2 2
7215 MON014.AG 0 0 2 2 2
7216 MON015.AG 0 0 2 2 2
7217 MON016.AG 0 0 1 2 2
7218 MON017.AG 0 0 1 2 2
7219 MON019.AG 0 0 2 2 2
7220 MON020.AG 0 0 1 2 NA
7221 MON021.AG 0 0 2 2 2
7222 MON029.AG 0 0 1 2 NA
7223 MON033.AG 0 0 2 2 2
7224 MON036.AG 0 0 1 2 NA
7225 PLZ001.AG 0 0 2 2 2
7226 PUC001.AG 0 0 2 2 2
7227 PUC002.AG 0 0 1 2 2
7228 PUC003.AG 0 0 2 2 2
7229 PUC004.AG 0 0 2 2 2
7230 ZAP002.AG 0 0 1 2 0
7231 BAL003.AG 0 0 1 2 NA
7232 BAL051.AG 0 0 1 2 2
7233 CHA001_merged.AG 0 0 1 2 2
7234 CHA002.AG 0 0 1 2 NA
7235 CHA003.AG 0 0 1 2 2
7236 CHA004.AG 0 0 2 2 NA
7237 CMS001.AG 0 0 2 2 NA
7238 ELT002.AG 0 0 1 2 2
7239 ELT006.AG 0 0 1 2 2
7240 FUC003.AG 0 0 1 2 2
7241 MLZ005003.AG 0 0 1 2 2
7242 AY2001.AG 0 0 2 2 2
7243 AY2003.AG 0 0 2 2 2
7244 BU2001.AG 0 0 1 2 NA
7245 GW1001.AG 0 0 1 2 2
7246 I1720.AG 0 0 1 2 NA
7247 I1722.AG 0 0 2 2 NA
7248 I1723.AG 0 0 1 2 NA
7249 I2051.AG 0 0 1 2 2
7250 I2055.AG 0 0 1 2 NA
7251 I2056.AG 0 0 1 2 2
7252 I6266.AG 0 0 1 2 2
7253 I6267.AG 0 0 2 2 NA
7254 I6268.AG 0 0 1 2 2
7255 I6272.AG 0 0 1 2 2
7256 IV3002.AG 0 0 1 2 NA
7257 KBD001.AG 0 0 1 2 2
7258 KBD002.AG 0 0 2 2 2
7259 KDC001.AG 0 0 1 2 2
7260 KDC002.AG 0 0 2 2 2
7261 LYG001.AG 0 0 1 2 2
7262 MK3003.AG 0 0 2 2 2
7263 MK5001.AG 0 0 1 2 2
7264 MK5004.AG 0 0 1 2 2
7265 MK5008.AG 0 0 1 2 NA
7266 MK5009.AG 0 0 1 2 2
7267 NV3001.AG 0 0 1 2 2
7268 OSS001.AG 0 0 2 2 2
7269 PG2001.AG 0 0 1 2 2
7270 PG2002.AG 0 0 2 2 NA
7271 PG2004.AG 0 0 1 2 2
7272 RK1001.AG 0 0 1 2 2
7273 RK1003.AG 0 0 2 2 2
7274 RK1007.AG 0 0 2 2 2
7275 RK4001.AG 0 0 1 2 2
7276 RK4002.AG 0 0 1 2 2
7277 SA6001.AG 0 0 2 2 2
7278 SA6002_alt.AG 0 0 2 2 2
7279 SA6003.AG 0 0 1 2 2
7280 SA6004.AG 0 0 1 2 2
7281 SA6010.AG 0 0 1 2 2
7282 SA6013.AG 0 0 1 2 2
7283 SIJ002.AG 0 0 1 2 2
7284 VEK006.AG 0 0 2 2 2
7285 VJ1001.AG 0 0 2 2 2
7286 ZO2002.AG 0 0 2 2 2
7287 Qihe3.AG.SG 0 0 1 2 2
7288 Longlin_1.AG 0 0 2 2 2
7289 Dushan4_1.AG 0 0 1 2 2
7290 Baojianshan5_M1.AG 0 0 2 2 2
7291 CenxunKP05.AG 0 0 2 2 NA
7292 QinchangKD14.AG 0 0 1 2 2
7293 BandaKD15.AG 0 0 1 2 NA
7294 BandaKD11.AG 0 0 1 2 2
7295 BalongKD10.AG 0 0 1 2 NA
7296 BalongKD07.AG 0 0 1 2 NA
7297 QinchangKD13.AG 0 0 1 2 NA
7298 LayiKD01.AG 0 0 0 2 NA
7299 CenxunKP07.AG 0 0 1 2 NA
7300 CenxunKP13.AG.SG 0 0 2 2 NA
7301 LadaKH01.AG 0 0 2 2 2
7302 YiyangKP17.AG 0 0 2 2 NA
7303 ShenxianKP09.AG 0 0 2 2 2
7304 HuatuyanNL02.AG.SG 0 0 1 2 2
7305 HuatuyanNL11.AG 0 0 2 2 NA
7306 HuatuyanNL17.AG 0 0 1 2 NA
7307 HuatuyanNL19.AG 0 0 2 2 NA
7308 HuatuyanNL21.AG.SG 0 0 1 2 NA
7309 GaofengNL23.AG 0 0 1 2 NA
7310 HuaqiaoNL26.AG 0 0 2 2 2
7311 Baojianshan5_M2.AG 0 0 2 2 NA
7312 HuatuyanNL04.AG 0 0 2 2 NA
7313 HuatuyanNL06.AG.SG 0 0 1 2 NA
7314 HuatuyanNL18.AG.SG 0 0 1 2 NA
7315 Yinwang.AG.SG 0 0 1 2 NA
7316 BalongKD08.AG 0 0 1 2 2
7317 BalongKD06.AG 0 0 1 2 NA
7318 C4783_C202.AG 0 0 1 2 2
7319 CSP134.AG 0 0 1 2 NA
7320 CSP135.AG 0 0 2 2 NA
7321 CSP144.AG 0 0 1 2 2
7322 CSP147.AG 0 0 2 2 2
7323 C056.AG 0 0 2 2 NA
7324 C1036.AG 0 0 1 2 NA
7325 C1037.AG 0 0 2 2 2
7326 C1357.AG 0 0 1 2 NA
7327 C208.AG 0 0 1 2 2
7328 C3425.AG 0 0 1 2 2
7329 C3426.AG 0 0 1 2 2
7330 C3427.AG 0 0 2 2 2
7331 C3428.AG 0 0 1 2 2
7332 C3430.AG 0 0 1 2 2
7333 C3444.AG 0 0 1 2 2
7334 C3445.AG 0 0 2 2 2
7335 C3447_C5186.AG 0 0 1 2 2
7336 C3455.AG 0 0 1 2 NA
7337 C3456.AG 0 0 1 2 2
7338 C3991.AG 0 0 1 2 2
7339 C3993.AG 0 0 2 2 2
7340 C403.AG 0 0 2 2 2
7341 C404.AG 0 0 1 2 NA
7342 C4563.AG 0 0 1 2 2
7343 C4564.AG 0 0 2 2 2
7344 C4567.AG 0 0 2 2 2
7345 C4569.AG 0 0 2 2 2
7346 C4571.AG 0 0 2 2 NA
7347 C4774.AG 0 0 1 2 2
7348 C4775.AG 0 0 2 2 2
7349 C4778.AG 0 0 2 2 2
7350 C4779.AG 0 0 1 2 2
7351 C4780.AG 0 0 1 2 2
7352 C4781.AG 0 0 1 2 2
7353 C4782.AG 0 0 1 2 2
7354 C5085.AG 0 0 1 2 2
7355 C5144.AG 0 0 1 2 2
7356 C5145.AG 0 0 1 2 2
7357 C5146.AG 0 0 1 2 2
7358 C5149.AG 0 0 1 2 2
7359 C514.AG 0 0 2 2 2
7360 C5150.AG 0 0 2 2 NA
7361 C5152.AG 0 0 2 2 2
7362 C5153.AG 0 0 1 2 2
7363 C5154.AG 0 0 2 2 2
7364 C5155.AG 0 0 1 2 2
7365 C5156.AG 0 0 1 2 2
7366 C5157.AG 0 0 1 2 2
7367 C5158.AG 0 0 2 2 2
7368 C5159.AG 0 0 1 2 2
7369 C5160.AG 0 0 1 2 2
7370 C5161.AG 0 0 2 2 2
7371 C5162.AG 0 0 2 2 2
7372 C5163.AG 0 0 1 2 NA
7373 C5164.AG 0 0 2 2 2
7374 C5165.AG 0 0 2 2 2
7375 C5169.AG 0 0 2 2 NA
7376 C5171.AG 0 0 1 2 2
7377 C5172_C3992.AG 0 0 2 2 2
7378 C5173.AG 0 0 1 2 2
7379 C5184.AG 0 0 1 2 2
7380 C5185.AG 0 0 1 2 2
7381 C5187.AG 0 0 2 2 NA
7382 C5189.AG 0 0 2 2 2
7383 C5190.AG 0 0 1 2 2
7384 C5417.AG 0 0 1 2 2
7385 CSP130.AG 0 0 1 2 2
7386 CSP132.AG 0 0 1 2 2
7387 CSP133.AG 0 0 1 2 NA
7388 CSP136.AG 0 0 2 2 2
7389 CSP137.AG 0 0 1 2 2
7390 CSP141.AG 0 0 2 2 NA
7391 CSP142.AG 0 0 2 2 2
7392 FRS001.SG 0 0 1 2 NA
7393 FRS002.SG 0 0 1 2 2
7394 KMT001.SG 0 0 0 2 NA
7395 KMT002.SG 0 0 1 2 2
7396 KMT003.SG 0 0 1 2 2
7397 LM16.SG 0 0 1 2 0
7398 NVR001.SG 0 0 2 2 2
7399 TZB001.SG 0 0 1 2 2
7400 TZB002.SG 0 0 1 2 NA
7401 HYR002.AG 0 0 1 2 2
7402 KIN002.AG 0 0 1 2 2
7403 KIN003.AG 0 0 1 2 NA
7404 KIN004.AG 0 0 1 2 2
7405 KPL001.AG 0 0 1 2 2
7406 KPL002.AG 0 0 2 2 2
7407 KPL003.AG 0 0 2 2 NA
7408 LUK001.AG 0 0 1 2 2
7409 LUK003.AG 0 0 2 2 NA
7410 MOL001.AG 0 0 1 2 2
7411 MOL003.AG 0 0 2 2 2
7412 MTN001.AG 0 0 2 2 NA
7413 MUN001.AG 0 0 2 2 NA
7414 NGO001.AG 0 0 1 2 2
7415 NQO002.AG 0 0 2 2 NA
7416 NYA002.AG 0 0 2 2 NA
7417 NYA003.AG 0 0 1 2 NA
7418 TAU001.AG 0 0 2 2 NA
7419 XAR001.AG 0 0 1 2 2
7420 XAR002.AG 0 0 1 2 2
7421 Ash002.SG 0 0 2 2 NA
7422 Ash040.SG 0 0 2 2 NA
7423 Ash131.SG 0 0 2 2 NA
7424 Ash136.SG 0 0 2 2 NA
7425 CCH289.SG 0 0 1 2 NA
7426 CCH294.SG 0 0 1 2 NA
7427 CCH311.SG 0 0 2 2 NA
7428 cth006.SG 0 0 2 2 NA
7429 cth217.SG 0 0 2 2 NA
7430 cth728.SG 0 0 2 2 NA
7431 cth739.SG 0 0 2 2 NA
7432 cth747.SG 0 0 2 2 NA
7433 cth842.SG 0 0 2 2 NA
7434 pch034.SG 0 0 2 2 NA
7435 Bianbian.AG 0 0 1 2 2
7436 BS.AG 0 0 1 2 2
7437 L5694.AG 0 0 1 2 2
7438 L5700.AG 0 0 2 2 NA
7439 L5705.AG 0 0 2 2 2
7440 L7415.AG 0 0 1 2 2
7441 LD1.AG 0 0 1 2 2
7442 LD2.AG 0 0 2 2 2
7443 Xiaogao.AG 0 0 2 2 2
7444 XJS1309_M4.AG 0 0 1 2 2
7445 XJS1309_M7.AG 0 0 2 2 NA
7446 XJS1311_M16.AG 0 0 2 2 2
7447 Yumin.AG 0 0 2 2 2
7448 ANG001.AG 0 0 1 2 NA
7449 BZK002.AG 0 0 1 2 2
7450 GLZ001.AG 0 0 1 2 2
7451 GLZ002.AG 0 0 1 2 2
7452 GLZ003.AG 0 0 1 2 2
7453 IUO001.AG 0 0 1 2 2
7454 KAG001.AG 0 0 1 2 2
7455 KAG002.AG 0 0 1 2 NA
7456 KPT001.AG 0 0 2 2 2
7457 KPT003.AG 0 0 1 2 2
7458 KPT004.AG 0 0 1 2 2
7459 KPT005.AG 0 0 1 2 NA
7460 KPT006.AG 0 0 2 2 0
7461 STB001.AG 0 0 1 2 2
7462 STB002.AG 0 0 2 2 2
7463 ZPL001.AG 0 0 2 2 2
7464 ZPL002.AG 0 0 1 2 NA
7465 UZZ5054.AG 0 0 2 2 2
7466 UZZ4446.AG 0 0 2 2 2
7467 UZZ026.AG 0 0 1 2 NA
7468 UZZ033.AG 0 0 1 2 NA
7469 UZZ034.AG 0 0 2 2 NA
7470 UZZ057.AG 0 0 1 2 NA
7471 UZZ069.AG 0 0 2 2 2
7472 UZZ071.AG 0 0 2 2 2
7473 UZZ074.AG 0 0 2 2 NA
7474 UZZ075.AG 0 0 2 2 2
7475 UZZ077.AG 0 0 2 2 2
7476 UZZ079.AG 0 0 2 2 2
7477 UZZ080.AG 0 0 2 2 2
7478 UZZ081.AG 0 0 1 2 2
7479 UZZ082.AG 0 0 2 2 2
7480 UZZ087.AG 0 0 2 2 NA
7481 UZZ088.AG 0 0 2 2 2
7482 UZZ096.AG 0 0 2 2 NA
7483 UZZ099.AG 0 0 1 2 NA
7484 MS10614.SG 0 0 2 2 2
7485 MOK10B.SG 0 0 2 2 2
7486 MOK12.SG 0 0 0 2 2
7487 MOK13.SG 0 0 2 2 2
7488 MOK14.SG 0 0 2 2 2
7489 MOK15.SG 0 0 0 2 2
7490 MOK16A.SG 0 0 2 2 0
7491 MOK17A.SG 0 0 2 2 NA
7492 MOK18A.SG 0 0 0 2 NA
7493 MOK19A.SG 0 0 0 2 2
7494 MOK20.SG 0 0 2 2 2
7495 MOK21A.SG 0 0 2 2 NA
7496 MOK22.SG 0 0 0 2 NA
7497 MOK23.SG 0 0 2 2 NA
7498 MOK24A.SG 0 0 0 2 2
7499 MOK25A.SG 0 0 2 2 2
7500 MOK26A.SG 0 0 2 2 2
7501 MOK27.SG 0 0 0 2 2
7502 MOK28A.SG 0 0 0 2 2
7503 MOK29A.SG 0 0 0 2 2
7504 MOK30.SG 0 0 2 2 2
7505 MOK31.SG 0 0 2 2 NA
7506 MOK32.SG 0 0 0 2 2
7507 MOK33.SG 0 0 2 2 2
7508 MOK9B.SG 0 0 2 2 2
7509 11KBM1.SG 0 0 1 2 2
7510 AYIM22BN.SG 0 0 2 2 2
7511 AYIM22BY.SG 0 0 1 2 2
7512 G218M5-2.SG 0 0 1 2 NA
7513 G218M5-3N.SG 0 0 1 2 NA
7514 GMGM1.SG 0 0 2 2 NA
7515 L4964.AG 0 0 2 2 NA
7516 L5209.AG.SG 0 0 1 2 NA
7517 L5213.AG.SG 0 0 1 2 NA
7518 L6101.AG 0 0 2 2 NA
7519 L6103.AG 0 0 2 2 2
7520 L6105.AG 0 0 2 2 2
7521 L6106.AG 0 0 2 2 2
7522 SSGM16.SG 0 0 2 2 NA
7523 XHM100.SG 0 0 2 2 NA
7524 XHM110.SG 0 0 2 2 NA
7525 XHM135.SG 0 0 2 2 2
7526 XHM75.SG 0 0 2 2 NA
7527 MZR.SG 0 0 2 2 NA
7528 BB2004.SG 0 0 2 2 NA
7529 BB2005.SG 0 0 1 2 NA
7530 BB2006.SG 0 0 2 2 NA
7531 BB2007.SG 0 0 2 2 NA
7532 BB2008.SG 0 0 2 2 NA
7533 BB2009.SG 0 0 1 2 2
7534 BB2010.SG 0 0 1 2 NA
7535 BB2011.SG 0 0 2 2 NA
7536 BB2012.SG 0 0 1 2 NA
7537 BB2013.SG 0 0 1 2 NA
7538 Denisova11.SG 0 0 2 2 NA
7539 Goyet_final.SG 0 0 2 2 2
7540 Les_Cottes_final.SG 0 0 2 2 NA
7541 Mezmaiskaya2_final.SG 0 0 1 2 2
7542 Spy_final.SG 0 0 1 2 2
7543 VindijaG1_final.SG 0 0 2 2 NA
7544 RISE507.SG 0 0 2 2 NA
7545 RISE109.SG 0 0 2 2 NA
7546 RISE139.SG 0 0 1 2 NA
7547 RISE145.SG 0 0 2 2 NA
7548 RISE150.SG 0 0 2 2 2
7549 RISE154.SG 0 0 2 2 NA
7550 RISE174.SG 0 0 1 2 0
7551 RISE175.SG 0 0 1 2 NA
7552 RISE179.SG 0 0 1 2 NA
7553 RISE1.SG 0 0 1 2 2
7554 RISE207.SG 0 0 1 2 NA
7555 RISE210.SG 0 0 2 2 NA
7556 RISE21.SG 0 0 1 2 NA
7557 RISE240.SG 0 0 2 2 NA
7558 RISE247.SG 0 0 1 2 NA
7559 RISE254.SG 0 0 1 2 NA
7560 RISE276.SG 0 0 1 2 NA
7561 RISE349.SG 0 0 2 2 NA
7562 RISE371.SG 0 0 2 2 NA
7563 RISE373.SG 0 0 2 2 NA
7564 RISE374.SG 0 0 1 2 NA
7565 RISE386.SG 0 0 1 2 2
7566 RISE391.SG 0 0 2 2 NA
7567 RISE392.SG 0 0 1 2 2
7568 RISE394.SG 0 0 2 2 NA
7569 RISE395.SG 0 0 2 2 2
7570 RISE396.SG 0 0 2 2 NA
7571 RISE397.SG 0 0 1 2 NA
7572 RISE407.SG 0 0 2 2 NA
7573 RISE408.SG 0 0 1 2 NA
7574 RISE412.SG 0 0 2 2 NA
7575 RISE413.SG 0 0 1 2 NA
7576 RISE416.SG 0 0 1 2 2
7577 RISE423.SG 0 0 1 2 NA
7578 RISE42.SG 0 0 1 2 NA
7579 RISE431.SG 0 0 1 2 NA
7580 RISE434.SG 0 0 1 2 NA
7581 RISE435.SG 0 0 2 2 NA
7582 RISE436.SG 0 0 1 2 NA
7583 RISE446.SG 0 0 1 2 NA
7584 RISE471.SG 0 0 1 2 NA
7585 RISE479.SG 0 0 1 2 2
7586 RISE47.SG 0 0 1 2 NA
7587 RISE480.SG 0 0 2 2 NA
7588 RISE483.SG 0 0 2 2 NA
7589 RISE484.SG 0 0 2 2 NA
7590 RISE486.SG 0 0 1 2 2
7591 RISE487.SG 0 0 1 2 NA
7592 RISE489.SG 0 0 1 2 NA
7593 RISE492.SG 0 0 1 2 NA
7594 RISE493.SG 0 0 1 2 2
7595 I3425.SG 0 0 1 2 NA
7596 RISE495.SG 0 0 1 2 2
7597 RISE496.SG 0 0 2 2 2
7598 RISE497.SG 0 0 2 2 2
7599 RISE499.SG 0 0 2 2 0
7600 RISE500.SG 0 0 2 2 NA
7601 RISE502.SG 0 0 2 2 2
7602 RISE503.SG 0 0 2 2 2
7603 RISE504.SG 0 0 1 2 2
7604 RISE505.SG 0 0 2 2 2
7605 I10565.SG 0 0 2 2 2
7606 RISE510.SG 0 0 2 2 2
7607 RISE511.SG 0 0 2 2 2
7608 RISE512.SG 0 0 1 2 NA
7609 RISE523.SG 0 0 2 2 2
7610 RISE524.SG 0 0 1 2 NA
7611 RISE525.SG 0 0 1 2 NA
7612 RISE546.SG 0 0 1 2 NA
7613 RISE547.SG 0 0 1 2 2
7614 RISE548.SG 0 0 1 2 NA
7615 RISE550.SG 0 0 1 2 NA
7616 RISE552.SG 0 0 1 2 2
7617 RISE553.SG 0 0 1 2 NA
7618 RISE555.SG 0 0 1 2 NA
7619 RISE559.SG 0 0 2 2 NA
7620 I4132.SG 0 0 1 2 NA
7621 RISE562.SG 0 0 2 2 NA
7622 RISE563.SG 0 0 1 2 NA
7623 RISE564.SG 0 0 1 2 NA
7624 RISE566.SG 0 0 1 2 NA
7625 RISE567.SG 0 0 2 2 NA
7626 I5026.SG 0 0 2 2 NA
7627 RISE569.SG 0 0 2 2 2
7628 RISE577.SG 0 0 2 2 2
7629 RISE586.SG 0 0 2 2 NA
7630 RISE595.SG 0 0 2 2 NA
7631 RISE596.SG 0 0 2 2 NA
7632 RISE598.SG 0 0 1 2 NA
7633 RISE600.SG 0 0 1 2 NA
7634 RISE601.SG 0 0 1 2 NA
7635 RISE602.SG 0 0 1 2 2
7636 RISE61.SG 0 0 1 2 NA
7637 RISE71.SG 0 0 2 2 NA
7638 RISE94.SG 0 0 1 2 2
7639 RISE97.SG 0 0 2 2 2
7640 RISE98.SG 0 0 1 2 2
7641 Botocudo15.SG 0 0 1 2 2
7642 Bot17.SG 0 0 1 2 2
7643 AH1.SG 0 0 2 2 2
7644 AH2.SG 0 0 1 2 2
7645 AH4.SG 0 0 2 2 2
7646 F38.SG 0 0 1 2 2
7647 WC1.SG 0 0 1 2 2
7648 Bar31.SG 0 0 1 2 NA
7649 Bar8.SG 0 0 2 2 2
7650 Klei10.SG 0 0 1 2 2
7651 Pal7.SG 0 0 2 2 2
7652 Rev5.SG 0 0 2 2 NA
7653 Anzick.SG 0 0 1 2 2
7654 XVII-B-939.SG 0 0 0 2 2
7655 Chinchorroi15.SG 0 0 1 2 NA
7656 Enoque65.SG 0 0 1 2 NA
7657 Yaghan890.SG 0 0 1 2 NA
7658 Yaghan894.SG 0 0 2 2 2
7659 Yaghan895.SG 0 0 2 2 2
7660 AM71.SG 0 0 2 2 NA
7661 BC23.SG 0 0 1 2 NA
7662 BC25.SG 0 0 0 2 NA
7663 BC27.SG 0 0 1 2 NA
7664 BC28.SG 0 0 1 2 NA
7665 BC29.SG 0 0 1 2 NA
7666 BC30.SG 0 0 1 2 NA
7667 MA572.SG 0 0 2 2 NA
7668 MA575.SG 0 0 1 2 NA
7669 MA577.SG 0 0 1 2 NA
7670 AM66.SG 0 0 1 2 NA
7671 AM72.SG 0 0 2 2 NA
7672 AM73.SG 0 0 2 2 NA
7673 AM74.SG 0 0 1 2 0
7674 MARC1492.SG 0 0 0 2 NA
7675 BR1_alt.SG 0 0 2 2 2
7676 BR2.SG 0 0 1 2 2
7677 CO1.SG 0 0 2 2 NA
7678 IR1.SG 0 0 1 2 2
7679 KO1_alt.SG 0 0 1 2 2
7680 I1508.SG 0 0 2 2 NA
7681 NE1.SG 0 0 2 2 2
7682 NE2_alt.SG 0 0 2 2 2
7683 I1499.SG 0 0 2 2 NA
7684 I1505.SG 0 0 2 2 2
7685 NE5.SG 0 0 1 2 2
7686 NE6_alt.SG 0 0 1 2 2
7687 NE7_alt.SG 0 0 1 2 NA
7688 Bichon.SG 0 0 1 2 2
7689 KK1.SG 0 0 1 2 2
7690 SATP.SG 0 0 1 2 2
7691 LateDorset-XIV-H_126.SG 0 0 1 2 2
7692 MARC1491.SG 0 0 1 2 NA
7693 MARC481.SG 0 0 1 2 NA
7694 XIV_C_748.SG 0 0 1 2 NA
7695 ATP17.SG 0 0 1 2 NA
7696 ATP20.SG 0 0 2 2 NA
7697 ATP3.SG 0 0 1 2 NA
7698 ATP7.SG 0 0 2 2 NA
7699 ATP9.SG 0 0 2 2 NA
7700 CB13.SG 0 0 2 2 2
7701 bally.SG 0 0 2 2 2
7702 rath1.SG 0 0 1 2 2
7703 rath2.SG 0 0 1 2 2
7704 rath3.SG 0 0 1 2 2
7705 ANI152.AG 0 0 1 2 NA
7706 ANI153.AG 0 0 1 2 NA
7707 ANI163.AG 0 0 2 2 0
7708 Bul10.AG 0 0 2 2 NA
7709 Bul4.AG 0 0 1 2 2
7710 Bul6.AG 0 0 1 2 2
7711 Bul8.AG 0 0 1 2 NA
7712 merge_ANI159_ANI181.AG 0 0 1 2 2
7713 Sk10.AG 0 0 2 2 2
7714 C1.SG 0 0 1 2 2
7715 M63_M339_M359.SG 0 0 1 2 2
7716 S35.SG 0 0 1 2 2
7717 S41.SG 0 0 1 2 2
7718 M240.SG 0 0 1 2 NA
7719 M344.SG 0 0 1 2 NA
7720 S40.SG 0 0 2 2 NA
7721 Sanganji131421-3.SG 0 0 1 2 NA
7722 Sanganji131421-3_alt.SG 0 0 1 2 NA
7723 Sanganji131464_alt.SG 0 0 2 2 NA
7724 kennewick.SG 0 0 1 2 0
7725 KhoesanLeipzigHunter.SG 0 0 1 2 NA
7726 Bon001.WGC.SG 0 0 1 2 NA
7727 Bon002.WGC.SG 0 0 2 2 NA
7728 Bon004.WGC.SG 0 0 1 2 NA
7729 Bon005.WGC.SG 0 0 2 2 NA
7730 Tep001.WGC.SG 0 0 1 2 NA
7731 Tep002.WGC.SG 0 0 2 2 2
7732 Tep003.WGC.SG 0 0 1 2 2
7733 Tep004.WGC.SG 0 0 2 2 NA
7734 Tep006.WGC.SG 0 0 1 2 NA
7735 Kostenki14.SG 0 0 1 2 2
7736 UCT386.SG 0 0 1 2 2
7737 UCT473.SG 0 0 2 2 2
7738 mota_alt.SG 0 0 1 2 2
7739 I0017.SG 0 0 1 2 2
7740 Mezmaiskaya1.SG 0 0 2 2 NA
7741 AfontovaGora2.SG 0 0 1 2 NA
7742 MA1.SG 0 0 1 2 2
7743 3DT16.SG 0 0 1 2 NA
7744 3DT26.SG 0 0 1 2 NA
7745 6DT18.SG 0 0 1 2 0
7746 6DT21.SG 0 0 1 2 0
7747 6DT22.SG 0 0 1 2 2
7748 6DT23.SG 0 0 1 2 0
7749 6DT3.SG 0 0 1 2 0
7750 M1489.SG 0 0 2 2 2
7751 NO3423.SG 0 0 1 2 0
7752 Inuk.SG 0 0 1 2 2
7753 I0156.SG 0 0 1 2 2
7754 I0157.SG 0 0 2 2 0
7755 I0159.SG 0 0 2 2 0
7756 I0160.SG 0 0 1 2 0
7757 I0161.SG 0 0 2 2 NA
7758 I0769.SG 0 0 2 2 0
7759 I0773.SG 0 0 2 2 0
7760 I0774.SG 0 0 2 2 2
7761 I0777.SG 0 0 2 2 0
7762 I0789.SG 0 0 2 2 NA
7763 IS2.SG 0 0 1 2 NA
7764 Ze6b.SG 0 0 2 2 2
7765 I0100.SG 0 0 2 2 2
7766 I0108.SG 0 0 2 2 2
7767 I0112.SG 0 0 2 2 2
7768 I0116.SG 0 0 1 2 NA
7769 I0118.SG 0 0 2 2 2
7770 I0247.SG 0 0 1 2 2
7771 I0359.SG 0 0 2 2 2
7772 Ajvide52.SG 0 0 1 2 NA
7773 Ajvide53.SG 0 0 2 2 NA
7774 Ajvide58.SG 0 0 1 2 2
7775 Ajvide59.SG 0 0 1 2 NA
7776 Ajvide70.SG 0 0 1 2 NA
7777 Gokhem4.SG 0 0 1 2 NA
7778 Gokhem5.SG 0 0 2 2 NA
7779 Gokhem7.SG 0 0 2 2 NA
7780 Ire8.SG 0 0 1 2 NA
7781 StoraForvar11.SG 0 0 1 2 2
7782 EHU001.AG 0 0 1 2 2
7783 VAD002.AG 0 0 1 2 2
7784 VAD003.AG 0 0 2 2 2
7785 VAD004.AG 0 0 1 2 2
7786 VAD005.AG 0 0 1 2 2
7787 I10033.AG 0 0 2 2 NA
7788 I10166.AG 0 0 1 2 NA
7789 I10174.AG 0 0 1 2 NA
7790 I10333.AG 0 0 1 2 NA
7791 I10371.AG 0 0 2 2 NA
7792 I10372.AG 0 0 2 2 2
7793 I10373.AG 0 0 1 2 2
7794 I10377.AG 0 0 1 2 NA
7795 I10378.AG 0 0 2 2 NA
7796 I10379.AG 0 0 2 2 2
7797 I10380.AG 0 0 2 2 NA
7798 I10381.AG 0 0 1 2 2
7799 I10382.AG 0 0 2 2 NA
7800 I10383.AG 0 0 2 2 2
7801 I10384.AG 0 0 1 2 2
7802 I10385.AG 0 0 2 2 2
7803 I10387.AG 0 0 2 2 2
7804 I10388.AG 0 0 1 2 2
7805 I10389.AG 0 0 2 2 NA
7806 I10390.AG 0 0 1 2 2
7807 I10391.AG 0 0 2 2 2
7808 I10392.AG 0 0 1 2 2
7809 I10397.AG 0 0 1 2 NA
7810 I10398.AG 0 0 2 2 2
7811 I10409.AG 0 0 1 2 NA
7812 I10410.AG 0 0 2 2 NA
7813 I10411.AG 0 0 1 2 2
7814 I10412.AG 0 0 2 2 2
7815 I10414.AG 0 0 2 2 2
7816 I10415.AG 0 0 1 2 NA
7817 I10420.AG 0 0 2 2 2
7818 I10421.AG 0 0 1 2 NA
7819 I10424.AG 0 0 2 2 2
7820 I10427.AG 0 0 1 2 NA
7821 I10430.AG 0 0 1 2 2
7822 I10436.AG 0 0 1 2 2
7823 I10438.AG 0 0 1 2 2
7824 I10439.AG 0 0 1 2 NA
7825 I10449.AG 0 0 1 2 NA
7826 I10478.AG 0 0 1 2 NA
7827 I10480.AG 0 0 1 2 2
7828 I10481.AG 0 0 1 2 NA
7829 I10482.AG 0 0 2 2 NA
7830 I10483.AG 0 0 2 2 NA
7831 I10486.AG 0 0 1 2 NA
7832 I10494.AG 0 0 2 2 2
7833 I10495.AG 0 0 1 2 2
7834 I10499.AG 0 0 1 2 2
7835 I10500.AG 0 0 1 2 2
7836 I10502.AG 0 0 1 2 NA
7837 I10523.AG 0 0 1 2 2
7838 I10542.AG 0 0 1 2 2
7839 I10543.AG 0 0 2 2 NA
7840 I10545.AG 0 0 1 2 NA
7841 I10546.AG 0 0 1 2 NA
7842 I10547.AG 0 0 2 2 2
7843 I10548.AG 0 0 2 2 2
7844 I10551.AG 0 0 1 2 NA
7845 I10552.AG 0 0 2 2 2
7846 I10553.AG 0 0 1 2 2
7847 I10554.AG 0 0 2 2 2
7848 I10558.AG 0 0 2 2 2
7849 I10559.AG 0 0 1 2 NA
7850 I10561.AG 0 0 1 2 2
7851 I10562.AG 0 0 2 2 NA
7852 I10564.AG 0 0 2 2 NA
7853 I10565.AG 0 0 2 2 2
7854 I10567.AG 0 0 1 2 2
7855 I10632_d.AG 0 0 1 2 NA
7856 I10759.AG 0 0 1 2 NA
7857 I10768.AG 0 0 1 2 2
7858 I10769.AG 0 0 1 2 2
7859 I10770.AG 0 0 1 2 2
7860 I10771.AG 0 0 2 2 2
7861 I10851.AG 0 0 2 2 NA
7862 I10852.AG 0 0 2 2 2
7863 I10853.AG 0 0 1 2 0
7864 I10854.AG 0 0 1 2 NA
7865 I10859.AG 0 0 2 2 2
7866 I10860.AG 0 0 2 2 NA
7867 I10861.AG 0 0 1 2 NA
7868 I10862.AG 0 0 1 2 2
7869 I10863.AG 0 0 2 2 2
7870 I10865.AG 0 0 1 2 NA
7871 I10866.AG 0 0 2 2 2
7872 I10892.AG 0 0 2 2 NA
7873 I10895.AG 0 0 1 2 2
7874 I10897.AG 0 0 2 2 NA
7875 I10899.AG 0 0 1 2 2
7876 I10966.AG 0 0 2 2 2
7877 I10967.AG 0 0 2 2 2
7878 I10969.AG 0 0 2 2 2
7879 I11025.AG 0 0 2 2 NA
7880 I11026.AG 0 0 2 2 NA
7881 I11027.AG 0 0 1 2 2
7882 I11028.AG 0 0 1 2 2
7883 I11029.AG 0 0 2 2 2
7884 I11030.AG 0 0 1 2 2
7885 I11033.AG 0 0 2 2 2
7886 I11034.AG 0 0 2 2 0
7887 I11039.AG 0 0 2 2 NA
7888 I11040.AG 0 0 2 2 NA
7889 I11041.AG 0 0 1 2 NA
7890 I11042.AG 0 0 1 2 NA
7891 I11094.AG 0 0 2 2 2
7892 I11095.AG 0 0 2 2 2
7893 I11101.AG 0 0 2 2 2
7894 I11102.AG 0 0 1 2 2
7895 I11103.AG 0 0 1 2 NA
7896 I11104.AG 0 0 2 2 2
7897 I11107.AG 0 0 1 2 2
7898 I11112.AG 0 0 1 2 2
7899 I11134.AG 0 0 2 2 2
7900 I11135.AG 0 0 1 2 2
7901 I11142.AG 0 0 1 2 0
7902 I11143.AG 0 0 1 2 2
7903 I11144.AG 0 0 1 2 2
7904 I11145.AG 0 0 1 2 0
7905 I11146.AG 0 0 1 2 NA
7906 I11147.AG 0 0 2 2 2
7907 I11148.AG 0 0 2 2 0
7908 I11149.AG 0 0 1 2 2
7909 I11150.AG 0 0 1 2 2
7910 I11151.AG 0 0 1 2 0
7911 I11152.AG 0 0 1 2 0
7912 I11153.AG 0 0 1 2 0
7913 I11154.AG 0 0 2 2 2
7914 I11156.AG 0 0 1 2 0
7915 I11244.AG 0 0 2 2 NA
7916 I11245.AG 0 0 1 2 2
7917 I11248.AG 0 0 1 2 2
7918 I11249.AG 0 0 1 2 2
7919 I11256.AG 0 0 1 2 2
7920 I11257.AG 0 0 1 2 2
7921 I11259.AG 0 0 2 2 2
7922 I11260.AG 0 0 1 2 2
7923 I11261.AG 0 0 1 2 2
7924 I11262.AG 0 0 2 2 2
7925 I11270.AG 0 0 1 2 NA
7926 I11282.AG 0 0 1 2 NA
7927 I11283.AG 0 0 2 2 2
7928 I11285.AG 0 0 1 2 2
7929 I11286.AG 0 0 1 2 NA
7930 I11289.AG 0 0 2 2 NA
7931 I11290.AG 0 0 2 2 NA
7932 I11292.AG 0 0 1 2 NA
7933 I11293.AG 0 0 1 2 2
7934 I11294.AG 0 0 2 2 2
7935 I11295.AG 0 0 2 2 2
7936 I11296.AG 0 0 1 2 2
7937 I11300.AG 0 0 2 2 NA
7938 I11301.AG 0 0 2 2 2
7939 I11303.AG 0 0 2 2 NA
7940 I11304.AG 0 0 1 2 2
7941 I11305.AG 0 0 1 2 2
7942 I11306.AG 0 0 2 2 2
7943 I11456.AG 0 0 2 2 2
7944 I11458.AG 0 0 1 2 NA
7945 I11459.AG 0 0 1 2 NA
7946 I11460.AG 0 0 1 2 NA
7947 I11466.AG 0 0 2 2 NA
7948 I11469.AG 0 0 2 2 NA
7949 I11480.AG 0 0 1 2 NA
7950 I11488.AG 0 0 2 2 NA
7951 I11501.AG 0 0 2 2 2
7952 I11519.AG 0 0 2 2 NA
7953 I11520.AG 0 0 1 2 2
7954 I11521.AG 0 0 2 2 2
7955 DA202.AG 0 0 2 2 2
7956 I11526.AG 0 0 1 2 2
7957 I11527.AG 0 0 1 2 2
7958 I11531.AG 0 0 2 2 2
7959 I11537.AG 0 0 1 2 2
7960 I11538.AG 0 0 2 2 2
7961 I11540.AG 0 0 1 2 2
7962 I11541.AG 0 0 1 2 2
7963 I11542.AG 0 0 2 2 NA
7964 I11551.AG 0 0 1 2 NA
7965 I11552.AG 0 0 1 2 2
7966 I11553.AG 0 0 2 2 NA
7967 I11557.AG 0 0 2 2 2
7968 I11558.AG 0 0 2 2 2
7969 I11559.AG 0 0 2 2 2
7970 I11562.AG 0 0 1 2 NA
7971 I11565.AG 0 0 1 2 NA
7972 I11567.AG 0 0 1 2 NA
7973 I11568.AG 0 0 1 2 NA
7974 I11569.AG 0 0 2 2 NA
7975 I11570.AG 0 0 1 2 NA
7976 I11571.AG 0 0 2 2 NA
7977 I11572.AG 0 0 0 2 NA
7978 I11573.AG 0 0 1 2 NA
7979 I11574.AG 0 0 1 2 NA
7980 I11575.AG 0 0 2 2 NA
7981 I11576.AG 0 0 2 2 2
7982 I11577.AG 0 0 1 2 NA
7983 I11578.AG 0 0 1 2 NA
7984 I11579.AG 0 0 2 2 0
7985 I11580.AG 0 0 1 2 NA
7986 I11581.AG 0 0 1 2 NA
7987 I11582.AG 0 0 1 2 NA
7988 I11583.AG 0 0 1 2 2
7989 I11584.AG 0 0 1 2 NA
7990 I11585.AG 0 0 2 2 2
7991 I11586.AG 0 0 1 2 NA
7992 I11587.AG 0 0 2 2 2
7993 I11588.AG 0 0 1 2 NA
7994 I11589.AG 0 0 2 2 NA
7995 I11590.AG 0 0 1 2 0
7996 I11592.AG 0 0 1 2 2
7997 I11599.AG 0 0 1 2 2
7998 I11601.AG 0 0 2 2 NA
7999 I11604.AG 0 0 1 2 NA
8000 I11605.AG 0 0 1 2 2
8001 I11614.AG 0 0 2 2 NA
8002 I11629.AG 0 0 2 2 NA
8003 I11631.AG 0 0 1 2 NA
8004 I11637.AG 0 0 2 2 2
8005 I11669_alt.AG 0 0 2 2 2
8006 I11670_alt.AG 0 0 1 2 2
8007 I11675_alt.AG 0 0 2 2 2
8008 I11682_alt.AG 0 0 2 2 2
8009 I11696.AG 0 0 1 2 2
8010 I11697.AG 0 0 1 2 2
8011 I11699.AG 0 0 2 2 2
8012 I11708.AG 0 0 2 2 2
8013 I11710.AG 0 0 2 2 2
8014 I11712.AG 0 0 1 2 0
8015 I11715.AG 0 0 1 2 2
8016 I11716.AG 0 0 2 2 2
8017 I11717.AG 0 0 2 2 NA
8018 I11719.AG 0 0 2 2 2
8019 I11721.AG 0 0 2 2 2
8020 I11722.AG 0 0 2 2 2
8021 I11732.AG 0 0 2 2 2
8022 I11734.AG 0 0 1 2 2
8023 I11735.AG 0 0 1 2 2
8024 I11736.AG 0 0 2 2 2
8025 I11737.AG 0 0 1 2 2
8026 I11742.AG 0 0 1 2 NA
8027 I11744.AG 0 0 1 2 2
8028 I11745.AG 0 0 1 2 2
8029 I11747.AG 0 0 1 2 NA
8030 I11748.AG 0 0 2 2 2
8031 I11750.AG 0 0 1 2 2
8032 I11751.AG 0 0 2 2 2
8033 I11752.AG 0 0 2 2 2
8034 I11754.AG 0 0 1 2 2
8035 I11788.AG 0 0 1 2 NA
8036 I11806.AG 0 0 2 2 NA
8037 I11829.AG 0 0 2 2 2
8038 I11837.AG 0 0 1 2 2
8039 I11838.AG 0 0 1 2 2
8040 I11840.AG 0 0 1 2 2
8041 I11841.AG 0 0 1 2 2
8042 I11842.AG 0 0 2 2 2
8043 I11853.AG 0 0 2 2 NA
8044 I11866.AG 0 0 1 2 NA
8045 I11872.AG 0 0 1 2 NA
8046 I11873.AG 0 0 2 2 NA
8047 I11892.AG 0 0 2 2 2
8048 I11911.AG 0 0 2 2 NA
8049 I11948.AG 0 0 1 2 NA
8050 I11968.AG 0 0 1 2 2
8051 I11969.AG 0 0 2 2 2
8052 I11970.AG 0 0 1 2 2
8053 I11971.AG 0 0 2 2 2
8054 I11972.AG 0 0 1 2 2
8055 I11973.AG 0 0 2 2 2
8056 I11974.AG 0 0 1 2 2
8057 I11984.AG 0 0 2 2 NA
8058 I11985.AG 0 0 2 2 2
8059 I11986.AG 0 0 2 2 2
8060 I11987.AG 0 0 2 2 2
8061 I11988.AG 0 0 2 2 2
8062 I11990.AG 0 0 1 2 2
8063 I11993.AG 0 0 2 2 2
8064 I11994.AG 0 0 2 2 0
8065 I11995.AG 0 0 2 2 0
8066 I11997.AG 0 0 1 2 0
8067 I12005.AG 0 0 1 2 NA
8068 I12029.AG 0 0 1 2 NA
8069 I12030.AG 0 0 2 2 NA
8070 I12031.AG 0 0 1 2 0
8071 I12032.AG 0 0 1 2 2
8072 I12033.AG 0 0 1 2 2
8073 I12034.AG 0 0 2 2 0
8074 I12042.AG 0 0 1 2 NA
8075 I12081.AG 0 0 2 2 2
8076 I12082.AG 0 0 2 2 0
8077 I12083.AG 0 0 2 2 2
8078 I12093.AG 0 0 2 2 2
8079 I12097.AG 0 0 2 2 2
8080 I12098.AG 0 0 2 2 2
8081 I12099.AG 0 0 1 2 2
8082 I12102.AG 0 0 2 2 NA
8083 I12103.AG 0 0 1 2 2
8084 I12104.AG 0 0 2 2 NA
8085 I12105.AG 0 0 2 2 2
8086 I12106.AG 0 0 2 2 2
8087 I12107.AG 0 0 2 2 2
8088 I12110.AG 0 0 1 2 2
8089 I12134.AG 0 0 1 2 2
8090 I12136.AG 0 0 2 2 2
8091 I12137.AG 0 0 2 2 2
8092 I12138.AG 0 0 2 2 2
8093 I12140.AG 0 0 1 2 NA
8094 I12141.AG 0 0 2 2 NA
8095 I12142.AG 0 0 2 2 2
8096 I12143.AG 0 0 1 2 2
8097 I12144.AG 0 0 2 2 NA
8098 I12146.AG 0 0 2 2 2
8099 I12147.AG 0 0 1 2 2
8100 I12149.AG 0 0 1 2 2
8101 I12162.AG 0 0 1 2 0
8102 I12163.AG 0 0 2 2 NA
8103 I12164.AG 0 0 2 2 NA
8104 I12173.AG 0 0 2 2 NA
8105 I12208.AG 0 0 2 2 2
8106 I12209.AG 0 0 1 2 2
8107 I12221.AG 0 0 1 2 NA
8108 I12223.AG 0 0 1 2 2
8109 I12225.AG 0 0 1 2 2
8110 I12231.AG 0 0 1 2 NA
8111 I12234.AG 0 0 1 2 NA
8112 I12235.AG 0 0 1 2 NA
8113 I12241.AG 0 0 1 2 2
8114 I12242.AG 0 0 1 2 2
8115 I12243.AG 0 0 1 2 2
8116 I12255.AG 0 0 2 2 NA
8117 I12257.AG 0 0 1 2 NA
8118 I12260.AG 0 0 1 2 NA
8119 I12292.AG 0 0 1 2 2
8120 I12293.AG 0 0 1 2 NA
8121 I12294.AG 0 0 1 2 2
8122 I12312.AG 0 0 1 2 NA
8123 I12313.AG 0 0 2 2 NA
8124 I12317.AG 0 0 1 2 NA
8125 I12323.AG 0 0 1 2 2
8126 I12355.AG 0 0 1 2 2
8127 I12356.AG 0 0 1 2 2
8128 I12357.AG 0 0 2 2 2
8129 I12359.AG 0 0 1 2 2
8130 I12360.AG 0 0 1 2 NA
8131 I12361.AG 0 0 1 2 2
8132 I12362.AG 0 0 2 2 2
8133 I12363.AG 0 0 1 2 2
8134 I12364.AG 0 0 2 2 2
8135 I12365_alt1.AG 0 0 1 2 2
8136 I12366.AG 0 0 2 2 2
8137 I12365.AG 0 0 2 2 2
8138 I12368.AG 0 0 1 2 2
8139 I12369.AG 0 0 2 2 2
8140 I12370.AG 0 0 1 2 2
8141 I12372.AG 0 0 1 2 2
8142 I12373.AG 0 0 1 2 2
8143 I12374.AG 0 0 1 2 2
8144 I12376.AG 0 0 2 2 NA
8145 I12379.AG 0 0 1 2 2
8146 I12381.AG 0 0 2 2 2
8147 I12384.AG 0 0 1 2 NA
8148 I12391.AG 0 0 0 2 NA
8149 I12394.AG 0 0 2 2 2
8150 I12398.AG 0 0 1 2 2
8151 I12410.AG 0 0 1 2 2
8152 I12411.AG 0 0 2 2 0
8153 I12412.AG 0 0 2 2 2
8154 I12413.AG 0 0 1 2 2
8155 I12414.AG 0 0 2 2 0
8156 I12415.AG 0 0 2 2 2
8157 I12433.AG 0 0 2 2 2
8158 I12440.AG 0 0 1 2 2
8159 I12444.AG 0 0 2 2 2
8160 I12445.AG 0 0 1 2 2
8161 I12446.AG 0 0 2 2 2
8162 I12447.AG 0 0 1 2 2
8163 I12448.AG 0 0 2 2 NA
8164 I12449.AG 0 0 1 2 NA
8165 I12450.AG 0 0 1 2 2
8166 I12451.AG 0 0 1 2 2
8167 I12453.AG 0 0 1 2 NA
8168 I12454.AG 0 0 2 2 2
8169 I12455.AG 0 0 2 2 2
8170 I12456.AG 0 0 2 2 2
8171 I12457.AG 0 0 1 2 2
8172 I12458.AG 0 0 1 2 2
8173 I12459.AG 0 0 1 2 2
8174 I12460.AG 0 0 2 2 2
8175 I12461.AG 0 0 2 2 2
8176 I12462.AG 0 0 1 2 2
8177 I12463.AG 0 0 1 2 2
8178 I12464.AG 0 0 2 2 2
8179 I12465.AG 0 0 1 2 2
8180 I12466.AG 0 0 1 2 NA
8181 I12470.AG 0 0 1 2 2
8182 I12471.AG 0 0 1 2 2
8183 I12139.AG 0 0 1 2 NA
8184 I12473.AG 0 0 1 2 NA
8185 I12475.AG 0 0 1 2 NA
8186 I12477.AG 0 0 2 2 2
8187 I12478.AG 0 0 2 2 NA
8188 I12479.AG 0 0 2 2 NA
8189 I12480.AG 0 0 2 2 2
8190 I12481.AG 0 0 1 2 2
8191 I12482.AG 0 0 1 2 2
8192 I12483.AG 0 0 2 2 NA
8193 I12484.AG 0 0 2 2 2
8194 I12485.AG 0 0 2 2 2
8195 I12486.AG 0 0 2 2 2
8196 I12487.AG 0 0 1 2 2
8197 I12490.AG 0 0 1 2 2
8198 I12491.AG 0 0 1 2 2
8199 NEO178.AG 0 0 1 2 2
8200 I12496.AG 0 0 2 2 2
8201 I12498.AG 0 0 1 2 NA
8202 I12499.AG 0 0 1 2 2
8203 NEO179.AG 0 0 2 2 2
8204 I12507.AG 0 0 2 2 2
8205 I12510.AG 0 0 2 2 2
8206 I12512.AG 0 0 1 2 NA
8207 I12514.AG 0 0 1 2 2
8208 I12515.AG 0 0 1 2 2
8209 I12516.AG 0 0 2 2 2
8210 I12517.AG 0 0 1 2 NA
8211 I12560.AG 0 0 2 2 2
8212 I12561.AG 0 0 1 2 NA
8213 I12570.AG 0 0 1 2 2
8214 I12571.AG 0 0 1 2 NA
8215 I12572.AG 0 0 1 2 2
8216 I12574.AG 0 0 1 2 NA
8217 I12576.AG 0 0 1 2 2
8218 I12601.AG 0 0 1 2 2
8219 I12602.AG 0 0 1 2 NA
8220 I12603.AG 0 0 1 2 2
8221 I12604.AG 0 0 2 2 2
8222 I12605.AG 0 0 1 2 NA
8223 I12606.AG 0 0 1 2 2
8224 I12611.AG 0 0 2 2 NA
8225 I12612.AG 0 0 2 2 NA
8226 I12613.AG 0 0 2 2 NA
8227 I12619.AG 0 0 1 2 2
8228 I12621.AG 0 0 1 2 NA
8229 I12626.AG 0 0 1 2 2
8230 I12627.AG 0 0 2 2 2
8231 I12628.AG 0 0 1 2 2
8232 I12637.AG 0 0 1 2 2
8233 I12640.AG 0 0 1 2 NA
8234 I12641.AG 0 0 1 2 NA
8235 I12642.AG 0 0 2 2 NA
8236 I12643.AG 0 0 2 2 NA
8237 I12644.AG 0 0 1 2 2
8238 I12645.AG 0 0 2 2 NA
8239 I12646.AG 0 0 1 2 NA
8240 I12647.AG 0 0 2 2 2
8241 I12648.AG 0 0 1 2 NA
8242 I12649.AG 0 0 1 2 NA
8243 I12650.AG 0 0 1 2 NA
8244 I12664.AG 0 0 2 2 2
8245 I12665.AG 0 0 1 2 2
8246 I12666.AG 0 0 2 2 2
8247 I12685.AG 0 0 1 2 2
8248 I12687.AG 0 0 1 2 2
8249 I12695.AG 0 0 1 2 2
8250 I12696.AG 0 0 2 2 2
8251 I12707.AG 0 0 2 2 NA
8252 I12712.AG 0 0 1 2 NA
8253 I12716.AG 0 0 1 2 2
8254 I12717.AG 0 0 2 2 2
8255 I12719.AG 0 0 1 2 2
8256 I12720.AG 0 0 1 2 2
8257 I12721.AG 0 0 2 2 NA
8258 I12722.AG 0 0 1 2 NA
8259 I12723.AG 0 0 1 2 2
8260 I12724.AG 0 0 2 2 2
8261 I12725.AG 0 0 2 2 2
8262 I12726.AG 0 0 1 2 NA
8263 I12727.AG 0 0 1 2 2
8264 I12729.AG 0 0 2 2 2
8265 I12730.AG 0 0 2 2 NA
8266 I12731.AG 0 0 1 2 2
8267 I12732.AG 0 0 1 2 2
8268 I12734.AG 0 0 1 2 2
8269 I12735.AG 0 0 1 2 2
8270 I12736.AG 0 0 2 2 2
8271 I12737.AG 0 0 1 2 2
8272 I12738.AG 0 0 1 2 2
8273 I12739.AG 0 0 1 2 2
8274 I12740.AG 0 0 1 2 NA
8275 I12741.AG 0 0 1 2 2
8276 I12742.AG 0 0 2 2 2
8277 I12743.AG 0 0 2 2 NA
8278 I12745.AG 0 0 1 2 2
8279 I12748.AG 0 0 1 2 NA
8280 I12750.AG 0 0 1 2 NA
8281 I12754.AG 0 0 2 2 2
8282 I12755.AG 0 0 2 2 NA
8283 I12757.AG 0 0 2 2 NA
8284 I12759.AG 0 0 1 2 2
8285 I12760.AG 0 0 1 2 2
8286 I12763.AG 0 0 2 2 NA
8287 I12764.AG 0 0 1 2 NA
8288 I12765.AG 0 0 1 2 NA
8289 I12766.AG 0 0 2 2 NA
8290 I12767.AG 0 0 1 2 NA
8291 I12770.AG 0 0 2 2 0
8292 I12771.AG 0 0 1 2 0
8293 I12772.AG 0 0 1 2 2
8294 I12774.AG 0 0 1 2 2
8295 I12775.AG 0 0 1 2 0
8296 I12776.AG 0 0 2 2 0
8297 I12778.AG 0 0 1 2 0
8298 I12779.AG 0 0 2 2 0
8299 I12783.AG 0 0 1 2 2
8300 I12785.AG 0 0 1 2 2
8301 I12786.AG 0 0 1 2 2
8302 I12787.AG 0 0 2 2 2
8303 I12790.AG 0 0 2 2 2
8304 I12791.AG 0 0 1 2 0
8305 I12792.AG 0 0 2 2 0
8306 I12793.AG 0 0 1 2 2
8307 I12809.AG 0 0 1 2 NA
8308 I12824.AG 0 0 2 2 2
8309 I12825.AG 0 0 1 2 2
8310 I12828.AG 0 0 1 2 NA
8311 I12834.AG 0 0 1 2 NA
8312 I12840.AG 0 0 2 2 NA
8313 I12843.AG 0 0 1 2 2
8314 I12844.AG 0 0 1 2 2
8315 I12846.AG 0 0 1 2 2
8316 I12847.AG 0 0 2 2 2
8317 I12848.AG 0 0 1 2 2
8318 I12849.AG 0 0 2 2 2
8319 I12852.AG 0 0 2 2 NA
8320 I12854.AG 0 0 0 2 NA
8321 I12855.AG 0 0 1 2 NA
8322 I12874.AG 0 0 1 2 NA
8323 I12876.AG 0 0 1 2 NA
8324 I12877.AG 0 0 1 2 2
8325 I12878.AG 0 0 2 2 NA
8326 I12879.AG 0 0 2 2 NA
8327 I12893.AG 0 0 1 2 2
8328 I12900.AG 0 0 1 2 NA
8329 I12903.AG 0 0 2 2 NA
8330 I12905.AG 0 0 2 2 2
8331 I12906.AG 0 0 2 2 NA
8332 I12907.AG 0 0 1 2 NA
8333 I12926.AG 0 0 1 2 0
8334 I12927.AG 0 0 1 2 2
8335 I12931.AG 0 0 1 2 0
8336 I12932.AG 0 0 2 2 2
8337 I12935.AG 0 0 1 2 2
8338 I12941.AG 0 0 1 2 2
8339 I12942.AG 0 0 2 2 NA
8340 I12943.AG 0 0 2 2 2
8341 I12944.AG 0 0 2 2 2
8342 I12945.AG 0 0 1 2 2
8343 I12946.AG 0 0 1 2 2
8344 I12947.AG 0 0 2 2 NA
8345 I12948.AG 0 0 2 2 NA
8346 I12949.AG 0 0 1 2 NA
8347 I12951.AG 0 0 1 2 NA
8348 I12955.AG 0 0 1 2 2
8349 I12956.AG 0 0 1 2 NA
8350 I12958.AG 0 0 2 2 2
8351 I12960.AG 0 0 1 2 2
8352 I12961.AG 0 0 1 2 2
8353 I12962.AG 0 0 2 2 2
8354 NIK008AB.AG 0 0 1 2 2
8355 I12967.AG 0 0 1 2 2
8356 I12968.AG 0 0 1 2 2
8357 I12969.AG 0 0 1 2 2
8358 I12971.AG 0 0 2 2 2
8359 I12972.AG 0 0 1 2 2
8360 I12973.AG 0 0 1 2 2
8361 I12975.AG 0 0 1 2 2
8362 I12976.AG 0 0 1 2 2
8363 I12977.AG 0 0 1 2 2
8364 I12978.AG 0 0 1 2 2
8365 I12979.AG 0 0 2 2 2
8366 I12980.AG 0 0 1 2 NA
8367 I12981.AG 0 0 2 2 2
8368 I12982.AG 0 0 1 2 2
8369 I12984.AG 0 0 2 2 2
8370 I12985.AG 0 0 2 2 2
8371 I12983.AG 0 0 2 2 2
8372 I12987.AG 0 0 2 2 2
8373 I12988.AG 0 0 1 2 2
8374 I12991.AG 0 0 2 2 2
8375 I13025.AG 0 0 1 2 2
8376 I13026.AG 0 0 1 2 NA
8377 I13027.AG 0 0 2 2 2
8378 I13028.AG 0 0 1 2 2
8379 I13031.AG 0 0 1 2 NA
8380 I13032.AG 0 0 2 2 NA
8381 I13035.AG 0 0 1 2 NA
8382 I13068.AG 0 0 1 2 NA
8383 I13071.AG 0 0 2 2 NA
8384 I13072.AG 0 0 1 2 NA
8385 I13096.AG 0 0 1 2 2
8386 I13097.AG 0 0 2 2 2
8387 I13098.AG 0 0 1 2 2
8388 I13099.AG 0 0 2 2 2
8389 I13100.AG 0 0 1 2 2
8390 I13125.AG 0 0 1 2 2
8391 I13126.AG 0 0 2 2 NA
8392 I13133.AG 0 0 2 2 NA
8393 I13136.AG 0 0 2 2 NA
8394 I13137.AG 0 0 2 2 NA
8395 I13140.AG 0 0 2 2 NA
8396 I13165.AG 0 0 2 2 NA
8397 I13166.AG 0 0 1 2 NA
8398 I13167.AG 0 0 1 2 2
8399 I13168.AG 0 0 2 2 2
8400 I13169.AG 0 0 1 2 2
8401 I13171.AG 0 0 2 2 2
8402 I13172.AG 0 0 2 2 0
8403 I13174.AG 0 0 1 2 2
8404 I13175.AG 0 0 1 2 2
8405 I13178.AG 0 0 2 2 2
8406 I13189.AG 0 0 1 2 2
8407 I13190.AG 0 0 1 2 2
8408 I13192.AG 0 0 1 2 2
8409 I13195.AG 0 0 1 2 2
8410 I13196.AG 0 0 1 2 2
8411 I13197.AG 0 0 2 2 NA
8412 I13198.AG 0 0 1 2 2
8413 I13199.AG 0 0 2 2 2
8414 I13200.AG 0 0 1 2 NA
8415 I13201.AG 0 0 2 2 2
8416 I13203.AG 0 0 2 2 2
8417 I13204.AG 0 0 1 2 NA
8418 I13206.AG 0 0 2 2 2
8419 I13207.AG 0 0 2 2 2
8420 I13208.AG 0 0 1 2 2
8421 I13219.AG 0 0 2 2 2
8422 I13220.AG 0 0 2 2 2
8423 I13221.AG 0 0 1 2 NA
8424 I13222.AG 0 0 1 2 2
8425 I13223.AG 0 0 1 2 2
8426 I13224.AG 0 0 2 2 2
8427 I13226.AG 0 0 2 2 2
8428 I13227.AG 0 0 2 2 2
8429 I13228.AG 0 0 1 2 2
8430 I13255.AG 0 0 2 2 NA
8431 I13260.AG 0 0 1 2 2
8432 I13266.AG 0 0 2 2 2
8433 I13267.AG 0 0 2 2 2
8434 I13318.AG 0 0 1 2 2
8435 I13319.AG 0 0 2 2 2
8436 I13320.AG 0 0 1 2 2
8437 I13321.AG 0 0 1 2 2
8438 I13322.AG 0 0 2 2 2
8439 I13323.AG 0 0 2 2 2
8440 I13324.AG 0 0 2 2 2
8441 I13326.AG 0 0 1 2 2
8442 I13376.AG 0 0 2 2 2
8443 I13377.AG 0 0 2 2 2
8444 I13378.AG 0 0 1 2 2
8445 I13379.AG 0 0 2 2 2
8446 I13380.AG 0 0 2 2 2
8447 I13381.AG 0 0 2 2 2
8448 I13382.AG 0 0 1 2 NA
8449 I13383.AG 0 0 1 2 2
8450 I13384.AG 0 0 2 2 2
8451 I13385.AG 0 0 1 2 2
8452 I13386.AG 0 0 1 2 2
8453 I13387.AG 0 0 2 2 2
8454 I13389.AG 0 0 1 2 2
8455 I13390.AG 0 0 2 2 2
8456 I13391.AG 0 0 1 2 2
8457 I13392.AG 0 0 2 2 2
8458 I13393.AG 0 0 2 2 2
8459 I13394.AG 0 0 2 2 2
8460 I13395.AG 0 0 2 2 2
8461 I13441.AG 0 0 1 2 2
8462 I13458.AG 0 0 2 2 2
8463 I13468.AG 0 0 1 2 2
8464 I13469.AG 0 0 1 2 2
8465 I13470.AG 0 0 2 2 2
8466 I13471.AG 0 0 1 2 2
8467 I13472.AG 0 0 2 2 2
8468 I13504.AG 0 0 1 2 2
8469 I13505.AG 0 0 1 2 2
8470 I13510.AG 0 0 1 2 NA
8471 I13538.AG 0 0 2 2 2
8472 I13539.AG 0 0 2 2 2
8473 I13540.AG 0 0 1 2 2
8474 I13541.AG 0 0 2 2 2
8475 I13557.AG 0 0 2 2 NA
8476 I13558.AG 0 0 2 2 2
8477 I13559.AG 0 0 1 2 NA
8478 I13560.AG 0 0 1 2 NA
8479 I13561.AG 0 0 2 2 NA
8480 I13562.AG 0 0 1 2 2
8481 I13563.AG 0 0 1 2 NA
8482 I13564.AG 0 0 1 2 NA
8483 I13599.AG 0 0 2 2 2
8484 I13615.AG 0 0 1 2 2
8485 I13618.AG 0 0 2 2 NA
8486 I13620.AG 0 0 1 2 NA
8487 I13621.AG 0 0 1 2 NA
8488 I13623.AG 0 0 1 2 2
8489 I13627.AG 0 0 1 2 NA
8490 I13629.AG 0 0 1 2 NA
8491 I13631.AG 0 0 1 2 NA
8492 I13633.AG 0 0 1 2 2
8493 I13638.AG 0 0 1 2 NA
8494 I13649.AG 0 0 1 2 NA
8495 I13651.AG 0 0 2 2 NA
8496 I13654.AG 0 0 1 2 2
8497 I13655.AG 0 0 1 2 2
8498 I13656.AG 0 0 1 2 2
8499 I13657.AG 0 0 1 2 2
8500 I13660.AG 0 0 1 2 NA
8501 I13676.AG 0 0 1 2 NA
8502 I13678.AG 0 0 1 2 2
8503 I13679.AG 0 0 1 2 NA
8504 I13680.AG 0 0 1 2 0
8505 I13681.AG 0 0 1 2 NA
8506 I13683.AG 0 0 2 2 NA
8507 I13685.AG 0 0 2 2 0
8508 I13687.AG 0 0 2 2 2
8509 I13688.AG 0 0 2 2 0
8510 I13689.AG 0 0 1 2 0
8511 I13690.AG 0 0 1 2 NA
8512 I13692.AG 0 0 2 2 2
8513 I13694.AG 0 0 2 2 NA
8514 I13695.AG 0 0 1 2 NA
8515 I13696.AG 0 0 1 2 NA
8516 I13697.AG 0 0 1 2 NA
8517 I13711.AG 0 0 1 2 0
8518 I13712.AG 0 0 1 2 2
8519 I13713.AG 0 0 1 2 2
8520 I13714.AG 0 0 1 2 2
8521 I13717.AG 0 0 2 2 0
8522 I13721.AG 0 0 2 2 2
8523 I13722.AG 0 0 1 2 NA
8524 I13727.AG 0 0 2 2 0
8525 I13728.AG 0 0 1 2 0
8526 I13729.AG 0 0 2 2 0
8527 I13730.AG 0 0 1 2 2
8528 I13731.AG 0 0 1 2 0
8529 I13732.AG 0 0 1 2 0
8530 I13737.AG 0 0 1 2 2
8531 I13738.AG 0 0 2 2 2
8532 I13739.AG 0 0 2 2 NA
8533 I13740.AG 0 0 2 2 NA
8534 I13741.AG 0 0 1 2 NA
8535 I13751.AG 0 0 2 2 0
8536 I13752.AG 0 0 2 2 0
8537 I13753.AG 0 0 1 2 0
8538 I13754.AG 0 0 1 2 0
8539 I13755.AG 0 0 2 2 NA
8540 I13756.AG 0 0 2 2 2
8541 I13757.AG 0 0 2 2 2
8542 I13758.AG 0 0 1 2 2
8543 I13759.AG 0 0 1 2 0
8544 I13760.AG 0 0 1 2 2
8545 I13766.AG 0 0 1 2 2
8546 I13767.AG 0 0 1 2 2
8547 I13775.AG 0 0 1 2 2
8548 I13776.AG 0 0 2 2 NA
8549 I13777.AG 0 0 1 2 2
8550 I13778.AG 0 0 1 2 2
8551 I13780.AG 0 0 1 2 0
8552 I13781.AG 0 0 2 2 2
8553 I13783.AG 0 0 2 2 2
8554 I13786.AG 0 0 1 2 0
8555 I13787.AG 0 0 2 2 2
8556 I13788.AG 0 0 1 2 2
8557 I13789.AG 0 0 2 2 2
8558 I13791.AG 0 0 2 2 2
8559 I13792.AG 0 0 1 2 2
8560 I13793.AG 0 0 1 2 2
8561 I13794.AG 0 0 1 2 2
8562 I13795.AG 0 0 1 2 2
8563 I13796.AG 0 0 2 2 2
8564 I13798.AG 0 0 2 2 2
8565 I13799.AG 0 0 2 2 2
8566 I13811.AG 0 0 1 2 2
8567 I13812.AG 0 0 1 2 2
8568 I13813.AG 0 0 1 2 2
8569 I13838.AG 0 0 1 2 2
8570 I13839.AG 0 0 2 2 2
8571 I13840.AG 0 0 1 2 2
8572 I13861.AG 0 0 2 2 NA
8573 I13862.AG 0 0 1 2 0
8574 I13863.AG 0 0 2 2 2
8575 I13864.AG 0 0 1 2 2
8576 I13865.AG 0 0 1 2 2
8577 I13866.AG 0 0 1 2 2
8578 I13867.AG 0 0 2 2 2
8579 I13868.AG 0 0 1 2 NA
8580 I13869.AG 0 0 2 2 2
8581 I13870.AG 0 0 1 2 0
8582 I13871.AG 0 0 2 2 NA
8583 I13872.AG 0 0 1 2 2
8584 I13873.AG 0 0 1 2 2
8585 I13874.AG 0 0 1 2 2
8586 I13875.AG 0 0 1 2 2
8587 I13876.AG 0 0 1 2 NA
8588 I13882.AG 0 0 2 2 2
8589 I13883.AG 0 0 1 2 2
8590 I13884.AG 0 0 2 2 2
8591 I13885.AG 0 0 2 2 NA
8592 I13886.AG 0 0 1 2 2
8593 I13886_alt1.AG 0 0 1 2 2
8594 I13888.AG 0 0 2 2 2
8595 I13889.AG 0 0 2 2 2
8596 I13892.AG 0 0 1 2 2
8597 I13947.AG 0 0 1 2 NA
8598 I13948.AG 0 0 1 2 2
8599 I13949.AG 0 0 1 2 NA
8600 I13957.AG 0 0 1 2 2
8601 I13959.AG 0 0 2 2 NA
8602 I13963.AG 0 0 2 2 2
8603 I13965.AG 0 0 2 2 2
8604 I13970.AG 0 0 2 2 NA
8605 I13972.AG 0 0 1 2 NA
8606 I13977.AG 0 0 1 2 2
8607 I13978.AG 0 0 2 2 NA
8608 I13979.AG 0 0 2 2 2
8609 I13980.AG 0 0 1 2 2
8610 I13981.AG 0 0 2 2 2
8611 I14000.AG 0 0 2 2 2
8612 I14001.AG 0 0 1 2 2
8613 I14009.AG 0 0 1 2 2
8614 I14051.AG 0 0 2 2 2
8615 I14052.AG 0 0 2 2 2
8616 I14053.AG 0 0 1 2 2
8617 I14054.AG 0 0 1 2 2
8618 I14055.AG 0 0 1 2 2
8619 I14056.AG 0 0 1 2 NA
8620 I14057.AG 0 0 1 2 2
8621 I14065.AG 0 0 1 2 2
8622 I14066.AG 0 0 2 2 2
8623 I14088.AG 0 0 2 2 NA
8624 I14089.AG 0 0 1 2 NA
8625 I14090.AG 0 0 2 2 NA
8626 I14091.AG 0 0 1 2 0
8627 I14095.AG 0 0 2 2 0
8628 I14096.AG 0 0 1 2 0
8629 I14097.AG 0 0 1 2 0
8630 I14099.AG 0 0 2 2 2
8631 I14100.AG 0 0 1 2 2
8632 I14101.AG 0 0 2 2 0
8633 I14102.AG 0 0 1 2 2
8634 I14103.AG 0 0 2 2 NA
8635 I14104.AG 0 0 1 2 2
8636 I14105.AG 0 0 1 2 2
8637 I14106.AG 0 0 2 2 0
8638 I14107.AG 0 0 1 2 2
8639 I14108.AG 0 0 2 2 2
8640 I14119.AG 0 0 1 2 2
8641 I14147.AG 0 0 2 2 2
8642 I14148.AG 0 0 2 2 2
8643 I14149.AG 0 0 2 2 2
8644 I14150.AG 0 0 2 2 NA
8645 I14151.AG 0 0 2 2 2
8646 I14152.AG 0 0 2 2 2
8647 I14153.AG 0 0 2 2 2
8648 I14154.AG 0 0 2 2 2
8649 I14155.AG 0 0 2 2 2
8650 I14156.AG 0 0 2 2 2
8651 I14157.AG 0 0 2 2 2
8652 I14159.AG 0 0 1 2 2
8653 I14160.AG 0 0 2 2 2
8654 I14161.AG 0 0 1 2 2
8655 I14162.AG 0 0 2 2 2
8656 I14163.AG 0 0 1 2 2
8657 I14164.AG 0 0 2 2 2
8658 I14165.AG 0 0 2 2 2
8659 I14166.AG 0 0 2 2 2
8660 I14167.AG 0 0 1 2 2
8661 I14168.AG 0 0 2 2 2
8662 I14169.AG 0 0 1 2 2
8663 I14170.AG 0 0 1 2 2
8664 I14171.AG 0 0 2 2 2
8665 I14172.AG 0 0 2 2 2
8666 I14173.AG 0 0 1 2 2
8667 I14174.AG 0 0 1 2 2
8668 I14175.AG 0 0 2 2 2
8669 I14176.AG 0 0 1 2 2
8670 I14177.AG 0 0 1 2 NA
8671 I14178.AG 0 0 1 2 2
8672 I14179.AG 0 0 2 2 2
8673 I14180.AG 0 0 1 2 2
8674 I14181.AG 0 0 1 2 NA
8675 I14182.AG 0 0 1 2 2
8676 I14183.AG 0 0 2 2 2
8677 I14185.AG 0 0 1 2 2
8678 I14186.AG 0 0 2 2 2
8679 I14188.AG 0 0 1 2 2
8680 I14189.AG 0 0 1 2 2
8681 I14190.AG 0 0 1 2 2
8682 I14191.AG 0 0 1 2 2
8683 I14192.AG 0 0 1 2 0
8684 I14193.AG 0 0 1 2 2
8685 I1427.AG 0 0 1 2 2
8686 I1191.AG 0 0 2 2 NA
8687 I14308.AG 0 0 1 2 2
8688 I14326.AG 0 0 2 2 2
8689 I14327.AG 0 0 1 2 2
8690 I14339.AG 0 0 1 2 2
8691 I14343.AG 0 0 1 2 2
8692 I14343_d.AG 0 0 1 2 NA
8693 I14346.AG 0 0 2 2 NA
8694 I14347.AG 0 0 1 2 2
8695 I14348.AG 0 0 2 2 2
8696 I14351.AG 0 0 2 2 2
8697 I14352.AG 0 0 2 2 2
8698 I14353.AG 0 0 1 2 2
8699 I14358.AG 0 0 1 2 0
8700 I14359.AG 0 0 1 2 NA
8701 I14360.AG 0 0 2 2 0
8702 I14377.AG 0 0 2 2 2
8703 I14378.AG 0 0 2 2 0
8704 I14380.AG 0 0 1 2 0
8705 I14381.AG 0 0 2 2 0
8706 I14445.AG 0 0 2 2 NA
8707 I14464.AG 0 0 2 2 NA
8708 I14465.AG 0 0 1 2 2
8709 I14467.AG 0 0 2 2 NA
8710 I14468.AG 0 0 1 2 NA
8711 I1448.AG 0 0 2 2 2
8712 I14493.AG 0 0 1 2 2
8713 I14493_d.AG 0 0 1 2 NA
8714 I14497.AG 0 0 2 2 NA
8715 I14498.AG 0 0 1 2 NA
8716 I14499.AG 0 0 1 2 NA
8717 I14500.AG 0 0 2 2 NA
8718 I14501.AG 0 0 2 2 0
8719 I14534.AG 0 0 2 2 0
8720 I14535.AG 0 0 1 2 2
8721 I14536.AG 0 0 2 2 0
8722 I14538.AG 0 0 1 2 2
8723 I14539.AG 0 0 2 2 NA
8724 I14540.AG 0 0 1 2 2
8725 I14541.AG 0 0 2 2 0
8726 I14542.AG 0 0 2 2 2
8727 I14543.AG 0 0 2 2 2
8728 I14549.AG 0 0 2 2 NA
8729 I14550.AG 0 0 2 2 0
8730 I14551.AG 0 0 2 2 2
8731 I14552_d.AG 0 0 1 2 0
8732 I14553.AG 0 0 1 2 2
8733 I14554.AG 0 0 1 2 2
8734 I14555.AG 0 0 1 2 NA
8735 I14556.AG 0 0 1 2 2
8736 I14557.AG 0 0 2 2 2
8737 I14558.AG 0 0 2 2 2
8738 I14559.AG 0 0 2 2 NA
8739 I14560.AG 0 0 2 2 NA
8740 I14561.AG 0 0 1 2 2
8741 I14562.AG 0 0 1 2 2
8742 I14563.AG 0 0 1 2 2
8743 I14564.AG 0 0 1 2 2
8744 I14565.AG 0 0 1 2 NA
8745 I14566.AG 0 0 2 2 NA
8746 I14567.AG 0 0 1 2 NA
8747 I14568.AG 0 0 1 2 2
8748 I14569.AG 0 0 2 2 NA
8749 I14570.AG 0 0 2 2 NA
8750 I14571.AG 0 0 2 2 2
8751 I14572.AG 0 0 2 2 2
8752 I14573.AG 0 0 1 2 2
8753 I14574.AG 0 0 2 2 2
8754 I14575.AG 0 0 2 2 NA
8755 I14576.AG 0 0 2 2 NA
8756 I14577.AG 0 0 2 2 2
8757 I14578.AG 0 0 1 2 2
8758 I14579.AG 0 0 1 2 2
8759 I14580.AG 0 0 1 2 NA
8760 I14582.AG 0 0 2 2 2
8761 I14583.AG 0 0 2 2 2
8762 I14584.AG 0 0 1 2 NA
8763 I14585.AG 0 0 2 2 2
8764 I14586.AG 0 0 2 2 2
8765 I14588.AG 0 0 1 2 2
8766 I14599.AG 0 0 2 2 2
8767 I14600.AG 0 0 1 2 2
8768 I14601.AG 0 0 1 2 2
8769 I14602.AG 0 0 2 2 2
8770 I14605.AG 0 0 1 2 NA
8771 I14606.AG 0 0 1 2 2
8772 I14617.AG 0 0 1 2 2
8773 I14618.AG 0 0 1 2 2
8774 I14619.AG 0 0 1 2 2
8775 I14620.AG 0 0 1 2 2
8776 I14621.AG 0 0 2 2 2
8777 I14622.AG 0 0 1 2 2
8778 I14627.AG 0 0 2 2 NA
8779 I14635.AG 0 0 2 2 2
8780 I14636.AG 0 0 1 2 NA
8781 I14644.AG 0 0 2 2 2
8782 I14645.AG 0 0 1 2 2
8783 I14647.AG 0 0 1 2 2
8784 I14648.AG 0 0 2 2 2
8785 I14650.AG 0 0 1 2 2
8786 I14651.AG 0 0 1 2 2
8787 I14652.AG 0 0 1 2 2
8788 I14675.AG 0 0 1 2 2
8789 I14676.AG 0 0 1 2 2
8790 I14677.AG 0 0 1 2 2
8791 I14678.AG 0 0 1 2 2
8792 I14686.AG 0 0 1 2 2
8793 I14687.AG 0 0 1 2 2
8794 I14688.AG 0 0 1 2 2
8795 I14689.AG 0 0 1 2 2
8796 I14690.AG 0 0 1 2 2
8797 I14691.AG 0 0 2 2 NA
8798 I14692.AG 0 0 2 2 2
8799 I14730.AG 0 0 2 2 NA
8800 I14731.AG 0 0 2 2 NA
8801 I14733.AG 0 0 1 2 2
8802 I14734.AG 0 0 1 2 2
8803 I14735.AG 0 0 2 2 NA
8804 I14736.AG 0 0 2 2 2
8805 I14737.AG 0 0 2 2 2
8806 I14738.AG 0 0 2 2 2
8807 I14739.AG 0 0 2 2 NA
8808 I14740.AG 0 0 2 2 2
8809 I14741.AG 0 0 2 2 NA
8810 I14743_d.AG 0 0 1 2 NA
8811 I14747.AG 0 0 2 2 NA
8812 I14759.AG 0 0 2 2 2
8813 I14760.AG 0 0 2 2 NA
8814 I14761.AG 0 0 2 2 NA
8815 I14762.AG 0 0 1 2 2
8816 I14764.AG 0 0 2 2 2
8817 I14765.AG 0 0 1 2 2
8818 I14767.AG 0 0 2 2 2
8819 I14771.AG 0 0 1 2 NA
8820 I14772.AG 0 0 2 2 NA
8821 I14773.AG 0 0 1 2 NA
8822 I14774.AG 0 0 2 2 NA
8823 I14780.AG 0 0 2 2 NA
8824 I14781.AG 0 0 2 2 2
8825 I14782.AG 0 0 1 2 2
8826 I14784.AG 0 0 1 2 2
8827 I14785.AG 0 0 1 2 NA
8828 I14786.AG 0 0 2 2 2
8829 I14787.AG 0 0 1 2 NA
8830 I14788.AG 0 0 1 2 2
8831 I14789.AG 0 0 2 2 2
8832 I14790.AG 0 0 2 2 2
8833 I14791.AG 0 0 2 2 2
8834 I14792.AG 0 0 2 2 2
8835 I14793.AG 0 0 2 2 NA
8836 I14794.AG 0 0 2 2 2
8837 I14797.AG 0 0 1 2 2
8838 I14798.AG 0 0 1 2 2
8839 I14799.AG 0 0 1 2 2
8840 I14800.AG 0 0 1 2 0
8841 I14801.AG 0 0 2 2 2
8842 I14802.AG 0 0 2 2 NA
8843 I14803.AG 0 0 1 2 2
8844 I14804.AG 0 0 2 2 0
8845 I14806.AG 0 0 2 2 NA
8846 I14807.AG 0 0 1 2 2
8847 I14808.AG 0 0 2 2 2
8848 I14809.AG 0 0 1 2 0
8849 I14812.AG 0 0 2 2 2
8850 I14813.AG 0 0 1 2 2
8851 I14816.AG 0 0 1 2 NA
8852 I14817.AG 0 0 2 2 NA
8853 I14819.AG 0 0 2 2 2
8854 I14820.AG 0 0 2 2 2
8855 I14821.AG 0 0 2 2 2
8856 I14822.AG 0 0 2 2 2
8857 I14823.AG 0 0 1 2 2
8858 I14824.AG 0 0 1 2 2
8859 I14825.AG 0 0 1 2 2
8860 I14826.AG 0 0 2 2 NA
8861 I14827.AG 0 0 2 2 NA
8862 I14828.AG 0 0 1 2 NA
8863 I14831.AG 0 0 2 2 2
8864 I14832.AG 0 0 1 2 2
8865 I14833.AG 0 0 1 2 2
8866 I14837.AG 0 0 2 2 0
8867 I14839.AG 0 0 2 2 2
8868 I14840.AG 0 0 2 2 2
8869 I14842.AG 0 0 2 2 2
8870 I14843.AG 0 0 1 2 2
8871 I14844.AG 0 0 1 2 2
8872 I14845.AG 0 0 2 2 2
8873 I14846.AG 0 0 1 2 NA
8874 I14847.AG 0 0 1 2 2
8875 I14848.AG 0 0 1 2 NA
8876 I14849.AG 0 0 2 2 0
8877 I14850.AG 0 0 2 2 NA
8878 I14851.AG 0 0 2 2 0
8879 I14852.AG 0 0 2 2 NA
8880 I14853.AG 0 0 1 2 NA
8881 I14854.AG 0 0 2 2 NA
8882 I14855.AG 0 0 1 2 NA
8883 I14857.AG 0 0 2 2 NA
8884 I14858.AG 0 0 2 2 0
8885 I14859.AG 0 0 1 2 0
8886 I14860.AG 0 0 2 2 0
8887 I14861.AG 0 0 1 2 2
8888 I14862.AG 0 0 2 2 2
8889 I14863.AG 0 0 2 2 2
8890 I14864.AG 0 0 2 2 2
8891 I14865.AG 0 0 2 2 2
8892 I14866.AG 0 0 1 2 0
8893 I14872.AG 0 0 2 2 NA
8894 I14875.AG 0 0 1 2 2
8895 I14876.AG 0 0 1 2 2
8896 I14879.AG 0 0 1 2 2
8897 I14880.AG 0 0 1 2 NA
8898 I14881.AG 0 0 2 2 2
8899 I14882.AG 0 0 1 2 2
8900 I14883.AG 0 0 1 2 2
8901 I14889.AG 0 0 2 2 NA
8902 I14891.AG 0 0 1 2 2
8903 I14897.AG 0 0 2 2 NA
8904 I14898.AG 0 0 2 2 NA
8905 I14899.AG 0 0 1 2 NA
8906 I14900.AG 0 0 1 2 NA
8907 I14901.AG 0 0 2 2 2
8908 I14903.AG 0 0 2 2 2
8909 I14904.AG 0 0 1 2 2
8910 I14905.AG 0 0 1 2 NA
8911 I14906.AG 0 0 2 2 NA
8912 I14916.AG 0 0 2 2 NA
8913 I14920.AG 0 0 2 2 2
8914 I14921.AG 0 0 2 2 2
8915 I14922.AG 0 0 2 2 2
8916 I14923.AG 0 0 2 2 2
8917 I14925.AG 0 0 2 2 NA
8918 I14926.AG 0 0 2 2 NA
8919 I14927.AG 0 0 2 2 NA
8920 I14928.AG 0 0 2 2 NA
8921 I14929.AG 0 0 1 2 NA
8922 I14930.AG 0 0 2 2 NA
8923 I14931.AG 0 0 1 2 NA
8924 I14933.AG 0 0 1 2 NA
8925 I14934.AG 0 0 1 2 NA
8926 I14937.AG 0 0 2 2 NA
8927 I14962.AG 0 0 2 2 2
8928 I14965.AG 0 0 2 2 2
8929 I14980.AG 0 0 2 2 2
8930 I14982.AG 0 0 2 2 NA
8931 I14983.AG 0 0 1 2 2
8932 I14985.AG 0 0 2 2 2
8933 I14986.AG 0 0 1 2 2
8934 I14987.AG 0 0 1 2 2
8935 I14988.AG 0 0 1 2 2
8936 I14990.AG 0 0 1 2 2
8937 I14991.AG 0 0 1 2 2
8938 I14994.AG 0 0 2 2 2
8939 I15027.AG 0 0 1 2 2
8940 I15028.AG 0 0 2 2 2
8941 I15029.AG 0 0 1 2 2
8942 I15030.AG 0 0 1 2 2
8943 I15031.AG 0 0 2 2 2
8944 I15032.AG 0 0 1 2 2
8945 I15033.AG 0 0 1 2 2
8946 I15034.AG 0 0 2 2 2
8947 I15035.AG 0 0 2 2 2
8948 I15039.AG 0 0 2 2 2
8949 I15040.AG 0 0 1 2 2
8950 I15041.AG 0 0 1 2 2
8951 I15042.AG 0 0 1 2 2
8952 I15043.AG 0 0 2 2 0
8953 I15044.AG 0 0 2 2 2
8954 I15045.AG 0 0 2 2 2
8955 I15046.AG 0 0 2 2 2
8956 I15047.AG 0 0 1 2 NA
8957 I15048.AG 0 0 1 2 2
8958 I15049.AG 0 0 1 2 0
8959 I15050.AG 0 0 2 2 2
8960 I15051.AG 0 0 1 2 2
8961 I15071.AG 0 0 1 2 NA
8962 I15073.AG 0 0 2 2 2
8963 I15074.AG 0 0 2 2 2
8964 I15081.AG 0 0 1 2 2
8965 I15082.AG 0 0 1 2 2
8966 I15105.AG 0 0 1 2 2
8967 I15106.AG 0 0 2 2 2
8968 I15107.AG 0 0 2 2 2
8969 I15108.AG 0 0 2 2 2
8970 I15109.AG 0 0 2 2 2
8971 I15111.AG 0 0 1 2 2
8972 I15112.AG 0 0 2 2 2
8973 I15132.AG 0 0 2 2 2
8974 I15156.AG 0 0 1 2 NA
8975 I15158.AG 0 0 1 2 2
8976 I15159.AG 0 0 2 2 NA
8977 I15160.AG 0 0 1 2 NA
8978 I15162.AG 0 0 1 2 NA
8979 I15164.AG 0 0 2 2 NA
8980 I15166.AG 0 0 2 2 NA
8981 I15168.AG 0 0 2 2 NA
8982 I15170.AG 0 0 1 2 2
8983 I15171.AG 0 0 2 2 2
8984 I15172.AG 0 0 2 2 NA
8985 I15173.AG 0 0 1 2 2
8986 I15174.AG 0 0 1 2 2
8987 I15175.AG 0 0 2 2 2
8988 I15176.AG 0 0 1 2 2
8989 I15229.AG 0 0 1 2 NA
8990 I15330.AG 0 0 1 2 0
8991 I15331.AG 0 0 1 2 2
8992 I15332.AG 0 0 2 2 0
8993 I15333.AG 0 0 2 2 NA
8994 I15334.AG 0 0 2 2 2
8995 I15335.AG 0 0 2 2 2
8996 I15336.AG 0 0 1 2 2
8997 I15337.AG 0 0 2 2 NA
8998 I15338.AG 0 0 2 2 NA
8999 I15339.AG 0 0 2 2 2
9000 I15340.AG 0 0 1 2 2
9001 I15342.AG 0 0 1 2 NA
9002 I15434.AG 0 0 2 2 NA
9003 I15463.AG 0 0 2 2 2
9004 I15476.AG 0 0 2 2 NA
9005 I15477.AG 0 0 1 2 NA
9006 I15479.AG 0 0 1 2 NA
9007 I15481.AG 0 0 1 2 2
9008 I15485.AG 0 0 0 2 NA
9009 I15486.AG 0 0 2 2 2
9010 I15487.AG 0 0 2 2 NA
9011 I15488.AG 0 0 2 2 2
9012 I15489.AG 0 0 1 2 NA
9013 I15490.AG 0 0 1 2 2
9014 I15491.AG 0 0 1 2 NA
9015 I15492.AG 0 0 1 2 2
9016 I15493.AG 0 0 1 2 NA
9017 I15494.AG 0 0 2 2 NA
9018 I15495.AG 0 0 1 2 2
9019 I15496.AG 0 0 2 2 NA
9020 I15497.AG 0 0 1 2 NA
9021 I15498.AG 0 0 1 2 NA
9022 I15499.AG 0 0 1 2 NA
9023 I15500.AG 0 0 2 2 2
9024 I15501.AG 0 0 0 2 NA
9025 I15502.AG 0 0 1 2 2
9026 I15503.AG 0 0 2 2 NA
9027 I15504.AG 0 0 1 2 2
9028 I15505.AG 0 0 1 2 NA
9029 I15507.AG 0 0 1 2 NA
9030 I15508.AG 0 0 2 2 2
9031 I15509.AG 0 0 2 2 NA
9032 I15510.AG 0 0 1 2 2
9033 I15511.AG 0 0 1 2 NA
9034 I15512.AG 0 0 1 2 NA
9035 I15513.AG 0 0 1 2 2
9036 I15514.AG 0 0 2 2 NA
9037 I15515.AG 0 0 1 2 NA
9038 I15516.AG 0 0 1 2 NA
9039 I15517.AG 0 0 1 2 NA
9040 I15518.AG 0 0 1 2 NA
9041 I15519.AG 0 0 2 2 NA
9042 I15520.AG 0 0 1 2 2
9043 I15521.AG 0 0 1 2 2
9044 I15522.AG 0 0 2 2 NA
9045 I15523.AG 0 0 1 2 NA
9046 I15524.AG 0 0 1 2 NA
9047 I15525.AG 0 0 1 2 2
9048 I15526.AG 0 0 1 2 2
9049 I15527.AG 0 0 1 2 2
9050 I15528.AG 0 0 2 2 NA
9051 I15529.AG 0 0 1 2 NA
9052 I15530.AG 0 0 2 2 NA
9053 I15531.AG 0 0 1 2 2
9054 I15532.AG 0 0 1 2 NA
9055 I15533.AG 0 0 1 2 0
9056 I15534.AG 0 0 2 2 NA
9057 I15535.AG 0 0 2 2 NA
9058 I15536.AG 0 0 1 2 NA
9059 I15537.AG 0 0 1 2 0
9060 I15540.AG 0 0 2 2 2
9061 I15541.AG 0 0 1 2 2
9062 I15542.AG 0 0 1 2 2
9063 I15543.AG 0 0 1 2 2
9064 I15544.AG 0 0 1 2 2
9065 I15545.AG 0 0 1 2 2
9066 I15546.AG 0 0 1 2 2
9067 I15547.AG 0 0 1 2 NA
9068 I15548.AG 0 0 1 2 2
9069 I15549.AG 0 0 1 2 2
9070 I15550.AG 0 0 1 2 NA
9071 I15551.AG 0 0 1 2 2
9072 I15552.AG 0 0 1 2 2
9073 I15553.AG 0 0 1 2 2
9074 I15554.AG 0 0 1 2 NA
9075 I15555.AG 0 0 1 2 2
9076 I15556.AG 0 0 1 2 2
9077 I15571.AG 0 0 2 2 2
9078 I15582.AG 0 0 2 2 NA
9079 I15587.AG 0 0 1 2 2
9080 I15590.AG 0 0 1 2 NA
9081 I15591.AG 0 0 1 2 2
9082 I15592.AG 0 0 1 2 2
9083 I15593.AG 0 0 2 2 2
9084 I15594.AG 0 0 2 2 2
9085 I15595.AG 0 0 1 2 NA
9086 I15596.AG 0 0 2 2 2
9087 I15597.AG 0 0 2 2 2
9088 I15598.AG 0 0 2 2 2
9089 I15599.AG 0 0 1 2 2
9090 I15600.AG 0 0 1 2 2
9091 I15601.AG 0 0 1 2 2
9092 I15602.AG 0 0 1 2 NA
9093 I15604.AG 0 0 2 2 2
9094 I15617.AG 0 0 1 2 2
9095 I15618.AG 0 0 2 2 2
9096 I15619.AG 0 0 1 2 2
9097 I15621.AG 0 0 1 2 NA
9098 I15622.AG 0 0 2 2 2
9099 I15623.AG 0 0 1 2 2
9100 I15642.AG 0 0 2 2 NA
9101 I15643.AG 0 0 1 2 2
9102 I15644.AG 0 0 2 2 2
9103 I15646.AG 0 0 1 2 2
9104 I15648.AG 0 0 1 2 2
9105 I15650.AG 0 0 1 2 2
9106 I15663.AG 0 0 1 2 NA
9107 I15665.AG 0 0 2 2 2
9108 I15666.AG 0 0 2 2 2
9109 I15667.AG 0 0 1 2 2
9110 I15668.AG 0 0 2 2 2
9111 I15671.AG 0 0 2 2 NA
9112 I15674.AG 0 0 2 2 2
9113 I15675.AG 0 0 1 2 2
9114 I15676.AG 0 0 1 2 2
9115 I15677.AG 0 0 1 2 2
9116 I15678.AG 0 0 1 2 2
9117 I15679.AG 0 0 2 2 2
9118 I15682.AG 0 0 2 2 2
9119 I15705.AG 0 0 2 2 NA
9120 I15706.AG 0 0 1 2 2
9121 I15707.AG 0 0 1 2 2
9122 I15729.AG 0 0 2 2 2
9123 I15730.AG 0 0 2 2 NA
9124 I15731.AG 0 0 1 2 2
9125 I15732.AG 0 0 1 2 2
9126 I15733.AG 0 0 1 2 2
9127 I15734.AG 0 0 2 2 2
9128 I15741.AG 0 0 2 2 2
9129 I15742.AG 0 0 2 2 2
9130 I15743.AG 0 0 2 2 0
9131 I15744.AG 0 0 2 2 2
9132 I15748.AG 0 0 2 2 2
9133 I15749.AG 0 0 2 2 2
9134 I15750.AG 0 0 2 2 2
9135 I15818.AG 0 0 2 2 2
9136 I15819.AG 0 0 2 2 2
9137 I15821.AG 0 0 2 2 NA
9138 I15823.AG 0 0 1 2 2
9139 I15824.AG 0 0 2 2 0
9140 I15825.AG 0 0 2 2 2
9141 I15826.AG 0 0 1 2 2
9142 I15848.AG 0 0 2 2 NA
9143 I15934.AG 0 0 1 2 2
9144 I15939.AG 0 0 1 2 NA
9145 I15940.AG 0 0 1 2 2
9146 I15941.AG 0 0 1 2 2
9147 I15942.AG 0 0 1 2 2
9148 I15944_d.AG 0 0 1 2 NA
9149 I15945.AG 0 0 2 2 NA
9150 I15946.AG 0 0 1 2 2
9151 I15947.AG 0 0 1 2 2
9152 I15947_d.AG 0 0 1 2 NA
9153 I15950.AG 0 0 1 2 2
9154 I15951.AG 0 0 1 2 2
9155 I15952.AG 0 0 2 2 2
9156 I15953.AG 0 0 2 2 2
9157 I15954.AG 0 0 1 2 2
9158 I15955.AG 0 0 1 2 2
9159 I15956.AG 0 0 2 2 2
9160 I15957.AG 0 0 2 2 2
9161 I15958.AG 0 0 2 2 2
9162 I15959.AG 0 0 2 2 2
9163 I15960.AG 0 0 2 2 2
9164 I15961.AG 0 0 2 2 2
9165 I15962.AG 0 0 1 2 2
9166 I15963.AG 0 0 1 2 2
9167 I15964.AG 0 0 2 2 2
9168 I15965.AG 0 0 1 2 2
9169 I15966.AG 0 0 1 2 2
9170 I15968.AG 0 0 2 2 2
9171 I15969.AG 0 0 1 2 2
9172 I15970.AG 0 0 1 2 2
9173 I15971.AG 0 0 1 2 2
9174 I15972.AG 0 0 1 2 2
9175 I15975.AG 0 0 2 2 2
9176 I15976.AG 0 0 1 2 2
9177 I15977.AG 0 0 2 2 2
9178 I15978.AG 0 0 1 2 2
9179 I16006.AG 0 0 2 2 2
9180 I16007.AG 0 0 2 2 2
9181 I16008.AG 0 0 2 2 2
9182 I16009.AG 0 0 2 2 2
9183 I16010.AG 0 0 1 2 2
9184 I16011.AG 0 0 2 2 2
9185 I16012.AG 0 0 2 2 2
9186 I16013.AG 0 0 2 2 2
9187 I16014.AG 0 0 2 2 2
9188 I16015.AG 0 0 2 2 2
9189 I16016.AG 0 0 1 2 2
9190 I16086.AG 0 0 1 2 NA
9191 I16087.AG 0 0 1 2 NA
9192 I16088.AG 0 0 2 2 NA
9193 I16089.AG 0 0 2 2 2
9194 I16090.AG 0 0 2 2 2
9195 I16092.AG 0 0 1 2 2
9196 I16099.AG 0 0 1 2 2
9197 I16100.AG 0 0 1 2 2
9198 I16108.AG 0 0 2 2 NA
9199 I16109.AG 0 0 1 2 2
9200 I16110.AG 0 0 1 2 NA
9201 I16111.AG 0 0 2 2 2
9202 I16112.AG 0 0 2 2 2
9203 I16113.AG 0 0 2 2 2
9204 I16116.AG 0 0 2 2 2
9205 I16117.AG 0 0 1 2 2
9206 I16118.AG 0 0 2 2 NA
9207 I16119.AG 0 0 1 2 2
9208 I16120.AG 0 0 1 2 NA
9209 I16121.AG 0 0 2 2 2
9210 I16122.AG 0 0 2 2 NA
9211 I16163.AG 0 0 2 2 NA
9212 I16164.AG 0 0 1 2 2
9213 I16165.AG 0 0 2 2 2
9214 I16166.AG 0 0 1 2 NA
9215 I16168.AG 0 0 1 2 2
9216 I16169.AG 0 0 2 2 2
9217 I16173.AG 0 0 1 2 2
9218 I16174.AG 0 0 1 2 2
9219 I16175.AG 0 0 2 2 2
9220 I16176.AG 0 0 1 2 2
9221 I16177.AG 0 0 2 2 NA
9222 I16178.AG 0 0 2 2 NA
9223 I16180.AG 0 0 1 2 2
9224 I16181.AG 0 0 1 2 NA
9225 I16182.AG 0 0 1 2 2
9226 I16183.AG 0 0 2 2 NA
9227 I16184.AG 0 0 1 2 NA
9228 I16191.AG 0 0 1 2 2
9229 I16193.AG 0 0 1 2 NA
9230 I16194.AG 0 0 1 2 NA
9231 I16195.AG 0 0 2 2 NA
9232 I16196.AG 0 0 1 2 2
9233 I16216.AG 0 0 1 2 NA
9234 I16217.AG 0 0 2 2 2
9235 I16219.AG 0 0 1 2 NA
9236 I16220.AG 0 0 1 2 2
9237 I16239.AG 0 0 2 2 NA
9238 I16240.AG 0 0 2 2 NA
9239 I16241.AG 0 0 1 2 2
9240 I16242.AG 0 0 2 2 NA
9241 I16245.AG 0 0 1 2 2
9242 I16246.AG 0 0 2 2 NA
9243 I16247.AG 0 0 1 2 NA
9244 I16251.AG 0 0 1 2 2
9245 I16253.AG 0 0 1 2 0
9246 I16254.AG 0 0 1 2 NA
9247 I16256.AG 0 0 2 2 0
9248 I16268.AG 0 0 2 2 NA
9249 I16269.AG 0 0 1 2 NA
9250 I16270.AG 0 0 2 2 NA
9251 I16271.AG 0 0 2 2 2
9252 I16272.AG 0 0 1 2 2
9253 I16273.AG 0 0 1 2 NA
9254 I16326.AG 0 0 2 2 NA
9255 I16327.AG 0 0 1 2 NA
9256 I16329.AG 0 0 2 2 NA
9257 I16376.AG 0 0 1 2 2
9258 I16380.AG 0 0 1 2 NA
9259 I16383.AG 0 0 1 2 NA
9260 I16385.AG 0 0 1 2 NA
9261 I16386.AG 0 0 2 2 NA
9262 I16387.AG 0 0 1 2 NA
9263 I16388.AG 0 0 2 2 NA
9264 I16389.AG 0 0 1 2 NA
9265 I16390.AG 0 0 2 2 NA
9266 I16392.AG 0 0 1 2 2
9267 I16395.AG 0 0 2 2 NA
9268 I16396.AG 0 0 2 2 NA
9269 I16400.AG 0 0 1 2 2
9270 I16403.AG 0 0 1 2 NA
9271 I16410.AG 0 0 2 2 NA
9272 I16412_d.AG 0 0 1 2 NA
9273 I16413.AG 0 0 2 2 NA
9274 I16416.AG 0 0 1 2 NA
9275 I16418.AG 0 0 1 2 2
9276 I16422.AG 0 0 1 2 NA
9277 I16424.AG 0 0 2 2 2
9278 I16425.AG 0 0 2 2 NA
9279 I16427.AG 0 0 1 2 NA
9280 I16429.AG 0 0 1 2 NA
9281 I16430.AG 0 0 2 2 2
9282 I16436_d.AG 0 0 1 2 NA
9283 I16437.AG 0 0 2 2 NA
9284 I16438.AG 0 0 1 2 NA
9285 I16439.AG 0 0 2 2 2
9286 I16440.AG 0 0 1 2 2
9287 I16441.AG 0 0 2 2 0
9288 I16442.AG 0 0 2 2 2
9289 I16444.AG 0 0 1 2 2
9290 I16450.AG 0 0 1 2 0
9291 I16454.AG 0 0 1 2 2
9292 I16455.AG 0 0 1 2 0
9293 I16457.AG 0 0 2 2 0
9294 I16458.AG 0 0 1 2 0
9295 I16463.AG 0 0 1 2 2
9296 I16471_d.AG 0 0 2 2 NA
9297 I16476.AG 0 0 2 2 NA
9298 I16479_d.AG 0 0 2 2 NA
9299 I16488.AG 0 0 1 2 0
9300 I16491.AG 0 0 1 2 NA
9301 I16495.AG 0 0 2 2 0
9302 I16498.AG 0 0 2 2 2
9303 I16499.AG 0 0 1 2 2
9304 I16503.AG 0 0 1 2 2
9305 I16504.AG 0 0 1 2 0
9306 I16505.AG 0 0 2 2 NA
9307 I16508.AG 0 0 1 2 0
9308 I16509.AG 0 0 1 2 2
9309 I16510.AG 0 0 2 2 0
9310 I16514.AG 0 0 2 2 NA
9311 I16518.AG 0 0 1 2 2
9312 I16521.AG 0 0 2 2 NA
9313 I16522.AG 0 0 1 2 NA
9314 I16523.AG 0 0 2 2 NA
9315 I16524.AG 0 0 2 2 2
9316 I16525.AG 0 0 2 2 2
9317 I16529.AG 0 0 2 2 2
9318 I16530.AG 0 0 1 2 2
9319 I16532.AG 0 0 2 2 2
9320 I16533.AG 0 0 2 2 NA
9321 I16534.AG 0 0 2 2 NA
9322 I16535.AG 0 0 2 2 NA
9323 I16536.AG 0 0 1 2 NA
9324 I16538.AG 0 0 2 2 2
9325 I16540.AG 0 0 1 2 NA
9326 I16541.AG 0 0 1 2 NA
9327 I16542.AG 0 0 2 2 NA
9328 I16543.AG 0 0 1 2 2
9329 I16544.AG 0 0 1 2 2
9330 I16545.AG 0 0 2 2 NA
9331 I16546.AG 0 0 1 2 NA
9332 I16547.AG 0 0 1 2 NA
9333 I16549.AG 0 0 1 2 2
9334 I16550.AG 0 0 1 2 NA
9335 I16551.AG 0 0 2 2 NA
9336 I16552.AG 0 0 2 2 NA
9337 I16553.AG 0 0 1 2 NA
9338 I16554.AG 0 0 1 2 2
9339 I16556.AG 0 0 2 2 2
9340 I16559.AG 0 0 2 2 2
9341 I16560.AG 0 0 1 2 NA
9342 I16570.AG 0 0 2 2 NA
9343 I16571.AG 0 0 2 2 NA
9344 I16574.AG 0 0 2 2 NA
9345 I16577.AG 0 0 1 2 NA
9346 I16580.AG 0 0 2 2 NA
9347 I16583.AG 0 0 1 2 NA
9348 I16584.AG 0 0 1 2 NA
9349 I16585.AG 0 0 1 2 NA
9350 I16591.AG 0 0 1 2 2
9351 I16593.AG 0 0 2 2 NA
9352 I16595.AG 0 0 2 2 NA
9353 I16596.AG 0 0 1 2 NA
9354 I16597.AG 0 0 1 2 0
9355 I16599.AG 0 0 1 2 NA
9356 I16601.AG 0 0 2 2 0
9357 I16602.AG 0 0 2 2 0
9358 I16609.AG 0 0 1 2 NA
9359 I16611.AG 0 0 1 2 NA
9360 I16612.AG 0 0 2 2 NA
9361 I16613.AG 0 0 1 2 NA
9362 I16615.AG 0 0 2 2 NA
9363 I16616.AG 0 0 2 2 NA
9364 I16619.AG 0 0 1 2 NA
9365 I16620.AG 0 0 2 2 NA
9366 I16639.AG 0 0 1 2 2
9367 I16640.AG 0 0 1 2 2
9368 I16641.AG 0 0 1 2 2
9369 I16642.AG 0 0 1 2 2
9370 I16643.AG 0 0 1 2 NA
9371 I16644.AG 0 0 2 2 2
9372 I16645.AG 0 0 1 2 2
9373 I16674.AG 0 0 1 2 2
9374 I16687.AG 0 0 2 2 2
9375 I16706.AG 0 0 2 2 NA
9376 I16707.AG 0 0 1 2 2
9377 I16709.AG 0 0 1 2 NA
9378 I16741.AG 0 0 1 2 NA
9379 I16743.AG 0 0 2 2 2
9380 I16744.AG 0 0 2 2 2
9381 I16750.AG 0 0 1 2 2
9382 I16751.AG 0 0 2 2 2
9383 I16752.AG 0 0 1 2 2
9384 I16753.AG 0 0 1 2 2
9385 I16759.AG 0 0 1 2 2
9386 I16782.AG 0 0 1 2 NA
9387 I16791.AG 0 0 1 2 NA
9388 I16792.AG 0 0 2 2 NA
9389 I1679.AG 0 0 2 2 NA
9390 I16803.AG 0 0 2 2 2
9391 I16812.AG 0 0 1 2 2
9392 I16813.AG 0 0 1 2 2
9393 I16814.AG 0 0 1 2 2
9394 I16817.AG 0 0 2 2 NA
9395 I16818.AG 0 0 2 2 NA
9396 I16821.AG 0 0 1 2 NA
9397 I16920.AG 0 0 2 2 2
9398 I16994.AG 0 0 1 2 NA
9399 I16995.AG 0 0 1 2 NA
9400 I17014.AG 0 0 1 2 0
9401 I17015.AG 0 0 2 2 0
9402 I17016.AG 0 0 1 2 2
9403 I17017.AG 0 0 2 2 2
9404 I17019.AG 0 0 1 2 2
9405 I17025.AG 0 0 1 2 2
9406 I17026.AG 0 0 1 2 2
9407 I17027.AG 0 0 2 2 NA
9408 I17028.AG 0 0 2 2 2
9409 I17029.AG 0 0 2 2 NA
9410 I17030.AG 0 0 2 2 NA
9411 I17031.AG 0 0 1 2 2
9412 I17032.AG 0 0 1 2 2
9413 I17033.AG 0 0 1 2 NA
9414 I17034.AG 0 0 1 2 NA
9415 I17035.AG 0 0 2 2 NA
9416 I17036.AG 0 0 1 2 NA
9417 I17037.AG 0 0 1 2 2
9418 I17038.AG 0 0 1 2 2
9419 I17039.AG 0 0 1 2 2
9420 I17041.AG 0 0 1 2 2
9421 I17042.AG 0 0 1 2 2
9422 I17043.AG 0 0 1 2 2
9423 I17096.AG 0 0 1 2 NA
9424 I1709.AG 0 0 1 2 2
9425 I17108.AG 0 0 2 2 NA
9426 I17109.AG 0 0 2 2 NA
9427 I17112_d.AG 0 0 1 2 NA
9428 I17113.AG 0 0 2 2 NA
9429 I17114.AG 0 0 1 2 2
9430 I17125.AG 0 0 1 2 NA
9431 I17139.AG 0 0 2 2 2
9432 I17143.AG 0 0 1 2 2
9433 I17145.AG 0 0 1 2 2
9434 I17146.AG 0 0 1 2 2
9435 I16537.AG 0 0 2 2 2
9436 I17180.AG 0 0 1 2 NA
9437 I17181.AG 0 0 2 2 2
9438 I17182.AG 0 0 2 2 2
9439 I17183.AG 0 0 1 2 2
9440 I17184.AG 0 0 1 2 2
9441 I17258.AG 0 0 2 2 2
9442 I17259.AG 0 0 1 2 2
9443 I17260.AG 0 0 1 2 0
9444 I17261.AG 0 0 1 2 0
9445 I17262.AG 0 0 2 2 2
9446 I17263.AG 0 0 2 2 0
9447 I17266.AG 0 0 2 2 NA
9448 I17267.AG 0 0 2 2 0
9449 NO3423.AG 0 0 1 2 0
9450 I17269.AG 0 0 2 2 0
9451 I17270.AG 0 0 2 2 0
9452 I17271.AG 0 0 2 2 2
9453 I17272.AG 0 0 1 2 2
9454 I17273.AG 0 0 2 2 2
9455 I17274.AG 0 0 1 2 0
9456 I17275.AG 0 0 2 2 0
9457 I17276.AG 0 0 2 2 2
9458 I17277.AG 0 0 1 2 0
9459 I17308.AG 0 0 1 2 NA
9460 I17310.AG 0 0 1 2 2
9461 I17311.AG 0 0 2 2 2
9462 I17314.AG 0 0 1 2 2
9463 I17315.AG 0 0 2 2 NA
9464 I17316.AG 0 0 2 2 NA
9465 I17317.AG 0 0 1 2 2
9466 I17320.AG 0 0 1 2 2
9467 I17321.AG 0 0 2 2 2
9468 I17322.AG 0 0 2 2 2
9469 I17323.AG 0 0 1 2 2
9470 I17324.AG 0 0 1 2 NA
9471 I17325.AG 0 0 1 2 NA
9472 I17327.AG 0 0 1 2 2
9473 I17339.AG 0 0 2 2 NA
9474 I17340.AG 0 0 2 2 2
9475 I17341.AG 0 0 2 2 2
9476 I17343.AG 0 0 1 2 2
9477 I17344.AG 0 0 1 2 2
9478 I17345.AG 0 0 1 2 2
9479 I17346.AG 0 0 2 2 NA
9480 I17362.AG 0 0 2 2 NA
9481 I4187.AG 0 0 1 2 NA
9482 I17365.AG 0 0 1 2 NA
9483 I17366.AG 0 0 2 2 2
9484 I17401.AG 0 0 2 2 2
9485 I17402.AG 0 0 1 2 2
9486 I17404.AG 0 0 2 2 NA
9487 I17405.AG 0 0 2 2 NA
9488 I17406.AG 0 0 1 2 NA
9489 I17407.AG 0 0 2 2 NA
9490 I17410.AG 0 0 1 2 2
9491 I17419.AG 0 0 2 2 NA
9492 I17449.AG 0 0 2 2 NA
9493 I17450.AG 0 0 2 2 NA
9494 I17451.AG 0 0 2 2 NA
9495 I17473.AG 0 0 2 2 NA
9496 I17481.AG 0 0 1 2 NA
9497 I17482.AG 0 0 1 2 NA
9498 I17497.AG 0 0 1 2 NA
9499 I17499.AG 0 0 1 2 NA
9500 I17538.AG 0 0 1 2 2
9501 I17539.AG 0 0 1 2 NA
9502 I17545.AG 0 0 2 2 2
9503 I17582.AG 0 0 1 2 NA
9504 I17607.AG 0 0 1 2 NA
9505 I17611.AG 0 0 2 2 NA
9506 I17612.AG 0 0 2 2 NA
9507 I17613.AG 0 0 1 2 NA
9508 I17614.AG 0 0 1 2 NA
9509 I17616.AG 0 0 1 2 NA
9510 I17622.AG 0 0 1 2 NA
9511 I17623.AG 0 0 1 2 NA
9512 I17640.AG 0 0 1 2 NA
9513 I17642.AG 0 0 1 2 NA
9514 I17669.AG 0 0 2 2 NA
9515 I17670.AG 0 0 1 2 NA
9516 I17671.AG 0 0 2 2 NA
9517 I17682.AG 0 0 2 2 NA
9518 I17742.AG 0 0 2 2 NA
9519 I17743.AG 0 0 2 2 2
9520 I17745.AG 0 0 1 2 NA
9521 I17747.AG 0 0 1 2 2
9522 I17750.AG 0 0 2 2 2
9523 I17835.AG 0 0 1 2 2
9524 I17879.AG 0 0 2 2 NA
9525 I17884.AG 0 0 1 2 NA
9526 I17887.AG 0 0 2 2 NA
9527 I17889.AG 0 0 1 2 2
9528 I17890.AG 0 0 1 2 2
9529 I17891.AG 0 0 1 2 2
9530 I17892.AG 0 0 1 2 2
9531 I17893.AG 0 0 2 2 2
9532 I17894.AG 0 0 1 2 2
9533 I17895.AG 0 0 2 2 2
9534 I17896.AG 0 0 1 2 2
9535 I17899.AG 0 0 1 2 2
9536 I17900.AG 0 0 1 2 2
9537 I17901.AG 0 0 1 2 2
9538 I17902.AG 0 0 2 2 2
9539 I17903.AG 0 0 1 2 2
9540 I17905.AG 0 0 1 2 NA
9541 I17906.AG 0 0 1 2 2
9542 I17907.AG 0 0 2 2 2
9543 I17908.AG 0 0 2 2 2
9544 I17909.AG 0 0 1 2 2
9545 I17910.AG 0 0 2 2 2
9546 I17911.AG 0 0 2 2 2
9547 I17912.AG 0 0 2 2 2
9548 I17913.AG 0 0 2 2 2
9549 I17914.AG 0 0 2 2 2
9550 I17915.AG 0 0 1 2 2
9551 I17916.AG 0 0 1 2 2
9552 I17926.AG 0 0 2 2 2
9553 I17927.AG 0 0 1 2 2
9554 I17931.AG 0 0 2 2 2
9555 I17933.AG 0 0 1 2 2
9556 I17934.AG 0 0 1 2 2
9557 I17935.AG 0 0 2 2 2
9558 I17936.AG 0 0 1 2 2
9559 I17937.AG 0 0 1 2 2
9560 I17938.AG 0 0 1 2 2
9561 I17939.AG 0 0 2 2 2
9562 I17940.AG 0 0 1 2 2
9563 I17941.AG 0 0 2 2 2
9564 I17947.AG 0 0 2 2 NA
9565 I17948.AG 0 0 1 2 NA
9566 I17950.AG 0 0 1 2 2
9567 I17959.AG 0 0 1 2 NA
9568 I17960.AG 0 0 1 2 NA
9569 I17980.AG 0 0 2 2 2
9570 I17981.AG 0 0 2 2 2
9571 I18067.AG 0 0 1 2 NA
9572 I18068.AG 0 0 1 2 NA
9573 I18071.AG 0 0 1 2 NA
9574 I18072.AG 0 0 1 2 2
9575 I18073.AG 0 0 2 2 NA
9576 I18074.AG 0 0 2 2 2
9577 I18075.AG 0 0 1 2 0
9578 I18077.AG 0 0 2 2 2
9579 I18078.AG 0 0 2 2 NA
9580 I18079.AG 0 0 2 2 2
9581 I18082.AG 0 0 2 2 NA
9582 I18085.AG 0 0 1 2 NA
9583 I18087.AG 0 0 2 2 2
9584 I18088.AG 0 0 1 2 NA
9585 I18091.AG 0 0 1 2 NA
9586 I18093.AG 0 0 2 2 NA
9587 I18094.AG 0 0 2 2 NA
9588 I18097.AG 0 0 1 2 2
9589 I18105.AG 0 0 2 2 2
9590 I18106.AG 0 0 1 2 NA
9591 I18134.AG 0 0 1 2 2
9592 I18143.AG 0 0 1 2 NA
9593 I18144.AG 0 0 2 2 2
9594 I18117.AG 0 0 2 2 NA
9595 I18159.AG 0 0 2 2 2
9596 I18160.AG 0 0 2 2 2
9597 I18161.AG 0 0 1 2 0
9598 I18162.AG 0 0 1 2 2
9599 I18163.AG 0 0 1 2 2
9600 I18164.AG 0 0 2 2 2
9601 I18165.AG 0 0 1 2 2
9602 I18166.AG 0 0 2 2 2
9603 I18167.AG 0 0 2 2 2
9604 I18168.AG 0 0 1 2 2
9605 I18174.AG 0 0 1 2 2
9606 I18181.AG 0 0 1 2 NA
9607 I18182.AG 0 0 2 2 2
9608 I18183.AG 0 0 2 2 2
9609 I18184.AG 0 0 1 2 0
9610 I18185.AG 0 0 2 2 2
9611 I18189.AG 0 0 1 2 NA
9612 I18193.AG 0 0 1 2 2
9613 I18198.AG 0 0 2 2 2
9614 I18204.AG 0 0 1 2 NA
9615 I18205.AG 0 0 2 2 NA
9616 I18211.AG 0 0 2 2 2
9617 I18213.AG 0 0 2 2 2
9618 I18216.AG 0 0 2 2 NA
9619 I18220.AG 0 0 2 2 2
9620 I18222.AG 0 0 1 2 2
9621 I18223.AG 0 0 2 2 2
9622 I18224.AG 0 0 1 2 2
9623 I18225.AG 0 0 2 2 0
9624 I18226.AG 0 0 2 2 0
9625 I18227.AG 0 0 1 2 2
9626 I18236.AG 0 0 2 2 2
9627 I18237.AG 0 0 1 2 2
9628 I18238.AG 0 0 1 2 2
9629 I18239.AG 0 0 2 2 0
9630 I18241.AG 0 0 2 2 2
9631 I18245.AG 0 0 2 2 2
9632 I18246.AG 0 0 2 2 2
9633 I18247.AG 0 0 2 2 2
9634 I18248.AG 0 0 2 2 2
9635 I18259.AG 0 0 2 2 2
9636 I18267.AG 0 0 2 2 2
9637 I18269.AG 0 0 2 2 2
9638 I18270.AG 0 0 2 2 2
9639 I18271.AG 0 0 2 2 2
9640 I18272.AG 0 0 2 2 2
9641 I18273.AG 0 0 2 2 2
9642 I18274.AG 0 0 2 2 2
9643 I18275.AG 0 0 2 2 2
9644 I18276.AG 0 0 1 2 2
9645 I18277.AG 0 0 1 2 2
9646 I18278.AG 0 0 2 2 2
9647 I18279.AG 0 0 2 2 2
9648 I18280.AG 0 0 2 2 2
9649 I18300.AG 0 0 2 2 2
9650 I18301.AG 0 0 1 2 2
9651 I10333_alt1.AG 0 0 1 2 NA
9652 I18401.AG 0 0 2 2 NA
9653 I18413.AG 0 0 2 2 NA
9654 I18414_d.AG 0 0 2 2 2
9655 I18415.AG 0 0 1 2 2
9656 I18416.AG 0 0 2 2 2
9657 I18417.AG 0 0 1 2 2
9658 I18426.AG 0 0 2 2 NA
9659 I18427.AG 0 0 1 2 NA
9660 I18428.AG 0 0 1 2 2
9661 I18437.AG 0 0 1 2 2
9662 I18440.AG 0 0 2 2 NA
9663 I18445.AG 0 0 1 2 NA
9664 I18450.AG 0 0 1 2 NA
9665 I18461.AG 0 0 2 2 NA
9666 I18467.AG 0 0 2 2 NA
9667 I18468.AG 0 0 1 2 2
9668 I18469.AG 0 0 1 2 2
9669 I18470.AG 0 0 1 2 2
9670 I18472.AG 0 0 2 2 2
9671 I18477.AG 0 0 2 2 NA
9672 I18479.AG 0 0 2 2 2
9673 I18481.AG 0 0 1 2 2
9674 I18483.AG 0 0 2 2 2
9675 I18486.AG 0 0 1 2 2
9676 I18487.AG 0 0 2 2 2
9677 I18488.AG 0 0 2 2 2
9678 I18489.AG 0 0 1 2 2
9679 I18490.AG 0 0 1 2 2
9680 I18491.AG 0 0 2 2 2
9681 I18492.AG 0 0 1 2 2
9682 I18493.AG 0 0 2 2 2
9683 I18502.AG 0 0 2 2 NA
9684 I18507.AG 0 0 2 2 NA
9685 I18508.AG 0 0 1 2 NA
9686 I18509.AG 0 0 2 2 NA
9687 I18510.AG 0 0 2 2 NA
9688 I18511.AG 0 0 2 2 NA
9689 I18514.AG 0 0 1 2 NA
9690 I18517.AG 0 0 2 2 NA
9691 I18518.AG 0 0 2 2 NA
9692 I18519.AG 0 0 2 2 2
9693 I18520.AG 0 0 1 2 2
9694 I18521.AG 0 0 2 2 2
9695 I18522.AG 0 0 2 2 2
9696 I18525.AG 0 0 2 2 2
9697 I18526.AG 0 0 1 2 2
9698 I18527.AG 0 0 1 2 2
9699 I18528.AG 0 0 2 2 2
9700 I18529.AG 0 0 1 2 2
9701 I18530.AG 0 0 1 2 2
9702 I18531.AG 0 0 1 2 2
9703 I18536.AG 0 0 2 2 NA
9704 I18538.AG 0 0 2 2 2
9705 I18599.AG 0 0 2 2 0
9706 I18606.AG 0 0 1 2 2
9707 I18610.AG 0 0 1 2 NA
9708 I18612.AG 0 0 1 2 NA
9709 I18614.AG 0 0 2 2 NA
9710 I18635.AG 0 0 1 2 2
9711 I18636.AG 0 0 1 2 2
9712 I18637.AG 0 0 1 2 2
9713 I18638.AG 0 0 1 2 2
9714 I18639.AG 0 0 2 2 2
9715 I18640.AG 0 0 1 2 2
9716 I18641.AG 0 0 2 2 2
9717 I18642.AG 0 0 1 2 2
9718 I18656.AG 0 0 1 2 2
9719 I18657.AG 0 0 2 2 2
9720 I18658.AG 0 0 1 2 2
9721 I18659.AG 0 0 1 2 2
9722 I18660.AG 0 0 2 2 2
9723 I18661.AG 0 0 2 2 2
9724 I18662.AG 0 0 1 2 2
9725 I18691.AG 0 0 2 2 2
9726 I18692.AG 0 0 1 2 2
9727 I18693.AG 0 0 2 2 2
9728 I18694.AG 0 0 2 2 2
9729 I18695.AG 0 0 2 2 2
9730 I18696.AG 0 0 1 2 2
9731 I18712.AG 0 0 1 2 NA
9732 I18717.AG 0 0 1 2 0
9733 I18718_d.AG 0 0 2 2 NA
9734 I18720.AG 0 0 2 2 NA
9735 I18721.AG 0 0 1 2 0
9736 I18722.AG 0 0 2 2 NA
9737 I18723.AG 0 0 1 2 2
9738 I18724.AG 0 0 2 2 2
9739 I18725.AG 0 0 1 2 2
9740 I18727.AG 0 0 2 2 2
9741 I18728.AG 0 0 2 2 NA
9742 I18729.AG 0 0 1 2 2
9743 I18730.AG 0 0 2 2 2
9744 I18732.AG 0 0 1 2 0
9745 I18734.AG 0 0 2 2 2
9746 I18735.AG 0 0 2 2 NA
9747 I18736.AG 0 0 2 2 NA
9748 I18737.AG 0 0 1 2 2
9749 I18738.AG 0 0 2 2 2
9750 I18739.AG 0 0 2 2 2
9751 I18742.AG 0 0 2 2 2
9752 I18743.AG 0 0 2 2 2
9753 I18744.AG 0 0 1 2 2
9754 I18745.AG 0 0 2 2 2
9755 I18746.AG 0 0 1 2 0
9756 I18747.AG 0 0 1 2 2
9757 I18748.AG 0 0 1 2 2
9758 I18752.AG 0 0 1 2 2
9759 I18792.AG 0 0 1 2 NA
9760 I18793.AG 0 0 2 2 NA
9761 I18794.AG 0 0 1 2 NA
9762 I18801_d.AG 0 0 1 2 2
9763 I18818.AG 0 0 1 2 NA
9764 I18827.AG 0 0 1 2 NA
9765 I18830.AG 0 0 1 2 2
9766 I18831.AG 0 0 1 2 2
9767 I18832.AG 0 0 1 2 2
9768 I18833.AG 0 0 2 2 2
9769 I18834.AG 0 0 2 2 2
9770 I18835.AG 0 0 1 2 2
9771 I18837.AG 0 0 1 2 NA
9772 I18838.AG 0 0 1 2 2
9773 I18839.AG 0 0 2 2 2
9774 I18840.AG 0 0 2 2 2
9775 I18958.AG 0 0 1 2 NA
9776 I18988.AG 0 0 2 2 NA
9777 I19014.AG 0 0 1 2 NA
9778 I19015.AG 0 0 1 2 2
9779 I19023_alt1.AG 0 0 1 2 NA
9780 I19037.AG 0 0 2 2 NA
9781 I19040.AG 0 0 2 2 NA
9782 I19042.AG 0 0 2 2 2
9783 I19043.AG 0 0 2 2 NA
9784 I19044.AG 0 0 1 2 2
9785 I19045.AG 0 0 1 2 NA
9786 I19046.AG 0 0 1 2 0
9787 I19047.AG 0 0 1 2 0
9788 I19070.AG 0 0 2 2 2
9789 I19071.AG 0 0 1 2 2
9790 I19072.AG 0 0 1 2 2
9791 I19073.AG 0 0 1 2 0
9792 I19074.AG 0 0 2 2 2
9793 I19075.AG 0 0 2 2 2
9794 I19076.AG 0 0 1 2 2
9795 I19077.AG 0 0 2 2 2
9796 I19078.AG 0 0 2 2 2
9797 I19079.AG 0 0 1 2 2
9798 I19080.AG 0 0 2 2 2
9799 I19081.AG 0 0 1 2 2
9800 I19082.AG 0 0 2 2 NA
9801 I19084.AG 0 0 1 2 2
9802 I19085.AG 0 0 2 2 2
9803 I19086.AG 0 0 1 2 2
9804 I19087.AG 0 0 1 2 2
9805 I19088.AG 0 0 1 2 NA
9806 I19089.AG 0 0 1 2 2
9807 I19090.AG 0 0 2 2 2
9808 I19091.AG 0 0 1 2 2
9809 I19092.AG 0 0 2 2 2
9810 I19093.AG 0 0 1 2 0
9811 I19094.AG 0 0 1 2 2
9812 I19095.AG 0 0 1 2 2
9813 I19096.AG 0 0 2 2 2
9814 I19097.AG 0 0 2 2 2
9815 I19098.AG 0 0 2 2 NA
9816 I19099.AG 0 0 2 2 NA
9817 I19100.AG 0 0 1 2 NA
9818 I19101.AG 0 0 1 2 NA
9819 I19102.AG 0 0 1 2 2
9820 I19103.AG 0 0 2 2 2
9821 I19104.AG 0 0 1 2 2
9822 I19105.AG 0 0 2 2 2
9823 I19106.AG 0 0 1 2 2
9824 I19107.AG 0 0 1 2 2
9825 I19108.AG 0 0 1 2 2
9826 I19109.AG 0 0 1 2 2
9827 I19110.AG 0 0 1 2 2
9828 I19111.AG 0 0 2 2 NA
9829 I19112.AG 0 0 1 2 2
9830 I19113.AG 0 0 1 2 2
9831 I19114.AG 0 0 2 2 2
9832 I19115.AG 0 0 1 2 2
9833 I19116.AG 0 0 1 2 2
9834 I19117.AG 0 0 1 2 2
9835 I19118.AG 0 0 1 2 2
9836 I19119.AG 0 0 1 2 2
9837 I19120.AG 0 0 1 2 2
9838 I19121.AG 0 0 1 2 2
9839 I19132.AG 0 0 1 2 NA
9840 I19134.AG 0 0 2 2 NA
9841 I19135.AG 0 0 2 2 NA
9842 I19136.AG 0 0 2 2 NA
9843 I19138.AG 0 0 1 2 NA
9844 I19140.AG 0 0 1 2 NA
9845 I19143.AG 0 0 1 2 NA
9846 I19144.AG 0 0 2 2 NA
9847 I19145.AG 0 0 2 2 NA
9848 I19148.AG 0 0 2 2 NA
9849 I19178.AG 0 0 1 2 NA
9850 I19190.TW 0 0 1 2 NA
9851 I19192.AG 0 0 1 2 NA
9852 I19194.AG 0 0 1 2 2
9853 I19207.AG 0 0 1 2 NA
9854 I19209.AG 0 0 1 2 NA
9855 I19210.AG 0 0 2 2 NA
9856 I19211.AG 0 0 1 2 2
9857 I19221.AG 0 0 1 2 2
9858 I19222.AG 0 0 2 2 2
9859 I19224.AG 0 0 1 2 2
9860 I19225.AG 0 0 1 2 NA
9861 I19226.AG 0 0 1 2 2
9862 I19229.AG 0 0 1 2 NA
9863 I19234.AG 0 0 2 2 2
9864 I19240.AG 0 0 1 2 NA
9865 I19241.AG 0 0 1 2 NA
9866 I19242.AG 0 0 1 2 NA
9867 I19244.AG 0 0 2 2 NA
9868 I19245.TW 0 0 1 2 2
9869 I19246.AG 0 0 1 2 2
9870 I19248.AG 0 0 1 2 NA
9871 I19249.AG 0 0 2 2 NA
9872 I19252.AG 0 0 2 2 NA
9873 I19253.TW 0 0 1 2 NA
9874 I19254.TW 0 0 2 2 NA
9875 I19257.AG 0 0 1 2 NA
9876 I19258.AG 0 0 2 2 2
9877 I19259.AG 0 0 1 2 2
9878 I19261.TW 0 0 2 2 2
9879 I19263.AG 0 0 1 2 2
9880 I19267.AG 0 0 2 2 NA
9881 I19286.AG 0 0 1 2 NA
9882 I19287.AG 0 0 2 2 2
9883 I19321.AG 0 0 1 2 2
9884 I19322.AG 0 0 2 2 2
9885 I19323.AG 0 0 1 2 2
9886 I19324.AG 0 0 2 2 2
9887 I19325.AG 0 0 1 2 2
9888 I19326.AG 0 0 1 2 2
9889 I19327.AG 0 0 1 2 2
9890 I19328.AG 0 0 2 2 2
9891 I19329.AG 0 0 1 2 2
9892 I19331.AG 0 0 1 2 2
9893 I19332.AG 0 0 1 2 2
9894 I19333.AG 0 0 1 2 2
9895 I19334.AG 0 0 1 2 2
9896 I19335.AG 0 0 1 2 2
9897 I19336.AG 0 0 1 2 2
9898 I19337.AG 0 0 2 2 2
9899 I19338.AG 0 0 2 2 2
9900 I19339.AG 0 0 2 2 2
9901 I19341.AG 0 0 1 2 2
9902 I19342.AG 0 0 2 2 2
9903 I19343.AG 0 0 1 2 2
9904 I19344.AG 0 0 2 2 2
9905 I19345.AG 0 0 1 2 2
9906 I19346.AG 0 0 1 2 2
9907 I19347.AG 0 0 2 2 2
9908 I19348.AG 0 0 1 2 2
9909 I19349.AG 0 0 1 2 2
9910 I19350.AG 0 0 2 2 2
9911 I19351.AG 0 0 2 2 2
9912 I19352.AG 0 0 2 2 2
9913 I19353.AG 0 0 1 2 2
9914 I19354.AG 0 0 1 2 2
9915 I19356.AG 0 0 1 2 2
9916 I19357.AG 0 0 2 2 2
9917 I19358.AG 0 0 1 2 2
9918 I19359.AG 0 0 1 2 NA
9919 I19360.AG 0 0 1 2 2
9920 I19361.AG 0 0 1 2 NA
9921 I19362.AG 0 0 2 2 2
9922 I19363.AG 0 0 1 2 2
9923 I19364.AG 0 0 1 2 NA
9924 I19366.AG 0 0 2 2 2
9925 I19368.AG 0 0 2 2 NA
9926 I19368_d.AG 0 0 2 2 NA
9927 I19381.AG 0 0 1 2 2
9928 I19383_d.AG 0 0 2 2 NA
9929 I19384.AG 0 0 2 2 NA
9930 I19385.AG 0 0 1 2 NA
9931 I19387.AG 0 0 2 2 NA
9932 I19388.AG 0 0 1 2 NA
9933 I19390.AG 0 0 2 2 NA
9934 I19392.AG 0 0 2 2 2
9935 I19393.AG 0 0 2 2 NA
9936 I19394.AG 0 0 1 2 NA
9937 I19395.AG 0 0 2 2 NA
9938 I19404.AG 0 0 1 2 NA
9939 I19407.AG 0 0 1 2 NA
9940 I19408.AG 0 0 1 2 NA
9941 I19411.AG 0 0 2 2 NA
9942 I19413.AG 0 0 1 2 2
9943 I19414.AG 0 0 2 2 2
9944 I19416.AG 0 0 1 2 NA
9945 I19417.AG 0 0 1 2 2
9946 I19418.AG 0 0 2 2 NA
9947 I19419.AG 0 0 1 2 2
9948 I19420.AG 0 0 1 2 NA
9949 I19423.AG 0 0 1 2 NA
9950 I19452.AG 0 0 1 2 2
9951 I19453.AG 0 0 2 2 NA
9952 I19454.AG 0 0 1 2 2
9953 I19456.AG 0 0 1 2 2
9954 I19457.AG 0 0 1 2 NA
9955 I19458.AG 0 0 1 2 NA
9956 I19459.AG 0 0 2 2 NA
9957 I19460.AG 0 0 2 2 NA
9958 I19461.AG 0 0 2 2 NA
9959 I19462.AG 0 0 2 2 NA
9960 I19480.AG 0 0 1 2 NA
9961 I19505.AG 0 0 1 2 NA
9962 I19528.AG 0 0 1 2 NA
9963 I19529.AG 0 0 1 2 NA
9964 I19539.AG 0 0 2 2 2
9965 I19547.AG 0 0 2 2 2
9966 I19548.AG 0 0 1 2 NA
9967 I19550.AG 0 0 2 2 NA
9968 I19552.AG 0 0 2 2 NA
9969 I19561.AG 0 0 1 2 NA
9970 I19587.AG 0 0 1 2 NA
9971 I19588.AG 0 0 2 2 NA
9972 I19611.AG 0 0 2 2 2
9973 I19612.AG 0 0 1 2 2
9974 I19613.AG 0 0 2 2 2
9975 I19651.AG 0 0 1 2 2
9976 I19652.AG 0 0 2 2 2
9977 I19653.AG 0 0 1 2 NA
9978 I19654.AG 0 0 2 2 NA
9979 I19655.AG 0 0 2 2 0
9980 I19656.AG 0 0 1 2 0
9981 I19657.AG 0 0 2 2 0
9982 I19722.AG 0 0 1 2 NA
9983 I19854.AG 0 0 2 2 2
9984 I19855.AG 0 0 1 2 2
9985 I19856.AG 0 0 2 2 NA
9986 I19857.AG 0 0 1 2 2
9987 I19858.AG 0 0 1 2 2
9988 I19859.AG 0 0 1 2 2
9989 I19860.AG 0 0 2 2 2
9990 I19861.AG 0 0 2 2 2
9991 I19862.AG 0 0 2 2 2
9992 I19863.AG 0 0 1 2 2
9993 I19867.AG 0 0 2 2 2
9994 I19868.AG 0 0 1 2 2
9995 I19869.AG 0 0 2 2 2
9996 I19870.AG 0 0 2 2 2
9997 I19872.AG 0 0 2 2 2
9998 I19873.AG 0 0 1 2 0
9999 I19874.AG 0 0 2 2 0
10000 I19907.AG 0 0 2 2 2
10001 I19908.AG 0 0 2 2 2
10002 I19909.AG 0 0 1 2 0
10003 I19910.AG 0 0 2 2 2
10004 I19911.AG 0 0 1 2 0
10005 I19912.AG 0 0 2 2 0
10006 I19913.AG 0 0 2 2 2
10007 I19914.AG 0 0 2 2 0
10008 I19915.AG 0 0 2 2 2
10009 I19916.AG 0 0 1 2 2
10010 I19917.AG 0 0 2 2 2
10011 I19918.AG 0 0 2 2 2
10012 I19942.AG 0 0 2 2 NA
10013 I19950.AG 0 0 1 2 2
10014 I19989.AG 0 0 2 2 NA
10015 I19990.AG 0 0 1 2 NA
10016 I20001.AG 0 0 2 2 2
10017 I20057.AG 0 0 2 2 NA
10018 I20058.AG 0 0 1 2 0
10019 I20062.AG 0 0 2 2 0
10020 I20063.AG 0 0 2 2 2
10021 I20067.AG 0 0 1 2 NA
10022 I20068.AG 0 0 1 2 NA
10023 I20069.AG 0 0 1 2 2
10024 I20071.AG 0 0 2 2 NA
10025 I20073.AG 0 0 1 2 NA
10026 I20076.AG 0 0 2 2 2
10027 I20077.AG 0 0 1 2 NA
10028 I20078.AG 0 0 1 2 2
10029 I20079.AG 0 0 1 2 NA
10030 I20083.AG 0 0 1 2 2
10031 I20086.AG 0 0 1 2 NA
10032 I20088.AG 0 0 2 2 NA
10033 I20090.AG 0 0 1 2 NA
10034 I20114.AG 0 0 1 2 NA
10035 I20116.AG 0 0 1 2 NA
10036 I20118.AG 0 0 2 2 2
10037 I20139.AG 0 0 1 2 2
10038 I20140.AG 0 0 1 2 2
10039 I20141.AG 0 0 1 2 2
10040 I20142.AG 0 0 2 2 2
10041 I20143.AG 0 0 1 2 2
10042 I20144.AG 0 0 1 2 2
10043 I20145.AG 0 0 2 2 2
10044 I20147.AG 0 0 1 2 2
10045 I20158.AG 0 0 1 2 NA
10046 I20161.AG 0 0 2 2 NA
10047 I20162.AG 0 0 1 2 NA
10048 I20163.AG 0 0 1 2 NA
10049 I20166.AG 0 0 1 2 NA
10050 I20180.AG 0 0 1 2 2
10051 I20181.AG 0 0 1 2 2
10052 I20182.AG 0 0 1 2 2
10053 I20183.AG 0 0 1 2 2
10054 I20184.AG 0 0 2 2 2
10055 I20185.AG 0 0 1 2 2
10056 I20186.AG 0 0 1 2 2
10057 I20187.AG 0 0 1 2 2
10058 I20188.AG 0 0 1 2 2
10059 I20189.AG 0 0 2 2 2
10060 I20192.AG 0 0 2 2 2
10061 I20224.AG 0 0 1 2 2
10062 I20225.AG 0 0 1 2 2
10063 I20226.AG 0 0 2 2 NA
10064 I20227.AG 0 0 2 2 2
10065 I20228.AG 0 0 2 2 NA
10066 I20229.AG 0 0 2 2 2
10067 I20230.AG 0 0 1 2 2
10068 I20231.AG 0 0 1 2 NA
10069 I20232.AG 0 0 2 2 2
10070 I20233.AG 0 0 2 2 2
10071 I20257.AG 0 0 2 2 2
10072 I20258.AG 0 0 1 2 2
10073 I20259.AG 0 0 1 2 2
10074 I20260.AG 0 0 2 2 2
10075 I20261.AG 0 0 1 2 NA
10076 I20264.AG 0 0 1 2 2
10077 I20265.AG 0 0 1 2 2
10078 I20266.AG 0 0 1 2 2
10079 I20298.AG 0 0 1 2 NA
10080 I20305.AG 0 0 1 2 2
10081 I20309.AG 0 0 1 2 2
10082 I20314.AG 0 0 1 2 2
10083 I20320.AG 0 0 1 2 2
10084 I20322_d.AG 0 0 1 2 NA
10085 I20323.AG 0 0 2 2 2
10086 I20324.AG 0 0 2 2 2
10087 I20325.AG 0 0 2 2 2
10088 I20326.AG 0 0 1 2 2
10089 I20327.AG 0 0 1 2 2
10090 I20328.AG 0 0 2 2 2
10091 I20329.AG 0 0 2 2 2
10092 I20436.AG 0 0 1 2 2
10093 I20437.AG 0 0 2 2 2
10094 I20438.AG 0 0 2 2 2
10095 I20439.AG 0 0 2 2 2
10096 I20440.AG 0 0 2 2 2
10097 I20441.AG 0 0 1 2 2
10098 I20442.AG 0 0 2 2 2
10099 I20443.AG 0 0 1 2 2
10100 I20444.AG 0 0 1 2 2
10101 I20499.AG 0 0 1 2 2
10102 I20502.AG 0 0 1 2 2
10103 I20503.AG 0 0 1 2 NA
10104 I20504.AG 0 0 1 2 NA
10105 I20507.AG 0 0 1 2 NA
10106 I20509.AG 0 0 1 2 NA
10107 I20510.AG 0 0 2 2 NA
10108 I20513.AG 0 0 2 2 NA
10109 I20515.AG 0 0 2 2 0
10110 I20516.AG 0 0 2 2 NA
10111 I20517.AG 0 0 1 2 NA
10112 I20518.AG 0 0 1 2 NA
10113 I20519.AG 0 0 1 2 2
10114 I20520.AG 0 0 1 2 NA
10115 I20521.AG 0 0 2 2 NA
10116 I20522.AG 0 0 1 2 2
10117 I20523.AG 0 0 2 2 NA
10118 I20525.AG 0 0 1 2 2
10119 I20526.AG 0 0 2 2 2
10120 I20527.AG 0 0 1 2 2
10121 I20528.AG 0 0 2 2 NA
10122 I20547.AG 0 0 2 2 2
10123 I20549.AG 0 0 2 2 2
10124 I20559.AG 0 0 1 2 2
10125 I20570.AG 0 0 2 2 2
10126 I20571.AG 0 0 1 2 2
10127 I20572.AG 0 0 1 2 2
10128 I20573.AG 0 0 1 2 2
10129 I20574.AG 0 0 2 2 2
10130 I20577.AG 0 0 2 2 2
10131 I20582.AG 0 0 2 2 2
10132 I20583.AG 0 0 1 2 0
10133 I20584.AG 0 0 2 2 2
10134 I20585.AG 0 0 2 2 0
10135 I20586.AG 0 0 1 2 2
10136 I20587.AG 0 0 1 2 2
10137 I20588.AG 0 0 1 2 2
10138 I20589.AG 0 0 1 2 2
10139 I20597.AG 0 0 2 2 NA
10140 I20598.AG 0 0 2 2 NA
10141 I20600.AG 0 0 1 2 NA
10142 I20601.AG 0 0 2 2 NA
10143 I20602.AG 0 0 1 2 0
10144 I20603.AG 0 0 1 2 NA
10145 I20604.AG 0 0 1 2 NA
10146 I20605.AG 0 0 2 2 NA
10147 I20607.AG 0 0 1 2 NA
10148 I20608.AG 0 0 1 2 NA
10149 I20609.AG 0 0 1 2 NA
10150 I20615.AG 0 0 2 2 0
10151 I20616.AG 0 0 2 2 2
10152 I20618.AG 0 0 2 2 2
10153 I20620.AG 0 0 2 2 NA
10154 I20621.AG 0 0 2 2 0
10155 I20622.AG 0 0 1 2 0
10156 I20623.AG 0 0 2 2 0
10157 I20624.AG 0 0 1 2 NA
10158 I20625.AG 0 0 1 2 NA
10159 I20626.AG 0 0 1 2 NA
10160 I20627.AG 0 0 2 2 2
10161 I20628.AG 0 0 1 2 NA
10162 I20630_d.AG 0 0 1 2 NA
10163 I20631.AG 0 0 2 2 2
10164 I20634.AG 0 0 1 2 NA
10165 I20636.AG 0 0 1 2 NA
10166 I20637.AG 0 0 1 2 0
10167 I20638.AG 0 0 1 2 0
10168 I20639.AG 0 0 1 2 NA
10169 I20640.AG 0 0 1 2 0
10170 I20641.AG 0 0 1 2 0
10171 I20642.AG 0 0 2 2 NA
10172 I20643.AG 0 0 2 2 NA
10173 I20644.AG 0 0 1 2 0
10174 I20645.AG 0 0 1 2 NA
10175 I20646.AG 0 0 1 2 0
10176 I20648_d.AG 0 0 2 2 NA
10177 I20649.AG 0 0 1 2 NA
10178 I20650.AG 0 0 1 2 0
10179 I20652.AG 0 0 1 2 2
10180 I20653.AG 0 0 2 2 0
10181 I20654.AG 0 0 1 2 0
10182 I20655.AG 0 0 2 2 2
10183 I20656.AG 0 0 1 2 0
10184 I20657_d.AG 0 0 1 2 NA
10185 I20658.AG 0 0 2 2 2
10186 I20659.AG 0 0 2 2 0
10187 I20660.AG 0 0 2 2 2
10188 I20661.AG 0 0 1 2 0
10189 I20663.AG 0 0 2 2 NA
10190 I20665_d.AG 0 0 1 2 NA
10191 I20666.AG 0 0 1 2 NA
10192 I20667.AG 0 0 2 2 NA
10193 I20668.AG 0 0 2 2 2
10194 I20669.AG 0 0 2 2 NA
10195 I20670.AG 0 0 2 2 2
10196 I20671.AG 0 0 1 2 0
10197 I20672.AG 0 0 2 2 NA
10198 I20673.AG 0 0 1 2 2
10199 I20674.AG 0 0 1 2 0
10200 I20676.AG 0 0 2 2 0
10201 I20677.AG 0 0 1 2 0
10202 I20678.AG 0 0 2 2 0
10203 I20679.AG 0 0 1 2 0
10204 I20680.AG 0 0 2 2 0
10205 I20687.AG 0 0 2 2 NA
10206 I20688.AG 0 0 2 2 NA
10207 I20691.AG 0 0 1 2 NA
10208 I20692.AG 0 0 1 2 NA
10209 I20693.AG 0 0 2 2 NA
10210 I20694.AG 0 0 1 2 NA
10211 I20695.AG 0 0 1 2 NA
10212 I20696.AG 0 0 1 2 2
10213 I20697.AG 0 0 1 2 NA
10214 I20698.AG 0 0 2 2 NA
10215 I20699.AG 0 0 2 2 2
10216 I20700.AG 0 0 2 2 2
10217 I20701.AG 0 0 1 2 NA
10218 I20702.AG 0 0 1 2 NA
10219 I20703.AG 0 0 2 2 2
10220 I20704.AG 0 0 2 2 2
10221 I20705.AG 0 0 1 2 2
10222 I20706.AG 0 0 2 2 NA
10223 I20707.AG 0 0 2 2 NA
10224 I20708.AG 0 0 1 2 NA
10225 I20709.AG 0 0 2 2 NA
10226 I20710.AG 0 0 1 2 NA
10227 I20711.AG 0 0 2 2 NA
10228 I20721.AG 0 0 2 2 NA
10229 I20722.AG 0 0 2 2 NA
10230 I20723.AG 0 0 2 2 NA
10231 I20724.AG 0 0 2 2 NA
10232 I20735_d.AG 0 0 1 2 NA
10233 I20736.AG 0 0 2 2 NA
10234 I20740.AG 0 0 1 2 NA
10235 I11681_alt.AG 0 0 1 2 NA
10236 I20798.AG 0 0 2 2 2
10237 I20799.AG 0 0 1 2 2
10238 I20800.AG 0 0 1 2 2
10239 I20801.AG 0 0 2 2 2
10240 I20802.AG 0 0 1 2 2
10241 I20806.AG 0 0 1 2 2
10242 I20809.AG 0 0 2 2 2
10243 I20810.AG 0 0 2 2 2
10244 I20811.AG 0 0 2 2 NA
10245 I20812.AG 0 0 1 2 NA
10246 I20813.AG 0 0 2 2 NA
10247 I20815.AG 0 0 2 2 2
10248 I20816.AG 0 0 1 2 NA
10249 I20817.AG 0 0 1 2 2
10250 I20824.AG 0 0 2 2 2
10251 I20825.AG 0 0 1 2 2
10252 I20827.AG 0 0 1 2 NA
10253 I20828.AG 0 0 1 2 NA
10254 I20831.AG 0 0 2 2 NA
10255 I20832.AG 0 0 2 2 2
10256 I20834.AG 0 0 1 2 2
10257 I20835.AG 0 0 2 2 2
10258 I20836.AG 0 0 2 2 2
10259 I20837.AG 0 0 1 2 2
10260 I20838.AG 0 0 2 2 2
10261 I20868.AG 0 0 1 2 2
10262 I20869.AG 0 0 2 2 2
10263 I20871.AG 0 0 1 2 2
10264 I20890.AG 0 0 2 2 NA
10265 I20975.AG 0 0 1 2 2
10266 I20982.AG 0 0 1 2 0
10267 I20983.AG 0 0 2 2 2
10268 I20984.AG 0 0 2 2 2
10269 I20985.AG 0 0 2 2 2
10270 I20986.AG 0 0 2 2 2
10271 I20987.AG 0 0 1 2 2
10272 I20988.AG 0 0 1 2 2
10273 I20989.AG 0 0 1 2 0
10274 I20990.AG 0 0 2 2 NA
10275 I20997.AG 0 0 1 2 2
10276 I21058.AG 0 0 2 2 2
10277 I21059.AG 0 0 1 2 2
10278 I21107.AG 0 0 2 2 2
10279 I21108.AG 0 0 2 2 2
10280 I21110.AG 0 0 1 2 NA
10281 I21111.AG 0 0 1 2 NA
10282 I21113.AG 0 0 2 2 NA
10283 I21114.AG 0 0 1 2 NA
10284 I21115.AG 0 0 2 2 NA
10285 I21116.AG 0 0 1 2 2
10286 I21117.AG 0 0 1 2 NA
10287 I21118.AG 0 0 1 2 NA
10288 I21178.AG 0 0 2 2 2
10289 I21179.AG 0 0 2 2 0
10290 I21180.AG 0 0 1 2 2
10291 I21181.AG 0 0 1 2 2
10292 I21182.AG 0 0 1 2 2
10293 I21194.AG 0 0 1 2 NA
10294 I21195.AG 0 0 1 2 2
10295 I21197.AG 0 0 1 2 2
10296 I21249.AG 0 0 1 2 2
10297 I21250.AG 0 0 1 2 NA
10298 I21271.AG 0 0 2 2 0
10299 I21272.AG 0 0 1 2 2
10300 I21274.AG 0 0 2 2 2
10301 I21277.AG 0 0 1 2 2
10302 I21293.AG 0 0 2 2 2
10303 I21302.AG 0 0 1 2 0
10304 I21303.AG 0 0 2 2 NA
10305 I21305.AG 0 0 1 2 NA
10306 I21306.AG 0 0 1 2 2
10307 I21307.AG 0 0 1 2 NA
10308 I21308.AG 0 0 1 2 2
10309 I21309.AG 0 0 1 2 2
10310 I21310.AG 0 0 2 2 2
10311 I21311.AG 0 0 2 2 2
10312 I21312.AG 0 0 1 2 0
10313 I21313.AG 0 0 1 2 2
10314 I21314.AG 0 0 2 2 2
10315 I21315.AG 0 0 1 2 NA
10316 I21390.AG 0 0 2 2 2
10317 I21399.AG 0 0 1 2 NA
10318 I21400.AG 0 0 1 2 NA
10319 I21401.AG 0 0 2 2 NA
10320 I21402.AG 0 0 1 2 0
10321 I21403.AG 0 0 1 2 0
10322 I21452.AG 0 0 1 2 2
10323 I21565.AG 0 0 1 2 2
10324 I21568.AG 0 0 1 2 NA
10325 I21570.AG 0 0 2 2 NA
10326 I21711.AG 0 0 2 2 2
10327 I21712.AG 0 0 1 2 2
10328 I21713.AG 0 0 2 2 2
10329 I21714.AG 0 0 1 2 2
10330 I21763.AG 0 0 2 2 2
10331 I21764.AG 0 0 1 2 NA
10332 I21765.AG 0 0 2 2 2
10333 I21766.AG 0 0 2 2 NA
10334 I21767.AG 0 0 2 2 2
10335 I21768.AG 0 0 1 2 2
10336 I21769.AG 0 0 2 2 2
10337 I21770.AG 0 0 2 2 NA
10338 I21771.AG 0 0 2 2 NA
10339 I21772.AG 0 0 1 2 NA
10340 I21821.AG 0 0 1 2 NA
10341 I21822.AG 0 0 2 2 2
10342 I21823.AG 0 0 2 2 2
10343 I21824.AG 0 0 2 2 2
10344 I21825.AG 0 0 1 2 2
10345 I21826.AG 0 0 2 2 2
10346 I21827.AG 0 0 1 2 NA
10347 I21828.AG 0 0 1 2 2
10348 I21829.AG 0 0 1 2 2
10349 I21830.AG 0 0 1 2 2
10350 I21831.AG 0 0 2 2 NA
10351 I21832.AG 0 0 2 2 NA
10352 I21833.AG 0 0 2 2 NA
10353 I21834.AG 0 0 2 2 NA
10354 I21840.AG 0 0 2 2 2
10355 I21841.AG 0 0 1 2 2
10356 I21842.AG 0 0 1 2 2
10357 I21843.AG 0 0 1 2 2
10358 I21844.AG 0 0 1 2 2
10359 I21846.AG 0 0 2 2 2
10360 I21847.AG 0 0 1 2 2
10361 I21848.AG 0 0 1 2 2
10362 I21849.AG 0 0 1 2 2
10363 I21850.AG 0 0 1 2 2
10364 I21851.AG 0 0 2 2 2
10365 I21853.AG 0 0 1 2 2
10366 I21854.AG 0 0 2 2 NA
10367 I21855.AG 0 0 1 2 2
10368 I21856.AG 0 0 1 2 2
10369 I21857.AG 0 0 1 2 2
10370 I21858.AG 0 0 1 2 2
10371 I21859.AG 0 0 1 2 0
10372 I21895.AG 0 0 2 2 2
10373 I21896.AG 0 0 2 2 2
10374 I21897.AG 0 0 1 2 2
10375 I21898.AG 0 0 1 2 2
10376 I21899.AG 0 0 2 2 2
10377 I21901.AG 0 0 1 2 2
10378 I21902.AG 0 0 1 2 2
10379 I21906_d.AG 0 0 1 2 NA
10380 I21910.AG 0 0 2 2 2
10381 I21931.AG 0 0 2 2 NA
10382 I21963.AG 0 0 1 2 NA
10383 I21966.AG 0 0 2 2 2
10384 I21967.AG 0 0 2 2 NA
10385 I21968.AG 0 0 1 2 NA
10386 I21970.AG 0 0 2 2 2
10387 I21971.AG 0 0 1 2 NA
10388 I21984.AG 0 0 2 2 NA
10389 I21986.AG 0 0 2 2 NA
10390 I21987.AG 0 0 1 2 NA
10391 I22000.AG 0 0 2 2 2
10392 I22001.AG 0 0 2 2 2
10393 I22052.AG 0 0 2 2 0
10394 I22055.AG 0 0 2 2 0
10395 I22056.AG 0 0 2 2 0
10396 I22057.AG 0 0 2 2 2
10397 I22060.AG 0 0 1 2 0
10398 I22062.AG 0 0 1 2 0
10399 I22064.AG 0 0 2 2 0
10400 I22065.AG 0 0 1 2 0
10401 I22081.AG 0 0 1 2 NA
10402 I22086.AG 0 0 1 2 NA
10403 I22088.AG 0 0 2 2 0
10404 I22090.AG 0 0 1 2 NA
10405 I22091.AG 0 0 1 2 2
10406 I22093.AG 0 0 1 2 NA
10407 I22094.AG 0 0 1 2 NA
10408 I22096.AG 0 0 2 2 2
10409 I22112.AG 0 0 2 2 2
10410 I22113.AG 0 0 2 2 2
10411 I22114.AG 0 0 1 2 0
10412 I22115.AG 0 0 1 2 2
10413 I22117.AG 0 0 1 2 2
10414 I22118.AG 0 0 1 2 2
10415 I22119.AG 0 0 1 2 2
10416 I22121.AG 0 0 2 2 2
10417 I22122.AG 0 0 1 2 2
10418 I22125.AG 0 0 2 2 2
10419 I22203.AG 0 0 1 2 2
10420 I22204.AG 0 0 1 2 NA
10421 I22205.AG 0 0 2 2 NA
10422 I22220.AG 0 0 1 2 2
10423 I22232.AG 0 0 1 2 2
10424 I22234.AG 0 0 2 2 NA
10425 I22235.AG 0 0 2 2 2
10426 I22236.AG 0 0 2 2 2
10427 I22237.AG 0 0 2 2 NA
10428 I22238.AG 0 0 1 2 2
10429 I22240.AG 0 0 2 2 NA
10430 I22241.AG 0 0 1 2 2
10431 I22242.AG 0 0 2 2 NA
10432 I22245.AG 0 0 2 2 NA
10433 I22251.AG 0 0 2 2 NA
10434 I22252.AG 0 0 2 2 NA
10435 I22253.AG 0 0 1 2 NA
10436 I22254.AG 0 0 1 2 2
10437 I22256.AG 0 0 2 2 2
10438 I22258.AG 0 0 2 2 2
10439 I22260.AG 0 0 1 2 NA
10440 I22264.AG 0 0 2 2 NA
10441 I22271.AG 0 0 2 2 2
10442 I22276.AG 0 0 2 2 NA
10443 I22561.AG 0 0 1 2 2
10444 I22852.AG 0 0 1 2 2
10445 I22862.AG 0 0 2 2 NA
10446 I22866.AG 0 0 2 2 2
10447 I22867.AG 0 0 1 2 2
10448 I22933.AG 0 0 1 2 NA
10449 I22934.AG 0 0 1 2 NA
10450 I22935.AG 0 0 1 2 2
10451 I22936.AG 0 0 1 2 NA
10452 I22937.AG 0 0 2 2 2
10453 I22938.AG 0 0 2 2 2
10454 I22940.AG 0 0 1 2 2
10455 I23093.AG 0 0 2 2 2
10456 I23094.AG 0 0 2 2 2
10457 I23096.AG 0 0 2 2 2
10458 I23118.AG 0 0 2 2 2
10459 I23119.AG 0 0 2 2 2
10460 I23120.AG 0 0 2 2 2
10461 I23121.AG 0 0 1 2 2
10462 I23123.AG 0 0 1 2 2
10463 I23126.AG 0 0 1 2 NA
10464 I23205.AG 0 0 1 2 2
10465 I23206.AG 0 0 2 2 2
10466 I23207.AG 0 0 1 2 2
10467 I23208.AG 0 0 2 2 2
10468 I23209.AG 0 0 1 2 2
10469 I23210.AG 0 0 2 2 2
10470 I23211.AG 0 0 2 2 2
10471 I23212.AG 0 0 2 2 2
10472 I23348.AG 0 0 2 2 2
10473 I23349.AG 0 0 2 2 2
10474 I23351.AG 0 0 2 2 2
10475 I23352.AG 0 0 2 2 2
10476 I23448.AG 0 0 1 2 2
10477 I23548.AG 0 0 1 2 2
10478 I23550.AG 0 0 2 2 NA
10479 I23551.AG 0 0 1 2 NA
10480 I23554.AG 0 0 2 2 NA
10481 I23569.AG 0 0 1 2 NA
10482 I23648.AG 0 0 2 2 2
10483 I23649.AG 0 0 2 2 2
10484 I23650.AG 0 0 2 2 2
10485 I23651.AG 0 0 1 2 2
10486 I23652.AG 0 0 2 2 2
10487 I23654.AG 0 0 1 2 2
10488 I23655.AG 0 0 1 2 2
10489 I23657.AG 0 0 2 2 NA
10490 I23660.AG 0 0 1 2 NA
10491 I23662.AG 0 0 1 2 NA
10492 I23704.AG 0 0 2 2 2
10493 I23705.AG 0 0 1 2 NA
10494 I23707.AG 0 0 1 2 2
10495 I23708.AG 0 0 2 2 2
10496 I23709.AG 0 0 2 2 2
10497 I23711.AG 0 0 2 2 2
10498 I23712.AG 0 0 1 2 2
10499 I23904.AG 0 0 2 2 2
10500 I23911.AG 0 0 1 2 2
10501 I23971.AG 0 0 2 2 2
10502 I23974.AG 0 0 1 2 2
10503 I23978.AG 0 0 1 2 2
10504 I23995.AG 0 0 1 2 2
10505 I23996.AG 0 0 2 2 2
10506 I24015.AG 0 0 1 2 2
10507 I24016.AG 0 0 1 2 NA
10508 I24017.AG 0 0 2 2 2
10509 I24018.AG 0 0 2 2 2
10510 I24021.AG 0 0 1 2 2
10511 I24022.AG 0 0 2 2 2
10512 I24023.AG 0 0 2 2 2
10513 I24024.AG 0 0 2 2 2
10514 I24025.AG 0 0 2 2 NA
10515 I24026.AG 0 0 2 2 NA
10516 I24027.AG 0 0 2 2 NA
10517 I24028.AG 0 0 1 2 NA
10518 I24029.AG 0 0 2 2 2
10519 R11746.AG 0 0 1 2 2
10520 R11755.AG 0 0 2 2 2
10521 R11759.AG 0 0 2 2 2
10522 R11778.AG 0 0 2 2 2
10523 R11780.AG 0 0 2 2 2
10524 R11790.AG 0 0 2 2 2
10525 R11791.AG 0 0 2 2 2
10526 I24047.AG 0 0 1 2 2
10527 R11749.AG 0 0 2 2 2
10528 R11776.AG 0 0 2 2 2
10529 I24085.AG 0 0 1 2 2
10530 I24086.AG 0 0 1 2 2
10531 I24088.AG 0 0 1 2 2
10532 I24089.AG 0 0 1 2 2
10533 I24090.AG 0 0 1 2 2
10534 I24091.AG 0 0 1 2 2
10535 I24093.AG 0 0 1 2 2
10536 I24187.AG 0 0 1 2 NA
10537 I24189.AG 0 0 2 2 2
10538 I24192.AG 0 0 2 2 2
10539 I24193.AG 0 0 2 2 2
10540 I24194.AG 0 0 1 2 2
10541 I24196.AG 0 0 1 2 2
10542 I24199.AG 0 0 2 2 NA
10543 I24200.AG 0 0 1 2 NA
10544 I24205.AG 0 0 1 2 2
10545 I24206.AG 0 0 1 2 2
10546 I24208.AG 0 0 1 2 2
10547 I24213.AG 0 0 2 2 2
10548 I24230.AG 0 0 2 2 2
10549 I24236.AG 0 0 1 2 2
10550 I24237.AG 0 0 1 2 2
10551 I24241.AG 0 0 2 2 2
10552 I24242.AG 0 0 2 2 2
10553 I24243.AG 0 0 1 2 2
10554 I24244.AG 0 0 1 2 2
10555 I24246.AG 0 0 2 2 2
10556 I24247.AG 0 0 2 2 2
10557 I24248.AG 0 0 2 2 2
10558 I24249.AG 0 0 2 2 2
10559 I24253.AG 0 0 2 2 2
10560 I24254.AG 0 0 1 2 2
10561 I24255.AG 0 0 2 2 2
10562 I24257.AG 0 0 2 2 2
10563 I24258.AG 0 0 1 2 2
10564 I24259.AG 0 0 1 2 2
10565 I24260.AG 0 0 1 2 2
10566 I24261.AG 0 0 1 2 2
10567 I24263.AG 0 0 1 2 2
10568 I24264.AG 0 0 1 2 2
10569 I24265.AG 0 0 1 2 2
10570 I24268.AG 0 0 1 2 2
10571 I24269.AG 0 0 2 2 2
10572 I24270.AG 0 0 1 2 2
10573 I24271.AG 0 0 1 2 NA
10574 I24272.AG 0 0 2 2 2
10575 I24275.AG 0 0 1 2 2
10576 I24278.AG 0 0 1 2 2
10577 I24279.AG 0 0 1 2 2
10578 I24281.AG 0 0 1 2 2
10579 Asp6.AG 0 0 1 2 2
10580 I24283.AG 0 0 2 2 2
10581 I24285.AG 0 0 2 2 2
10582 I24289.AG 0 0 1 2 2
10583 I24295.AG 0 0 2 2 NA
10584 I24296.AG 0 0 2 2 2
10585 I24297.AG 0 0 2 2 2
10586 I24298.AG 0 0 2 2 2
10587 I24299.AG 0 0 1 2 2
10588 I24339.AG 0 0 1 2 2
10589 I24340.AG 0 0 1 2 2
10590 I24341.AG 0 0 2 2 2
10591 I24342.AG 0 0 1 2 2
10592 I24344.AG 0 0 2 2 NA
10593 I24345.AG 0 0 1 2 NA
10594 I24346.AG 0 0 2 2 2
10595 I24347.AG 0 0 2 2 2
10596 I24348.AG 0 0 1 2 2
10597 I24493.TW 0 0 2 2 NA
10598 I24494.AG 0 0 2 2 2
10599 I24496.AG 0 0 1 2 2
10600 I24497.AG 0 0 2 2 2
10601 I24498.AG 0 0 1 2 2
10602 I24499.AG 0 0 1 2 2
10603 I24500.AG 0 0 2 2 2
10604 I24501.AG 0 0 2 2 2
10605 I24502.AG 0 0 2 2 2
10606 I24503.AG 0 0 1 2 2
10607 I24504.AG 0 0 2 2 2
10608 I24505.AG 0 0 1 2 2
10609 I24506.AG 0 0 2 2 2
10610 I24507.AG 0 0 2 2 2
10611 I24508.AG 0 0 1 2 2
10612 I24509.AG 0 0 2 2 2
10613 I24510.AG 0 0 2 2 2
10614 I24511.AG 0 0 2 2 2
10615 I24512.AG 0 0 2 2 2
10616 I24513.AG 0 0 1 2 2
10617 I24514.AG 0 0 1 2 2
10618 I24515.AG 0 0 1 2 2
10619 I24517.AG 0 0 1 2 2
10620 I24518.AG 0 0 2 2 2
10621 I24519.AG 0 0 1 2 2
10622 I24520.AG 0 0 1 2 2
10623 I24522.AG 0 0 2 2 2
10624 I24523.AG 0 0 1 2 2
10625 I24524.AG 0 0 2 2 2
10626 I24525.AG 0 0 2 2 2
10627 I24526.AG 0 0 2 2 2
10628 I24527.AG 0 0 1 2 2
10629 I24528.AG 0 0 1 2 2
10630 I24529.AG 0 0 1 2 2
10631 I24530.AG 0 0 1 2 2
10632 I24531.AG 0 0 2 2 2
10633 I24532.AG 0 0 2 2 2
10634 I24540.AG 0 0 2 2 2
10635 I24541.AG 0 0 1 2 NA
10636 I24554.AG 0 0 1 2 2
10637 I24555.AG 0 0 1 2 2
10638 I24556.AG 0 0 1 2 2
10639 I24557.AG 0 0 2 2 2
10640 I24558.AG 0 0 2 2 2
10641 I24560.AG 0 0 2 2 2
10642 I24567.AG 0 0 1 2 2
10643 I24568.AG 0 0 1 2 2
10644 I24569.AG 0 0 2 2 2
10645 I24570.AG 0 0 1 2 2
10646 I24572.AG 0 0 2 2 NA
10647 I24573.AG 0 0 1 2 2
10648 I24574.AG 0 0 2 2 2
10649 I24575.AG 0 0 2 2 2
10650 I24576.AG 0 0 2 2 2
10651 I24577.AG 0 0 1 2 2
10652 I24578.AG 0 0 1 2 2
10653 I24579.AG 0 0 1 2 2
10654 I24580.AG 0 0 1 2 2
10655 I24581.AG 0 0 2 2 2
10656 I24582.AG 0 0 2 2 2
10657 I24583.AG 0 0 1 2 2
10658 I24584.AG 0 0 1 2 NA
10659 I24585.AG 0 0 2 2 2
10660 I24586.AG 0 0 1 2 2
10661 I24587.AG 0 0 2 2 2
10662 I24588.AG 0 0 1 2 2
10663 I24589.AG 0 0 2 2 2
10664 I24590.AG 0 0 2 2 2
10665 I24591.AG 0 0 2 2 2
10666 I24592.AG 0 0 1 2 2
10667 I24593.AG 0 0 1 2 2
10668 I24594.AG 0 0 2 2 2
10669 I24595.AG 0 0 1 2 2
10670 I24596.AG 0 0 1 2 2
10671 I24597.AG 0 0 1 2 2
10672 I24598.AG 0 0 1 2 2
10673 I24603.AG 0 0 2 2 2
10674 I24604.AG 0 0 1 2 2
10675 I24605.AG 0 0 1 2 2
10676 I24606.AG 0 0 1 2 2
10677 I24607.AG 0 0 1 2 2
10678 I24608.AG 0 0 2 2 2
10679 I24609.AG 0 0 1 2 2
10680 I24610.AG 0 0 2 2 2
10681 I24613.AG 0 0 1 2 2
10682 I24614.AG 0 0 1 2 2
10683 I24615.AG 0 0 2 2 2
10684 I24617.AG 0 0 1 2 2
10685 I24618.AG 0 0 2 2 2
10686 I24638.AG 0 0 1 2 2
10687 I24639.AG 0 0 1 2 2
10688 I24661.AG 0 0 2 2 NA
10689 I24662.AG 0 0 1 2 NA
10690 I24663.AG 0 0 2 2 NA
10691 I24665.AG 0 0 2 2 NA
10692 I24671.AG 0 0 1 2 2
10693 I24672.AG 0 0 1 2 2
10694 I24673.AG 0 0 2 2 2
10695 I24674.AG 0 0 1 2 0
10696 I24675.AG 0 0 2 2 2
10697 I24676.AG 0 0 2 2 2
10698 I24678.AG 0 0 2 2 2
10699 I24679.AG 0 0 1 2 2
10700 I24680.AG 0 0 1 2 2
10701 I24868.AG 0 0 2 2 2
10702 I24869.AG 0 0 2 2 2
10703 I24872.AG 0 0 1 2 NA
10704 I24874.AG 0 0 2 2 2
10705 I24879.AG 0 0 2 2 2
10706 I24882.AG 0 0 1 2 2
10707 I24883.AG 0 0 2 2 NA
10708 I24886.AG 0 0 1 2 2
10709 I24887.AG 0 0 1 2 2
10710 I24888.AG 0 0 2 2 2
10711 I24889.AG 0 0 1 2 2
10712 I24890.AG 0 0 2 2 2
10713 I24892.AG 0 0 1 2 2
10714 I24893.AG 0 0 1 2 2
10715 I24894.AG 0 0 2 2 2
10716 I24895.AG 0 0 1 2 2
10717 I24896.AG 0 0 2 2 2
10718 I24897.AG 0 0 1 2 2
10719 I24900.AG 0 0 2 2 2
10720 I24901.AG 0 0 2 2 2
10721 I24902.AG 0 0 2 2 2
10722 I24903.AG 0 0 1 2 2
10723 I24904.AG 0 0 1 2 2
10724 I24905.AG 0 0 2 2 2
10725 I24906.AG 0 0 2 2 2
10726 I24907.AG 0 0 1 2 2
10727 I24975.AG 0 0 2 2 NA
10728 I25026.AG 0 0 1 2 2
10729 I25082.AG 0 0 1 2 2
10730 I25159.AG 0 0 2 2 2
10731 I25160.AG 0 0 2 2 2
10732 I25161.AG 0 0 2 2 2
10733 I25175.AG 0 0 2 2 2
10734 I25175_d.AG 0 0 2 2 NA
10735 I25176.AG 0 0 2 2 NA
10736 I25187.AG 0 0 2 2 NA
10737 I25188.AG 0 0 1 2 NA
10738 I25190.AG 0 0 2 2 NA
10739 I25191.AG 0 0 2 2 2
10740 I25201.AG 0 0 2 2 NA
10741 I25323.AG 0 0 1 2 NA
10742 I25347.AG 0 0 2 2 NA
10743 I25349.AG 0 0 1 2 NA
10744 I25489.AG 0 0 1 2 2
10745 I25490.AG 0 0 1 2 2
10746 I25503.AG 0 0 1 2 2
10747 I25504.AG 0 0 1 2 2
10748 I25505.AG 0 0 2 2 2
10749 I25507.AG 0 0 1 2 2
10750 I25508.AG 0 0 1 2 2
10751 I25509.AG 0 0 2 2 2
10752 I25510.AG 0 0 2 2 2
10753 I25512.AG 0 0 2 2 2
10754 I25516.AG 0 0 1 2 NA
10755 I25518.AG 0 0 2 2 NA
10756 I25519.AG 0 0 1 2 0
10757 I25522.AG 0 0 2 2 2
10758 I25523.AG 0 0 1 2 NA
10759 I25524.AG 0 0 1 2 0
10760 I25525.AG 0 0 2 2 0
10761 I25526.AG 0 0 1 2 2
10762 I25527.AG 0 0 1 2 0
10763 I25528.AG 0 0 1 2 2
10764 I25529.AG 0 0 1 2 0
10765 I25530.AG 0 0 1 2 2
10766 I25531.AG 0 0 1 2 2
10767 I25532.AG 0 0 2 2 2
10768 I25533.AG 0 0 2 2 2
10769 I25534.AG 0 0 1 2 0
10770 I25535.AG 0 0 1 2 2
10771 I25536.AG 0 0 1 2 2
10772 I25537.AG 0 0 1 2 2
10773 I25538.AG 0 0 1 2 2
10774 I25539.AG 0 0 1 2 2
10775 I25540.AG 0 0 1 2 2
10776 I25541.AG 0 0 2 2 2
10777 I25542.AG 0 0 1 2 2
10778 I25543.AG 0 0 1 2 2
10779 I25544.AG 0 0 1 2 2
10780 I25545.AG 0 0 1 2 2
10781 I25546.AG 0 0 2 2 2
10782 I25547.AG 0 0 2 2 2
10783 I25548.AG 0 0 1 2 2
10784 I25558.AG 0 0 2 2 NA
10785 I26089.AG 0 0 1 2 2
10786 I26200.AG 0 0 1 2 NA
10787 I26224.AG 0 0 2 2 NA
10788 I26230.AG 0 0 1 2 2
10789 I26231.AG 0 0 1 2 2
10790 I26235.AG 0 0 2 2 2
10791 I26289.AG 0 0 2 2 NA
10792 I26302.AG 0 0 1 2 2
10793 I26303.AG 0 0 1 2 2
10794 I26304.TW 0 0 2 2 NA
10795 I26435.AG 0 0 1 2 2
10796 I26628.AG 0 0 2 2 NA
10797 I26629.AG 0 0 2 2 0
10798 I26630.AG 0 0 1 2 0
10799 I26702.AG 0 0 1 2 2
10800 I26703.AG 0 0 2 2 2
10801 I26704.AG 0 0 2 2 2
10802 I26705.AG 0 0 2 2 NA
10803 I26707.AG 0 0 2 2 2
10804 I26708.AG 0 0 2 2 2
10805 I26709.AG 0 0 2 2 2
10806 I26718.AG 0 0 1 2 2
10807 I26719.AG 0 0 2 2 NA
10808 I26738.AG 0 0 2 2 2
10809 I26741.AG 0 0 2 2 2
10810 I26742.AG 0 0 1 2 0
10811 I26745.AG 0 0 2 2 2
10812 I26746.AG 0 0 1 2 2
10813 I26747.AG 0 0 2 2 2
10814 I26748.AG 0 0 1 2 2
10815 I26749.AG 0 0 1 2 2
10816 I26750.AG 0 0 2 2 2
10817 I26751.AG 0 0 2 2 2
10818 I26752.AG 0 0 1 2 2
10819 I26753.AG 0 0 1 2 2
10820 I26754.AG 0 0 2 2 NA
10821 I26761.AG 0 0 2 2 2
10822 I26762.AG 0 0 2 2 2
10823 I26763.AG 0 0 1 2 2
10824 I26764.AG 0 0 2 2 0
10825 I26765.AG 0 0 1 2 2
10826 I26766.AG 0 0 1 2 2
10827 I26767.AG 0 0 1 2 2
10828 I26773.AG 0 0 2 2 2
10829 I26774.AG 0 0 2 2 2
10830 I26775.AG 0 0 1 2 2
10831 I26776.AG 0 0 1 2 NA
10832 I26778.AG 0 0 1 2 2
10833 I26780.AG 0 0 2 2 2
10834 I26781.AG 0 0 2 2 2
10835 I26782.AG 0 0 2 2 2
10836 I26783.AG 0 0 1 2 2
10837 I26785.AG 0 0 1 2 2
10838 I26787.AG 0 0 1 2 2
10839 I26828.AG 0 0 2 2 2
10840 I26829.AG 0 0 1 2 2
10841 I26830.AG 0 0 1 2 2
10842 I26831.AG 0 0 2 2 2
10843 I26832.AG 0 0 2 2 2
10844 I26844.AG 0 0 2 2 NA
10845 I26893.AG 0 0 2 2 2
10846 I26894.AG 0 0 2 2 2
10847 I26895.AG 0 0 2 2 2
10848 I26915.AG 0 0 2 2 2
10849 I26931.AG 0 0 2 2 2
10850 I27017.AG 0 0 1 2 0
10851 I27018.AG 0 0 1 2 2
10852 I27019.AG 0 0 1 2 2
10853 I27020.AG 0 0 1 2 2
10854 I27075.AG 0 0 1 2 NA
10855 I27077.AG 0 0 2 2 NA
10856 I27117.AG 0 0 1 2 2
10857 I27283.AG 0 0 1 2 NA
10858 I27295.AG 0 0 2 2 2
10859 I27296.AG 0 0 1 2 2
10860 I27297.AG 0 0 1 2 2
10861 I27298.AG 0 0 2 2 2
10862 I27379.AG 0 0 1 2 0
10863 I27380.AG 0 0 1 2 0
10864 I27381.AG 0 0 2 2 0
10865 I27382.AG 0 0 1 2 2
10866 I27383.AG 0 0 2 2 2
10867 I27384.AG 0 0 1 2 2
10868 I27385.AG 0 0 1 2 2
10869 MJ-16.AG 0 0 1 2 2
10870 MJ-14.AG 0 0 1 2 2
10871 I27602.AG 0 0 1 2 2
10872 I27608.AG 0 0 1 2 NA
10873 I27610.AG 0 0 2 2 NA
10874 I27612.AG 0 0 1 2 NA
10875 I27614.AG 0 0 2 2 2
10876 I27618.AG 0 0 2 2 0
10877 I27619.AG 0 0 2 2 2
10878 I27620.AG 0 0 1 2 2
10879 I25309.AG 0 0 1 2 NA
10880 I25310.AG 0 0 1 2 2
10881 I25311.AG 0 0 1 2 2
10882 I25312.AG 0 0 2 2 2
10883 I25314.AG 0 0 1 2 2
10884 I25316.AG 0 0 1 2 2
10885 I25322.AG 0 0 1 2 NA
10886 I25328.AG 0 0 2 2 2
10887 I25329.AG 0 0 2 2 2
10888 I27785.AG 0 0 1 2 NA
10889 I25332_d.AG 0 0 1 2 2
10890 I25333_d.AG 0 0 1 2 NA
10891 I25336.AG 0 0 1 2 NA
10892 I25338.AG 0 0 1 2 2
10893 I25339.AG 0 0 2 2 2
10894 I25341.AG 0 0 2 2 2
10895 I27800.AG 0 0 1 2 NA
10896 I25350.AG 0 0 1 2 NA
10897 I27982.AG 0 0 1 2 NA
10898 I27986.AG 0 0 1 2 NA
10899 I27990.AG 0 0 1 2 NA
10900 I27992.AG 0 0 2 2 NA
10901 I27995.AG 0 0 1 2 NA
10902 I28390.AG 0 0 2 2 0
10903 I28392.AG 0 0 2 2 2
10904 I28393.AG 0 0 2 2 2
10905 I28397.AG 0 0 1 2 2
10906 I28398.AG 0 0 2 2 2
10907 I28400.AG 0 0 1 2 2
10908 I28425.AG 0 0 2 2 2
10909 I28426.AG 0 0 1 2 2
10910 I28427.AG 0 0 1 2 2
10911 I28446.AG 0 0 2 2 2
10912 I28447.AG 0 0 2 2 2
10913 I28448.AG 0 0 2 2 2
10914 I28502.AG 0 0 2 2 2
10915 I28503.AG 0 0 1 2 NA
10916 I28504.AG 0 0 1 2 2
10917 I28626.TW 0 0 2 2 NA
10918 I28627.TW 0 0 2 2 NA
10919 I28682.AG 0 0 2 2 2
10920 I28683.AG 0 0 1 2 2
10921 UN129.TW 0 0 1 2 0
10922 I29558.TW 0 0 1 2 2
10923 I29559.TW 0 0 1 2 2
10924 RISE548.TW 0 0 1 2 2
10925 RISE546.TW 0 0 1 2 2
10926 RISE547.TW 0 0 1 2 2
10927 I29565.TW 0 0 2 2 NA
10928 I29568.TW 0 0 2 2 2
10929 I29570.TW 0 0 1 2 NA
10930 RISE240.TW 0 0 2 2 2
10931 I29573.TW 0 0 2 2 2
10932 I29876.TW 0 0 2 2 2
10933 I29877.TW 0 0 1 2 2
10934 I29883.TW 0 0 1 2 2
10935 I29884.TW 0 0 1 2 2
10936 I29885.TW 0 0 1 2 2
10937 I29887.TW 0 0 2 2 2
10938 I29888.TW 0 0 2 2 2
10939 I29891.TW 0 0 1 2 2
10940 I29957.TW 0 0 2 2 2
10941 I29958.TW 0 0 1 2 2
10942 I30052.TW 0 0 1 2 NA
10943 I30080.TW 0 0 1 2 NA
10944 I30300.TW 0 0 1 2 2
10945 I30341.TW 0 0 2 2 2
10946 I30343.TW 0 0 2 2 2
10947 I30386.TW 0 0 2 2 2
10948 I30387.TW 0 0 2 2 2
10949 I30411.TW 0 0 2 2 2
10950 I30413.TW 0 0 1 2 2
10951 I30418.TW 0 0 1 2 2
10952 I30421.TW 0 0 1 2 2
10953 I30423.TW 0 0 1 2 2
10954 I30425.TW 0 0 2 2 2
10955 I30428.TW 0 0 1 2 2
10956 I30434.TW 0 0 1 2 2
10957 I30476.TW 0 0 2 2 2
10958 I30477.TW 0 0 1 2 2
10959 I30478.TW 0 0 1 2 2
10960 I30479.TW 0 0 1 2 2
10961 I30480.TW 0 0 1 2 2
10962 I30481.TW 0 0 1 2 2
10963 I30482.TW 0 0 2 2 2
10964 I30483.TW 0 0 1 2 2
10965 I30888.TW 0 0 1 2 2
10966 I30889.TW 0 0 1 2 2
10967 I30890.TW 0 0 2 2 2
10968 I30891.TW 0 0 2 2 NA
10969 I30892.TW 0 0 2 2 2
10970 I30896.TW 0 0 2 2 2
10971 I30897.TW 0 0 1 2 NA
10972 I31735.TW 0 0 1 2 2
10973 I32297.TW 0 0 1 2 NA
10974 I32299.TW 0 0 1 2 2
10975 I32300.TW 0 0 2 2 2
10976 I32305.TW 0 0 2 2 0
10977 I32369.TW 0 0 1 2 2
10978 I32375.TW 0 0 2 2 2
10979 I32376.TW 0 0 2 2 2
10980 I32497.TW 0 0 1 2 2
10981 I32499.TW 0 0 2 2 2
10982 I32500.TW 0 0 2 2 2
10983 I32501.TW 0 0 1 2 NA
10984 I32502.TW 0 0 2 2 NA
10985 I32534.TW 0 0 2 2 NA
10986 I32546.TW 0 0 2 2 0
10987 I32547.TW 0 0 2 2 2
10988 I32619.TW 0 0 1 2 2
10989 I32621.TW 0 0 1 2 NA
10990 I32623.TW 0 0 2 2 NA
10991 I32627.TW 0 0 1 2 2
10992 I32628.TW 0 0 1 2 2
10993 I32629.TW 0 0 2 2 2
10994 I32630.TW 0 0 2 2 2
10995 I32631.TW 0 0 1 2 NA
10996 I32632.TW 0 0 1 2 NA
10997 I32663.TW 0 0 1 2 2
10998 I32779.TW 0 0 1 2 0
10999 I32801.TW 0 0 2 2 2
11000 I32802.TW 0 0 1 2 2
11001 I32803.TW 0 0 2 2 2
11002 I32804.TW 0 0 2 2 2
11003 I32816.TW 0 0 1 2 2
11004 I32819.TW 0 0 1 2 NA
11005 I32821.TW 0 0 2 2 2
11006 I32822.TW 0 0 2 2 2
11007 I32850.TW 0 0 1 2 2
11008 I32851.TW 0 0 1 2 2
11009 I32852.TW 0 0 2 2 2
11010 I32864.TW 0 0 1 2 NA
11011 I32865.TW 0 0 1 2 2
11012 I32866.TW 0 0 2 2 NA
11013 I32867.TW 0 0 2 2 2
11014 I32868.TW 0 0 1 2 2
11015 I32871.TW 0 0 1 2 2
11016 I32872.TW 0 0 1 2 2
11017 I32873.TW 0 0 1 2 2
11018 I32875.TW 0 0 1 2 2
11019 I32876.TW 0 0 2 2 2
11020 I32898.TW 0 0 2 2 2
11021 I32899.TW 0 0 2 2 2
11022 I3294.AG 0 0 1 2 NA
11023 I32996.TW 0 0 1 2 NA
11024 I32997.TW 0 0 1 2 2
11025 I32998.TW 0 0 1 2 NA
11026 I32999.TW 0 0 1 2 2
11027 I33306.TW 0 0 1 2 2
11028 I33307.TW 0 0 1 2 2
11029 I33308.TW 0 0 1 2 2
11030 I33309.TW 0 0 2 2 0
11031 I33312.TW 0 0 1 2 NA
11032 I33314.TW 0 0 1 2 NA
11033 I33315.TW 0 0 1 2 NA
11034 I33646.TW 0 0 1 2 NA
11035 I33730.TW 0 0 2 2 2
11036 I33733.TW 0 0 1 2 2
11037 I33738.TW 0 0 2 2 2
11038 I33739.TW 0 0 2 2 NA
11039 I33741.TW 0 0 2 2 2
11040 I33808.TW 0 0 1 2 2
11041 I33809.TW 0 0 1 2 2
11042 I33844.TW 0 0 1 2 NA
11043 I33863.TW 0 0 1 2 NA
11044 I33864.TW 0 0 1 2 2
11045 I33868.TW 0 0 2 2 2
11046 I33885.TW 0 0 2 2 2
11047 I33886.TW 0 0 1 2 NA
11048 I33888.TW 0 0 1 2 2
11049 I33889.TW 0 0 1 2 2
11050 I33890.TW 0 0 1 2 2
11051 I33893.TW 0 0 2 2 2
11052 I33978.TW 0 0 2 2 2
11053 I33979.TW 0 0 1 2 2
11054 I34074.TW 0 0 1 2 2
11055 I34287.TW 0 0 1 2 NA
11056 I34290.TW 0 0 2 2 2
11057 I34291.TW 0 0 2 2 NA
11058 I35080.TW 0 0 1 2 NA
11059 I34462.TW 0 0 2 2 2
11060 I34463.TW 0 0 1 2 2
11061 I34464.TW 0 0 1 2 2
11062 I34465.TW 0 0 1 2 2
11063 I34466.TW 0 0 2 2 2
11064 I34467.TW 0 0 1 2 2
11065 I34468.TW 0 0 1 2 NA
11066 I34470.TW 0 0 2 2 NA
11067 I34471.TW 0 0 2 2 2
11068 I34667.TW 0 0 1 2 2
11069 I34668.TW 0 0 1 2 NA
11070 I34672.TW 0 0 2 2 NA
11071 I34675.TW 0 0 2 2 2
11072 I34676.TW 0 0 2 2 2
11073 I34677.TW 0 0 2 2 NA
11074 I34678.TW 0 0 1 2 2
11075 I34681.TW 0 0 1 2 2
11076 I34684.TW 0 0 1 2 NA
11077 I34685.TW 0 0 1 2 NA
11078 I34686.TW 0 0 1 2 NA
11079 I34688.TW 0 0 1 2 2
11080 I34689.TW 0 0 2 2 NA
11081 I34691.TW 0 0 2 2 NA
11082 I34694.TW 0 0 2 2 2
11083 I34800.TW 0 0 1 2 2
11084 I34833.TW 0 0 2 2 2
11085 I34834.TW 0 0 2 2 NA
11086 I34837.TW 0 0 2 2 2
11087 I34939.TW 0 0 2 2 NA
11088 I34940.TW 0 0 1 2 NA
11089 I34941.TW 0 0 1 2 NA
11090 I34943.TW 0 0 2 2 NA
11091 I34944.TW 0 0 1 2 NA
11092 I34945.TW 0 0 1 2 NA
11093 I34946.TW 0 0 1 2 2
11094 I34947.TW 0 0 1 2 NA
11095 I34948.TW 0 0 1 2 NA
11096 I34949.TW 0 0 1 2 NA
11097 I34980.TW 0 0 2 2 2
11098 I35008.TW 0 0 1 2 2
11099 I35009.TW 0 0 1 2 2
11100 I35010.TW 0 0 2 2 2
11101 I35012.TW 0 0 1 2 0
11102 I35081.TW 0 0 2 2 0
11103 I35082.TW 0 0 1 2 2
11104 I35095.TW 0 0 2 2 0
11105 I35325.TW 0 0 2 2 2
11106 I35328.TW 0 0 2 2 2
11107 I35329.TW 0 0 2 2 NA
11108 I35336.TW 0 0 1 2 2
11109 I35338.TW 0 0 2 2 2
11110 I35339.TW 0 0 2 2 2
11111 I35343.TW 0 0 1 2 2
11112 I35522.TW 0 0 2 2 2
11113 I35527.TW 0 0 1 2 2
11114 I6253.AG 0 0 2 2 2
11115 I6368.AG 0 0 2 2 NA
11116 I7260.AG 0 0 2 2 NA
11117 I7262.AG 0 0 2 2 NA
11118 I7453.AG 0 0 1 2 NA
11119 I7648.AG 0 0 1 2 NA
11120 I7651.AG 0 0 2 2 NA
11121 I7805.AG 0 0 2 2 NA
11122 I7972.AG 0 0 2 2 NA
11123 I8094.AG 0 0 1 2 2
11124 I8095.AG 0 0 1 2 2
11125 I8096.AG 0 0 1 2 2
11126 I8097.AG 0 0 2 2 2
11127 I8134.AG 0 0 2 2 2
11128 I8351.AG 0 0 2 2 2
11129 NEO185.AG 0 0 1 2 2
11130 I8416.AG 0 0 2 2 2
11131 NEO189.AG 0 0 1 2 2
11132 NEO188.AG 0 0 1 2 2
11133 I8728.AG 0 0 1 2 2
11134 I0374.AG 0 0 1 2 2
11135 I0418.AG 0 0 2 2 2
11136 I0423.AG 0 0 1 2 0
11137 I0438.AG 0 0 1 2 2
11138 I0440.AG 0 0 1 2 2
11139 I0627.AG.BY 0 0 2 2 NA
11140 I0698.AG 0 0 1 2 2
11141 I0861_d.AG 0 0 1 2 NA
11142 I0945.AG 0 0 2 2 0
11143 I0994.AG 0 0 1 2 2
11144 I0995.AG 0 0 1 2 2
11145 I10206.AG 0 0 1 2 NA
11146 I10252.AG 0 0 2 2 2
11147 I10287.AG 0 0 1 2 2
11148 I10334.AG 0 0 1 2 NA
11149 I10365.AG 0 0 1 2 2
11150 I10429.AG 0 0 2 2 2
11151 I10479.AG 0 0 1 2 2
11152 I10726.AG 0 0 2 2 NA
11153 I10758.AG 0 0 2 2 2
11154 I10871.AG 0 0 1 2 2
11155 I10872_alt.AG 0 0 1 2 2
11156 I10873.AG 0 0 1 2 2
11157 I10874.AG 0 0 2 2 2
11158 I10944.AG 0 0 1 2 2
11159 I10949.AG 0 0 1 2 2
11160 I10968.AG 0 0 1 2 2
11161 I11028.AG.TW 0 0 1 2 2
11162 I1116.TW 0 0 1 2 2
11163 I11287.AG 0 0 2 2 2
11164 I11288.AG 0 0 1 2 2
11165 I11291.AG 0 0 2 2 2
11166 I11665.AG 0 0 1 2 2
11167 I11674.AG 0 0 1 2 2
11168 I11680_alt.AG 0 0 2 2 2
11169 I11681.AG 0 0 1 2 2
11170 I11683.AG 0 0 2 2 0
11171 I11698.AG 0 0 1 2 2
11172 I11701.AG 0 0 1 2 2
11173 I1170.AG 0 0 1 2 2
11174 I11713.AG 0 0 1 2 2
11175 I11794.AG 0 0 1 2 2
11176 I11804.AG 0 0 2 2 NA
11177 I11805.AG 0 0 1 2 NA
11178 I11843.AG 0 0 1 2 2
11179 I11855.AG 0 0 2 2 2
11180 I11857.AG 0 0 1 2 NA
11181 I11902.AG 0 0 1 2 2
11182 I11906.AG 0 0 1 2 2
11183 I11929.AG 0 0 2 2 2
11184 I11933.AG 0 0 1 2 2
11185 I11983.AG 0 0 1 2 2
11186 I11991.AG 0 0 1 2 0
11187 I11992.AG 0 0 1 2 0
11188 I12220.AG 0 0 1 2 NA
11189 I12314.AG 0 0 2 2 2
11190 I12341.AG 0 0 1 2 2
11191 I12344.AG 0 0 1 2 2
11192 I12347.AG 0 0 1 2 2
11193 I12350.AG 0 0 2 2 2
11194 I12354.AG 0 0 1 2 2
11195 I12358.AG 0 0 1 2 2
11196 I12371.AG 0 0 1 2 2
11197 I12439.AG 0 0 1 2 2
11198 I12488.AG 0 0 1 2 2
11199 I12492.TW 0 0 1 2 NA
11200 I12533.AG 0 0 1 2 2
11201 I12534.AG 0 0 2 2 2
11202 I12575.AG 0 0 2 2 2
11203 I12608.AG 0 0 2 2 NA
11204 I12610.AG 0 0 1 2 NA
11205 I12614.AG 0 0 2 2 NA
11206 I12624.AG 0 0 2 2 NA
11207 I12713.AG 0 0 1 2 2
11208 I12718.AG 0 0 1 2 2
11209 I12744.AG 0 0 1 2 2
11210 I12758.AG 0 0 1 2 2
11211 I12873.AG 0 0 1 2 2
11212 I12883.AG 0 0 1 2 NA
11213 I12936.AG 0 0 2 2 NA
11214 I1298.AG 0 0 2 2 NA
11215 I13128.AG 0 0 1 2 2
11216 I13142.AG 0 0 2 2 NA
11217 I13162.AG 0 0 2 2 2
11218 RISE596.AG 0 0 2 2 2
11219 I13179.AG 0 0 2 2 2
11220 I13268.AG 0 0 1 2 NA
11221 I13428.AG 0 0 1 2 NA
11222 I13433.AG 0 0 2 2 NA
11223 I13506.AG 0 0 1 2 2
11224 I13514.AG 0 0 2 2 2
11225 I13516.AG 0 0 2 2 NA
11226 I13517.AG 0 0 1 2 2
11227 I13517_d.AG 0 0 1 2 NA
11228 I13518.AG 0 0 1 2 2
11229 I13531.AG 0 0 2 2 NA
11230 I13532.AG 0 0 2 2 2
11231 I13577.AG 0 0 1 2 NA
11232 I13578.AG 0 0 2 2 NA
11233 I13579.AG 0 0 1 2 NA
11234 I13580.AG 0 0 1 2 NA
11235 I13611.AG 0 0 2 2 2
11236 I13616.AG 0 0 2 2 0
11237 I13617.AG 0 0 2 2 2
11238 I13674.AG 0 0 1 2 2
11239 I13682.AG 0 0 1 2 2
11240 I13684.AG 0 0 2 2 0
11241 I13698.AG 0 0 1 2 2
11242 I13710.AG 0 0 1 2 NA
11243 I13716.AG 0 0 2 2 2
11244 I13720.AG 0 0 1 2 NA
11245 I13726.AG 0 0 1 2 2
11246 I13736.AG 0 0 2 2 NA
11247 I13762.AG 0 0 1 2 2
11248 I13763.AG 0 0 2 2 NA
11249 I13763_alt.AG 0 0 2 2 NA
11250 VOD001.AG 0 0 2 2 2
11251 Ukraine_N1.AG 0 0 1 2 NA
11252 I13833.AG 0 0 1 2 2
11253 I13834.AG 0 0 1 2 2
11254 I13835.AG 0 0 2 2 2
11255 I13837.AG 0 0 2 2 2
11256 I13893.AG 0 0 1 2 2
11257 I13896.AG 0 0 2 2 2
11258 I13976.AG 0 0 2 2 NA
11259 I13982.AG 0 0 2 2 NA
11260 I13983.AG 0 0 1 2 NA
11261 I1414.AG 0 0 1 2 NA
11262 I14158.AG 0 0 2 2 2
11263 I1415.AG 0 0 1 2 NA
11264 I14340.AG 0 0 1 2 2
11265 I14341.AG 0 0 1 2 2
11266 I14379.AG 0 0 2 2 2
11267 I14480.AG 0 0 1 2 NA
11268 I14603.AG 0 0 2 2 2
11269 I14649.AG 0 0 1 2 NA
11270 I14685.AG 0 0 2 2 2
11271 I14742.AG 0 0 1 2 NA
11272 I14745.AG 0 0 2 2 NA
11273 I14984.AG 0 0 1 2 2
11274 I14992.AG 0 0 1 2 2
11275 I15232.TW 0 0 1 2 2
11276 I1524.AG 0 0 1 2 2
11277 I15462.AG 0 0 2 2 2
11278 I15538.AG 0 0 1 2 NA
11279 I15616.AG 0 0 1 2 2
11280 I15620.AG 0 0 1 2 2
11281 I15672.AG 0 0 2 2 2
11282 I15844.AG 0 0 2 2 NA
11283 I1584.AG 0 0 2 2 2
11284 I15943.AG 0 0 2 2 2
11285 I15973.AG 0 0 1 2 2
11286 I16161.AG 0 0 2 2 2
11287 I16170.AG 0 0 1 2 2
11288 I16405.AG 0 0 1 2 0
11289 I5472.AG 0 0 2 2 2
11290 I16383_alt.AG 0 0 1 2 NA
11291 I16469.AG 0 0 1 2 NA
11292 I16475.AG 0 0 1 2 0
11293 I16519.AG 0 0 2 2 2
11294 I16520.AG 0 0 1 2 2
11295 I16539.AG 0 0 1 2 2
11296 I16592.AG 0 0 1 2 0
11297 I16600.AG 0 0 1 2 NA
11298 I16617.AG 0 0 2 2 NA
11299 I16618.AG 0 0 2 2 NA
11300 I16638.AG 0 0 2 2 2
11301 I1680.AG 0 0 1 2 NA
11302 I16819.AG 0 0 2 2 NA
11303 I16820.AG 0 0 1 2 NA
11304 I16822.AG 0 0 1 2 NA
11305 I1685.TW 0 0 1 2 NA
11306 I1687.AG 0 0 2 2 NA
11307 I16997.AG 0 0 2 2 NA
11308 I16998.AG 0 0 2 2 NA
11309 I1700.AG 0 0 1 2 2
11310 I1701.AG 0 0 2 2 NA
11311 I12751.AG 0 0 1 2 2
11312 I17264.AG 0 0 1 2 0
11313 I17313.AG 0 0 2 2 2
11314 I17409.AG 0 0 1 2 2
11315 I17412.AG 0 0 1 2 2
11316 I17413.AG 0 0 2 2 2
11317 I17455.AG 0 0 1 2 2
11318 I17475.AG 0 0 1 2 2
11319 I17477.AG 0 0 2 2 NA
11320 I17633.AG 0 0 1 2 2
11321 I17878.AG 0 0 1 2 NA
11322 I17881.AG 0 0 2 2 NA
11323 I17962.AG 0 0 1 2 2
11324 I17973.AG 0 0 1 2 2
11325 I18099.AG 0 0 2 2 2
11326 I18100.AG 0 0 1 2 2
11327 I18101.AG 0 0 1 2 NA
11328 I18101_d.AG 0 0 1 2 NA
11329 I18110.AG 0 0 2 2 2
11330 I18111.AG 0 0 1 2 2
11331 I18113.AG 0 0 1 2 NA
11332 I18114.AG 0 0 1 2 2
11333 I18115.AG 0 0 2 2 2
11334 I18116.AG 0 0 1 2 2
11335 I18191.AG 0 0 2 2 NA
11336 I18199.AG 0 0 1 2 2
11337 I18200.AG 0 0 2 2 NA
11338 I18201.AG 0 0 1 2 2
11339 I18203.AG 0 0 2 2 2
11340 I18442.AG 0 0 2 2 NA
11341 I18444.AG 0 0 1 2 NA
11342 I18447.AG 0 0 2 2 NA
11343 I18478.AG 0 0 1 2 2
11344 I18495.AG 0 0 1 2 NA
11345 I18719.AG 0 0 1 2 2
11346 I18733.AG 0 0 2 2 NA
11347 I19017.AG 0 0 2 2 2
11348 I19022.AG 0 0 2 2 NA
11349 I19027.AG 0 0 2 2 2
11350 I19139.AG 0 0 2 2 NA
11351 I19167.AG 0 0 1 2 NA
11352 I19169.AG 0 0 1 2 NA
11353 I19170.AG 0 0 2 2 NA
11354 I19220.AG 0 0 2 2 NA
11355 I27935.AG 0 0 2 2 2
11356 I19340.AG 0 0 1 2 2
11357 I19386.AG 0 0 1 2 2
11358 I19391.AG 0 0 1 2 NA
11359 I19401.AG 0 0 1 2 2
11360 I19409.AG 0 0 1 2 NA
11361 I19415.AG 0 0 2 2 NA
11362 I19451.AG 0 0 2 2 2
11363 I1945.AG 0 0 1 2 NA
11364 I19481.AG 0 0 2 2 NA
11365 I19487.AG 0 0 1 2 NA
11366 I19488.AG 0 0 2 2 NA
11367 I19490.AG 0 0 1 2 NA
11368 I19493.AG 0 0 2 2 NA
11369 I19494.AG 0 0 1 2 NA
11370 I19495.AG 0 0 1 2 NA
11371 I19497.AG 0 0 2 2 NA
11372 I19500.AG 0 0 1 2 NA
11373 I19549.AG 0 0 1 2 NA
11374 I1954.AG.BY 0 0 1 2 2
11375 I1962.AG 0 0 1 2 2
11376 I1963.AG 0 0 1 2 2
11377 I1964.AG 0 0 1 2 2
11378 I1966.AG 0 0 2 2 2
11379 I19987.AG 0 0 2 2 NA
11380 I19991.AG 0 0 1 2 2
11381 I20000.AG 0 0 1 2 2
11382 I20115.AG 0 0 2 2 2
11383 I20146.AG 0 0 1 2 2
11384 I20632.AG 0 0 1 2 2
11385 I20749.AG 0 0 2 2 2
11386 I20750.AG 0 0 1 2 NA
11387 I20751.AG 0 0 2 2 2
11388 I20752.AG 0 0 2 2 2
11389 I7342.AG 0 0 1 2 2
11390 I20818.TW 0 0 1 2 2
11391 I2133.AG 0 0 1 2 2
11392 I2135.AG 0 0 1 2 2
11393 I21475.AG 0 0 2 2 2
11394 I2180.AG 0 0 2 2 2
11395 I21964.AG 0 0 1 2 2
11396 I22082.AG 0 0 2 2 NA
11397 I22095.AG 0 0 1 2 2
11398 I22197.AG 0 0 1 2 2
11399 I22200.AG 0 0 1 2 2
11400 I22202.AG 0 0 2 2 2
11401 I22577.AG 0 0 1 2 2
11402 I22580.AG 0 0 2 2 2
11403 I23122.AG 0 0 2 2 2
11404 I23558.AG 0 0 2 2 2
11405 I23561.AG 0 0 2 2 2
11406 I23568.AG 0 0 1 2 2
11407 I2357.AG 0 0 2 2 2
11408 I2365.AG 0 0 1 2 2
11409 I2369.AG 0 0 1 2 2
11410 I23706.TW 0 0 1 2 NA
11411 I2370.AG 0 0 2 2 2
11412 I23710.TW 0 0 1 2 2
11413 I2380.AG 0 0 2 2 2
11414 I24032.AG 0 0 1 2 2
11415 R11753.AG 0 0 1 2 2
11416 I24251.AG 0 0 1 2 2
11417 I5206.AG 0 0 2 2 2
11418 I5205.AG 0 0 2 2 2
11419 I5207.AG 0 0 1 2 2
11420 I2448.AG 0 0 1 2 2
11421 I2469.AG 0 0 2 2 2
11422 I2470.AG 0 0 1 2 2
11423 I24884.AG 0 0 1 2 2
11424 I24885.AG 0 0 2 2 2
11425 I24891.AG 0 0 1 2 2
11426 I24899.AG 0 0 1 2 2
11427 I2565.AG 0 0 1 2 NA
11428 I2574.AG 0 0 2 2 NA
11429 I2598.AG 0 0 1 2 2
11430 I2611.AG 0 0 1 2 NA
11431 I26638.AG 0 0 1 2 2
11432 I26714.AG 0 0 2 2 0
11433 I26842.AG 0 0 2 2 2
11434 I26897.AG 0 0 1 2 2
11435 I26932.AG 0 0 1 2 2
11436 I27613.AG 0 0 2 2 2
11437 ukr161.TW 0 0 1 2 NA
11438 I2921.AG 0 0 2 2 NA
11439 I2922.AG 0 0 2 2 2
11440 I30293.TW 0 0 2 2 2
11441 I30299.TW 0 0 1 2 2
11442 I30301.TW 0 0 1 2 2
11443 I30302.TW 0 0 2 2 2
11444 I30304.TW 0 0 1 2 NA
11445 I30311.TW 0 0 1 2 2
11446 I30332.TW 0 0 1 2 NA
11447 I30334.TW 0 0 2 2 2
11448 I30414.TW 0 0 1 2 2
11449 I3141.AG 0 0 2 2 2
11450 I31730.TW 0 0 1 2 NA
11451 I32301.TW 0 0 2 2 2
11452 I32304.TW 0 0 1 2 2
11453 I3315.AG 0 0 1 2 2
11454 I33812.TW 0 0 2 2 2
11455 I3388.AG 0 0 2 2 2
11456 I33891.TW 0 0 2 2 2
11457 I34292.TW 0 0 2 2 2
11458 I34294.TW 0 0 1 2 2
11459 I34296.TW 0 0 1 2 2
11460 I34297.TW 0 0 1 2 2
11461 I34299.TW 0 0 2 2 2
11462 I34661.TW 0 0 1 2 2
11463 I34671.TW 0 0 2 2 NA
11464 I34835.TW 0 0 1 2 2
11465 I35526.TW 0 0 1 2 NA
11466 I35528.TW 0 0 1 2 NA
11467 I35531.TW 0 0 2 2 2
11468 I35542.TW 0 0 2 2 2
11469 I35543.TW 0 0 2 2 2
11470 I35544.TW 0 0 2 2 NA
11471 I36288.TW 0 0 2 2 NA
11472 I3878.AG 0 0 2 2 2
11473 I3882.AG 0 0 1 2 NA
11474 I3883.AG 0 0 1 2 NA
11475 I3883_alt.AG 0 0 1 2 NA
11476 I4064.AG 0 0 1 2 2
11477 I4118.AG 0 0 2 2 NA
11478 I4188.AG 0 0 1 2 2
11479 I4237.AG 0 0 2 2 2
11480 I4556.AG 0 0 2 2 2
11481 I4622.AG 0 0 1 2 NA
11482 Latvia_HG3.AG.TW 0 0 1 2 2
11483 I4949.AG 0 0 1 2 NA
11484 I5124.AG 0 0 1 2 2
11485 I5241.AG.BY 0 0 2 2 2
11486 I5243.AG 0 0 1 2 2
11487 I5265.AG 0 0 1 2 NA
11488 I5266.AG 0 0 1 2 2
11489 I5267.AG 0 0 1 2 NA
11490 I5268.AG 0 0 1 2 NA
11491 I5404.AG 0 0 1 2 2
11492 I5409.AG 0 0 2 2 2
11493 I5504.AG 0 0 2 2 0
11494 I5505.AG 0 0 1 2 0
11495 I5655.AG 0 0 2 2 NA
11496 I5657.AG 0 0 1 2 NA
11497 I5660.AG 0 0 1 2 NA
11498 I5661.AG 0 0 1 2 NA
11499 I5689.AG 0 0 1 2 2
11500 I5690.AG 0 0 1 2 2
11501 I5695.AG 0 0 1 2 2
11502 I5696.AG 0 0 1 2 2
11503 I5697.AG 0 0 2 2 2
11504 I5698.AG 0 0 2 2 2
11505 I5744.AG 0 0 2 2 NA
11506 I5878.AG 0 0 1 2 NA
11507 I5884.AG 0 0 1 2 2
11508 I5891.AG 0 0 1 2 NA
11509 I5893.AG 0 0 1 2 NA
11510 I5951.AG 0 0 1 2 NA
11511 I6188.AG 0 0 1 2 NA
11512 I6329.AG 0 0 2 2 NA
11513 I6331.AG 0 0 1 2 2
11514 I6341.AG 0 0 1 2 NA
11515 I6348.AG 0 0 1 2 2
11516 I6404.TW 0 0 2 2 2
11517 I6405.TW 0 0 1 2 2
11518 I6441.AG 0 0 1 2 2
11519 I6443.AG 0 0 2 2 NA
11520 I6445.AG 0 0 2 2 2
11521 I6563.AG 0 0 2 2 NA
11522 I6729.TW 0 0 1 2 2
11523 I6730.TW 0 0 2 2 2
11524 I6741.TW 0 0 1 2 2
11525 I6906.AG 0 0 2 2 NA
11526 I6908.AG 0 0 2 2 2
11527 I6910.AG 0 0 1 2 2
11528 I6912.AG 0 0 1 2 NA
11529 I7010.AG 0 0 1 2 NA
11530 I7073.AG 0 0 1 2 2
11531 I7079.AG 0 0 1 2 NA
11532 I7162.AG 0 0 2 2 2
11533 NEO242.AG 0 0 1 2 2
11534 I7336.AG 0 0 1 2 2
11535 I7341.AG 0 0 1 2 2
11536 NEO241.AG 0 0 1 2 2
11537 I7543.AG 0 0 1 2 NA
11538 I7629.AG 0 0 1 2 2
11539 I7757.AG 0 0 2 2 2
11540 I7780.AG 0 0 1 2 2
11541 I7840.AG 0 0 1 2 NA
11542 I7847.AG 0 0 1 2 2
11543 I7848.AG 0 0 2 2 2
11544 I7923.AG 0 0 1 2 NA
11545 I7925.AG 0 0 1 2 2
11546 I7938.AG 0 0 2 2 NA
11547 I7964.AG 0 0 2 2 2
11548 I7977.AG 0 0 2 2 NA
11549 I7980.AG 0 0 1 2 NA
11550 I8072.AG 0 0 1 2 NA
11551 I8140.AG 0 0 2 2 0
11552 I8155.AG 0 0 2 2 2
11553 I8282.TW 0 0 1 2 2
11554 I8286.TW 0 0 1 2 2
11555 I8287.TW 0 0 1 2 2
11556 I8298.AG.TW 0 0 2 2 NA
11557 I8368.AG 0 0 2 2 NA
11558 I8370.AG 0 0 1 2 2
11559 I8373.AG 0 0 2 2 2
11560 NEO182.AG 0 0 1 2 NA
11561 NEO186.TW 0 0 1 2 2
11562 I8432.AG 0 0 2 2 2
11563 I8435.AG 0 0 2 2 NA
11564 I8438.TW 0 0 1 2 2
11565 I8501.AG 0 0 1 2 2
11566 I8582.AG 0 0 2 2 NA
11567 I8759.AG 0 0 1 2 NA
11568 I8821.AG 0 0 1 2 2
11569 I8843.AG 0 0 2 2 NA
11570 I8901.AG 0 0 1 2 NA
11571 I8904.AG 0 0 1 2 NA
11572 I8923.AG 0 0 1 2 2
11573 I8930.AG 0 0 1 2 NA
11574 I8931.AG 0 0 2 2 NA
11575 I8936.AG 0 0 1 2 NA
11576 I8955.AG 0 0 2 2 NA
11577 I8959.AG 0 0 1 2 NA
11578 Denisova.SG 0 0 2 2 NA
11579 AltaiNeanderthal.DG 0 0 2 2 2
11580 AltaiNeanderthal_snpAD.DG 0 0 2 2 2
11581 Altais1.SG 0 0 0 2 2
11582 Altais2.SG 0 0 0 2 2
11583 Ancestor.REF 0 0 1 2 2
11584 NA19985.SG 0 0 2 2 2
11585 NA20322.SG 0 0 2 2 2
11586 NA20336.SG 0 0 2 2 2
11587 NA20341.SG 0 0 2 2 2
11588 NA20344.SG 0 0 2 2 2
11589 Avar.SG 0 0 1 2 2
11590 TA6.SG 0 0 1 2 2
11591 Bashkirs2.SG 0 0 0 2 2
11592 Bashkirs1.SG 0 0 0 2 NA
11593 Bashkirs3.SG 0 0 0 2 0
11594 GoyetQ116-1.SG 0 0 1 2 NA
11595 PRBB-1.SG 0 0 1 2 2
11596 BIR-15.SG 0 0 1 2 2
11597 BIR-08.SG 0 0 1 2 2
11598 BIR-11.SG 0 0 1 2 2
11599 BIR-12.SG 0 0 1 2 2
11600 BIR-13.SG 0 0 1 2 2
11601 BIR-14.SG 0 0 1 2 2
11602 BIR-16.SG 0 0 1 2 2
11603 BIR-18.SG 0 0 1 2 2
11604 BIR-22.SG 0 0 1 2 2
11605 LAR001.AG 0 0 2 2 2
11606 LAR002.AG 0 0 1 2 NA
11607 MOS001.AG 0 0 2 2 NA
11608 Bur1.SG 0 0 1 2 2
11609 Bur2.SG 0 0 1 2 2
11610 Buryats1.SG 0 0 0 2 2
11611 Buryats2.SG 0 0 0 2 2
11612 HG02363.SG 0 0 1 2 2
11613 HG02372.SG 0 0 1 2 2
11614 HG02377.SG 0 0 1 2 2
11615 HG02381.SG 0 0 1 2 2
11616 HG02387.SG 0 0 1 2 2
11617 HG02388.SG 0 0 1 2 2
11618 Chagyrskaya8.SG 0 0 0 2 2
11619 NA18597.SG 0 0 2 2 2
11620 NA18599.SG 0 0 2 2 2
11621 Chimp.REF 0 0 1 2 2
11622 S95.EC 0 0 1 2 NA
11623 18R21265.EC 0 0 1 2 NA
11624 S94.EC 0 0 2 2 NA
11625 S96.EC 0 0 2 2 NA
11626 S118.EC 0 0 2 2 NA
11627 S97.EC 0 0 1 2 2
11628 HG00501.SG 0 0 2 2 2
11629 HG00635.SG 0 0 2 2 2
11630 HG00702.SG 0 0 2 2 2
11631 A_Dai-5.DG 0 0 1 2 2
11632 Denisova3.DG 0 0 2 2 2
11633 Denisova3_snpAD.DG 0 0 2 2 2
11634 A_Dinka-4.DG 0 0 1 2 2
11635 Dungan1.SG 0 0 0 2 2
11636 Dungan2.SG 0 0 0 2 2
11637 I21275.AG 0 0 2 2 2
11638 I21276.AG 0 0 2 2 2
11639 EAS003.SG 0 0 2 2 2
11640 SED016.SG 0 0 2 2 NA
11641 EAS001.SG 0 0 2 2 2
11642 EAS002.SG 0 0 2 2 0
11643 EAS004.SG 0 0 1 2 0
11644 ELY001.SG 0 0 2 2 0
11645 ELY002.SG 0 0 2 2 0
11646 ELY003.SG 0 0 1 2 0
11647 ELY004.SG 0 0 1 2 NA
11648 ELY005.SG 0 0 1 2 0
11649 ELY006.SG 0 0 2 2 0
11650 HAD001.SG 0 0 1 2 2
11651 HAD002.SG 0 0 2 2 0
11652 HAD003.SG 0 0 1 2 NA
11653 HAD004.SG 0 0 2 2 0
11654 HAD005.SG 0 0 1 2 0
11655 HAD006.SG 0 0 1 2 NA
11656 HAD007.SG 0 0 2 2 NA
11657 HAD008.SG 0 0 2 2 0
11658 HAD010.SG 0 0 2 2 2
11659 HAD013.SG 0 0 2 2 NA
11660 HAD015.SG 0 0 1 2 NA
11661 OAI001.SG 0 0 1 2 2
11662 OAI002.SG 0 0 1 2 NA
11663 OAI003.SG 0 0 2 2 2
11664 OAI004.SG 0 0 2 2 0
11665 OAI005.SG 0 0 1 2 0
11666 OAI006.SG 0 0 1 2 NA
11667 OAI007.SG 0 0 2 2 NA
11668 POH001.SG 0 0 1 2 0
11669 POH002.SG 0 0 2 2 2
11670 POH006.SG 0 0 1 2 NA
11671 SED003.SG 0 0 1 2 NA
11672 SED005.SG 0 0 1 2 NA
11673 SED008.SG 0 0 2 2 0
11674 SED009.SG 0 0 1 2 NA
11675 SED010.SG 0 0 2 2 NA
11676 SED017.SG 0 0 1 2 NA
11677 Saami.SG 0 0 1 2 2
11678 HG00124.SG 0 0 2 2 0
11679 I0103.SG 0 0 2 2 2
11680 I0104.SG 0 0 1 2 2
11681 I0164.SG 0 0 2 2 0
11682 Stuttgart.DG 0 0 2 2 2
11683 Stuttgart.SG 0 0 2 2 2
11684 I0054.SG 0 0 2 2 NA
11685 I0172.SG 0 0 1 2 2
11686 NA20871.SG 0 0 1 2 0
11687 NA20893.SG 0 0 2 2 2
11688 NA20898.SG 0 0 1 2 2
11689 Gorilla.REF 0 0 2 2 2
11690 I9006.AG 0 0 2 2 2
11691 I9010.AG 0 0 2 2 2
11692 I9041.AG 0 0 1 2 2
11693 I9033.AG 0 0 2 2 2
11694 I9123.AG 0 0 2 2 NA
11695 I9005.AG 0 0 2 2 2
11696 I0071.SG 0 0 2 2 2
11697 I9127.AG 0 0 2 2 NA
11698 I9128.AG 0 0 2 2 NA
11699 I9129.AG 0 0 2 2 2
11700 I9130.AG 0 0 1 2 NA
11701 I9131.AG 0 0 2 2 NA
11702 I18498.AG 0 0 2 2 NA
11703 I18501.AG 0 0 1 2 NA
11704 I18503.AG 0 0 2 2 NA
11705 I18462.AG 0 0 2 2 NA
11706 I18443.AG 0 0 2 2 NA
11707 I18496.AG 0 0 2 2 NA
11708 I18446_d.AG 0 0 2 2 NA
11709 I18504.AG 0 0 2 2 NA
11710 Hazaras1.SG 0 0 0 2 2
11711 Hazaras2.SG 0 0 0 2 2
11712 Hazaras3.SG 0 0 0 2 2
11713 Href.REF 0 0 0 2 2
11714 HU103.SG 0 0 2 2 2
11715 KOV-A2.SG 0 0 1 2 NA
11716 FOV-A1.SG 0 0 1 2 0
11717 TSK-A26.SG 0 0 1 2 NA
11718 DAV-A8.SG 0 0 2 2 0
11719 DKS-A1.SG 0 0 1 2 NA
11720 FSS-A1.SG 0 0 2 2 0
11721 GRS-A1.SG 0 0 1 2 NA
11722 GTE-A1.SG 0 0 1 2 0
11723 HSJ-A1.SG 0 0 1 2 0
11724 KNS-A1.SG 0 0 1 2 NA
11725 MKR-A1.SG 0 0 1 2 NA
11726 NNM-A1.SG 0 0 1 2 NA
11727 NTR-A2.SG 0 0 2 2 NA
11728 ORE-A1.SG 0 0 1 2 2
11729 SBT-A1.SG 0 0 1 2 0
11730 SSG-A2.SG 0 0 1 2 0
11731 SSG-A3.SG 0 0 1 2 NA
11732 SSG-A4.SG 0 0 2 2 0
11733 SSJ-A2.SG 0 0 1 2 NA
11734 STT-A2.SG 0 0 1 2 0
11735 SVK-A1.SG 0 0 1 2 0
11736 TGS-A1.SG 0 0 1 2 NA
11737 VDP-A5.SG 0 0 2 2 2
11738 VDP-A6.SG 0 0 1 2 0
11739 VDP-A7.SG 0 0 1 2 NA
11740 YGS-B2.SG 0 0 2 2 NA
11741 DAV-A9.SG 0 0 1 2 NA
11742 A_French-4.DG 0 0 1 2 2
11743 A_Han-4.DG 0 0 1 2 2
11744 A_Ju_hoan_North-5.DG 0 0 1 2 2
11745 Karitiana-4.DG 0 0 1 2 2
11746 A_Mbuti-5.DG 0 0 1 2 2
11747 A_Papuan-16.DG 0 0 1 2 2
11748 A_Sardinian-4.DG 0 0 1 2 1
11749 A_Yoruba-4.DG 0 0 1 2 2
11750 IL-01.SG 0 0 1 2 2
11751 IL-04.SG 0 0 1 2 2
11752 IL-07.SG 0 0 1 2 2
11753 IL-08.SG 0 0 1 2 2
11754 IL-09.SG 0 0 1 2 2
11755 IL-10.SG 0 0 1 2 2
11756 IL-11.SG 0 0 1 2 2
11757 IL-12.SG 0 0 1 2 2
11758 IL-15.SG 0 0 1 2 2
11759 IL-16.SG 0 0 1 2 2
11760 I6113_d.AG 0 0 2 2 NA
11761 Manny.SG 0 0 2 2 2
11762 I2158.AG 0 0 2 2 NA
11763 RIP001.SG 0 0 1 2 NA
11764 HG03715.SG 0 0 1 2 2
11765 JAR-27.SG 0 0 1 2 2
11766 JAR-32.SG 0 0 1 2 2
11767 JAR-54.SG 0 0 1 2 2
11768 JAR-61.SG 0 0 1 2 2
11769 Kalmyks1.SG 0 0 0 2 NA
11770 Kalmyks2.SG 0 0 0 2 NA
11771 Karakalpaks1.SG 0 0 0 2 2
11772 Karakalpaks2.SG 0 0 0 2 2
11773 Karakalpaks3.SG 0 0 0 2 2
11774 BI16.SG 0 0 1 2 2
11775 Kazakhs2.SG 0 0 0 2 2
11776 Kazakhs3.SG 0 0 0 2 2
11777 Kazkahs1.SG 0 0 0 2 2
11778 HG02024.SG 0 0 2 2 2
11779 HG02046.SG 0 0 2 2 2
11780 Kor1.SG 0 0 2 2 2
11781 Kor2.SG 0 0 1 2 2
11782 Kyrgyz1.SG 0 0 0 2 2
11783 Kyrgyz2.SG 0 0 0 2 2
11784 Loschbour.DG 0 0 1 2 2
11785 NA19311.SG 0 0 1 2 NA
11786 NA19313.SG 0 0 2 2 2
11787 Mandenka-4.DG 0 0 1 2 2
11788 Mari.SG 0 0 1 2 2
11789 HGDP00877.SG 0 0 1 2 2
11790 BAM001.AG 0 0 2 2 2
11791 NA19675.SG 0 0 2 2 0
11792 NA19660.SG 0 0 2 2 2
11793 NA19685.SG 0 0 1 2 2
11794 ONG-1.SG 0 0 1 2 2
11795 ONG-12.SG 0 0 1 2 2
11796 ONG-14.SG 0 0 1 2 2
11797 ONG-4.SG 0 0 1 2 2
11798 ONG-8.SG 0 0 1 2 2
11799 ONG-9.SG 0 0 1 2 2
11800 HG01983.SG 0 0 2 2 2
11801 UC12_12.SG 0 0 0 2 NA
11802 UC12_20.SG 0 0 0 2 2
11803 UC12_25_alt.SG 0 0 0 2 2
11804 UC8_8168.SG 0 0 0 2 NA
11805 UC8_8173.SG 0 0 0 2 NA
11806 Cuncaicha15-04.AG 0 0 1 2 2
11807 PRBB-2.SG 0 0 1 2 2
11808 HG00733.SG 0 0 2 2 2
11809 RAI-11.SG 0 0 1 2 2
11810 RAI-12.SG 0 0 1 2 2
11811 RAI-13.SG 0 0 1 2 2
11812 RAI-15.SG 0 0 1 2 2
11813 RAI-2.SG 0 0 1 2 2
11814 RAI-3.SG 0 0 1 2 2
11815 RAI-4.SG 0 0 1 2 2
11816 RAI-5.SG 0 0 1 2 2
11817 RAI-8.SG 0 0 1 2 2
11818 RAI-9.SG 0 0 1 2 2
11819 RIA-12.SG 0 0 1 2 2
11820 RIA-14.SG 0 0 1 2 2
11821 RIA-19.SG 0 0 1 2 2
11822 RIA-20.SG 0 0 1 2 2
11823 RIA-23.SG 0 0 1 2 2
11824 RIA-24.SG 0 0 1 2 2
11825 RIA-41.SG 0 0 1 2 2
11826 RIA-42.SG 0 0 1 2 2
11827 RIA-45.SG 0 0 1 2 2
11828 RIA-63.SG 0 0 1 2 2
11829 yak030.SG 0 0 0 2 NA
11830 MK3001.AG 0 0 1 2 2
11831 OSS002.AG 0 0 1 2 NA
11832 MK5012.AG 0 0 1 2 NA
11833 I0432.SG 0 0 1 2 NA
11834 I0440.SG 0 0 1 2 2
11835 MK5005.AG 0 0 2 2 2
11836 Ust_Ishim.DG 0 0 1 2 2
11837 I0410.SG 0 0 1 2 2
11838 I0412.SG 0 0 1 2 2
11839 I0408.SG 0 0 2 2 2
11840 HG03948.SG 0 0 2 2 2
11841 Tajiks2.SG 0 0 0 2 2
11842 Tadjik.SG 0 0 1 2 2
11843 Tajiks1.SG 0 0 0 2 2
11844 Tajiks3.SG 0 0 0 2 NA
11845 IrtyshBarabinskTatars1.SG 0 0 0 2 NA
11846 IrtyshBarabinskTatars2.SG 0 0 0 2 NA
11847 TomskTatars1.SG 0 0 0 2 NA
11848 TomskTatars2.SG 0 0 0 2 NA
11849 VolgaTatars1.SG 0 0 0 2 2
11850 VolgaTatars2.SG 0 0 0 2 NA
11851 Teleuts1.SG 0 0 0 2 NA
11852 Teleuts2.SG 0 0 0 2 NA
11853 NA20526.SG 0 0 2 2 2
11854 Tsimshian.SG 0 0 1 2 2
11855 Ash133.SG 0 0 2 2 NA
11856 Ash129.SG 0 0 2 2 NA
11857 Ash128.SG 0 0 2 2 NA
11858 Turkmens1.SG 0 0 0 2 2
11859 Turkmens2.SG 0 0 0 2 0
11860 BR1-1.SG 0 0 1 2 2
11861 BR1-10.SG 0 0 1 2 2
11862 BR1-12.SG 0 0 1 2 2
11863 BR1-13.SG 0 0 1 2 2
11864 BR1-16.SG 0 0 1 2 2
11865 BR1-18.SG 0 0 1 2 2
11866 BR1-3.SG 0 0 1 2 2
11867 BR1-4.SG 0 0 1 2 2
11868 BR1-5.SG 0 0 1 2 2
11869 BR1-6.SG 0 0 1 2 0
11870 Uyghurs1.SG 0 0 0 2 2
11871 Uyghurs2.SG 0 0 0 2 2
11872 Uyghurs3.SG 0 0 0 2 2
11873 Uzbeks1.SG 0 0 0 2 NA
11874 Uzbeks2.SG 0 0 0 2 2
11875 Uzbeks3.SG 0 0 0 2 0
11876 Vindija.DG 0 0 2 2 2
11877 VV1-01.SG 0 0 1 2 2
11878 VV1-03.SG 0 0 1 2 2
11879 VV1-04.SG 0 0 1 2 2
11880 VV1-05.SG 0 0 1 2 2
11881 VV1-06.SG 0 0 1 2 2
11882 VV1-07.SG 0 0 1 2 2
11883 VV1-14.SG 0 0 1 2 2
11884 VV1-16.SG 0 0 1 2 2
11885 VV1-20.SG 0 0 1 2 2
11886 NA19240.SG 0 0 2 2 NA
11887 Y2040.SG 0 0 1 2 2
11888 GUP001.AG 0 0 2 2 NA
11889 JAG34.SG 0 0 1 2 2
11890 JAG58.SG 0 0 1 2 NA
11891 JAG78.SG 0 0 1 2 2
11892 JAG82.SG 0 0 1 2 2
11893 JAG85.SG 0 0 2 2 2
11894 JAG93.SG 0 0 2 2 NA
11895 POP02.SG 0 0 2 2 2
11896 POP04.SG 0 0 1 2 NA
11897 POP05.SG 0 0 2 2 2
11898 POP06.SG 0 0 2 2 2
11899 I4167.SG 0 0 1 2 NA
11900 POP08.SG 0 0 2 2 2
11901 POP09.SG 0 0 2 2 2
11902 POP12.SG 0 0 2 2 NA
11903 POP13.SG 0 0 2 2 NA
11904 I4168.SG 0 0 2 2 2
11905 POP16.SG 0 0 2 2 2
11906 POP19.SG 0 0 2 2 2
11907 POP23.SG 0 0 1 2 2
11908 POP24.SG 0 0 1 2 2
11909 POP27.SG 0 0 2 2 2
11910 POP33.SG 0 0 1 2 2
11911 POP36.SG 0 0 1 2 2
11912 POP39.SG 0 0 2 2 NA
11913 AND001.AG.SG 0 0 1 2 NA
11914 AND004.AG.SG 0 0 2 2 NA
11915 DAJ001.AG.SG 0 0 1 2 2
11916 GDI002.AG.SG 0 0 2 2 2
11917 GDI008.AG.SG 0 0 1 2 NA
11918 NAG007.AG.SG 0 0 1 2 NA
11919 NAG012.AG.SG 0 0 1 2 2
11920 NAG016.AG.SG 0 0 2 2 NA
11921 NAG019.AG.SG 0 0 2 2 2
11922 NAG035.AG.SG 0 0 1 2 2
11923 NAG036.AG.SG 0 0 1 2 0
11924 NAG037.AG.SG 0 0 1 2 NA
11925 NAG038.AG.SG 0 0 2 2 2
11926 NAG039.AG.SG 0 0 1 2 2
11927 TYD006.AG.SG 0 0 1 2 NA
11928 TYD007.AG.SG 0 0 1 2 NA
11929 TYJ001.AG.SG 0 0 2 2 NA
11930 YAK002.AG.SG 0 0 1 2 NA
11931 T21_new.SG 0 0 0 2 NA
11932 F4_I.SG 0 0 0 2 NA
11933 T46.SG 0 0 0 2 NA
11934 F9_new.SG 0 0 2 2 NA
11935 Ess7.SG 0 0 1 2 2
11936 Herx.SG 0 0 2 2 2
11937 AKT16.SG 0 0 2 2 2
11938 Asp6.SG 0 0 1 2 2
11939 LEPE52.SG 0 0 1 2 2
11940 Nea3.SG 0 0 2 2 2
11941 STAR1.SG 0 0 2 2 2
11942 Klein7.SG 0 0 2 2 2
11943 LEPE48.SG 0 0 1 2 2
11944 Bar25.SG 0 0 1 2 2
11945 Dil16_new.SG 0 0 1 2 2
11946 VC3-2.SG 0 0 2 2 2
11947 I5772.SG 0 0 2 2 2
11948 VLASA7.SG 0 0 2 2 2
11949 CE003.SG 0 0 2 2 2
11950 I12774.SG 0 0 1 2 NA
11951 KD001.SG 0 0 1 2 NA
11952 KD003.SG 0 0 2 2 NA
11953 KD004.SG 0 0 1 2 NA
11954 KD005.SG 0 0 2 2 2
11955 KD006.SG 0 0 1 2 2
11956 KD026.SG 0 0 1 2 NA
11957 KD040.SG 0 0 1 2 NA
11958 KD041.SG 0 0 1 2 NA
11959 KD042.SG 0 0 2 2 NA
11960 KD043.SG 0 0 1 2 NA
11961 KD044.SG 0 0 2 2 NA
11962 KD045.SG 0 0 1 2 NA
11963 KD046.SG 0 0 1 2 NA
11964 KD047.SG 0 0 1 2 2
11965 KD048.SG 0 0 0 2 NA
11966 KD049.SG 0 0 1 2 NA
11967 KD050_65.SG 0 0 2 2 NA
11968 KD051.SG 0 0 0 2 NA
11969 KD052.SG 0 0 2 2 NA
11970 KD055.SG 0 0 2 2 2
11971 KD057.SG 0 0 1 2 NA
11972 KD058.SG 0 0 2 2 NA
11973 KD059.SG 0 0 1 2 NA
11974 KD060.SG 0 0 1 2 NA
11975 KD061.SG 0 0 1 2 NA
11976 KD062.SG 0 0 2 2 NA
11977 KD063.SG 0 0 2 2 NA
11978 KD064.SG 0 0 1 2 2
11979 KD066.SG 0 0 2 2 NA
11980 KD067.SG 0 0 2 2 NA
11981 KD070.SG 0 0 1 2 NA
11982 KD071.SG 0 0 2 2 NA
11983 KD072.SG 0 0 2 2 NA
11984 KD073.SG 0 0 0 2 NA
11985 VERT107.SG 0 0 1 2 2
11986 VERT028.SG 0 0 1 2 2
11987 VERT029.SG 0 0 1 2 2
11988 VERT031.SG 0 0 1 2 NA
11989 VERT033.SG 0 0 1 2 NA
11990 NA18597.DG 0 0 2 2 2
11991 NA18599.DG 0 0 2 2 2
11992 Chagyrskaya8.DG 0 0 2 2 2
11993 wes003.SG 0 0 2 2 NA
11994 wes004.SG 0 0 1 2 0
11995 snb017.SG 0 0 1 2 NA
11996 snb018.SG 0 0 2 2 NA
11997 kro004.SG 0 0 1 2 2
11998 kro006.SG 0 0 1 2 NA
11999 wes005.SG 0 0 1 2 2
12000 wes007.SG 0 0 1 2 0
12001 gam872.SG 0 0 1 2 2
12002 kro010.SG 0 0 1 2 NA
12003 kro011.SG 0 0 1 2 NA
12004 kvi001.SG 0 0 2 2 NA
12005 lau001.SG 0 0 2 2 2
12006 vls696.SG 0 0 2 2 0
12007 wes001.SG 0 0 2 2 2
12008 ven001_viking.SG 0 0 1 2 NA
12009 als010.SG 0 0 2 2 2
12010 als015.SG 0 0 1 2 NA
12011 frc007.SG 0 0 2 2 0
12012 ful001.SG 0 0 1 2 NA
12013 kro001.SG 0 0 1 2 NA
12014 kro002.SG 0 0 1 2 NA
12015 kro012.SG 0 0 1 2 NA
12016 kro013.SG 0 0 1 2 2
12017 gor164.SG 0 0 1 2 2
12018 gor358.SG 0 0 2 2 NA
12019 rtp001.SG 0 0 1 2 NA
12020 rtp003.SG 0 0 2 2 0
12021 lov001.SG 0 0 2 2 2
12022 kro008_viking.SG 0 0 1 2 0
12023 kro009_viking.SG 0 0 1 2 0
12024 snb010.SG 0 0 1 2 2
12025 snb012.SG 0 0 1 2 2
12026 bro100.SG 0 0 1 2 NA
12027 hav001.SG 0 0 2 2 0
12028 snb019.SG 0 0 1 2 0
12029 stg018.SG 0 0 2 2 2
12030 enb508.SG 0 0 2 2 2
12031 snb013.SG 0 0 1 2 NA
12032 snb014.SG 0 0 1 2 2
12033 kro014.SG 0 0 1 2 NA
12034 kro015.SG 0 0 1 2 NA
12035 wes008.SG 0 0 1 2 NA
12036 wes056.SG 0 0 2 2 0
12037 hvr009.SG 0 0 2 2 2
12038 als001.SG 0 0 1 2 2
12039 als007.SG 0 0 1 2 NA
12040 sal002.SG 0 0 2 2 2
12041 kro008.SG 0 0 1 2 2
12042 kro009.SG 0 0 1 2 2
12043 XAN003-007.AG 0 0 1 2 2
12044 11R.SG 0 0 1 2 NA
12045 2417J.SG 0 0 2 2 2
12046 2417Q.SG 0 0 1 2 2
12047 333B.SG 0 0 2 2 2
12048 E19CdV.SG 0 0 2 2 NA
12049 E2.SG 0 0 2 2 NA
12050 E4CdV.SG 0 0 1 2 NA
12051 E4.SG 0 0 2 2 NA
12052 E7CdV.SG 0 0 2 2 NA
12053 E8CdV.SG 0 0 1 2 NA
12054 F9.SG 0 0 1 2 NA
12055 MOM6.SG 0 0 1 2 NA
12056 CSP054.AG 0 0 1 2 2
12057 CSP057.AG 0 0 1 2 NA
12058 C050.AG 0 0 1 2 2
12059 C051.AG 0 0 2 2 2
12060 CSP048.AG 0 0 1 2 2
12061 C4776.AG 0 0 1 2 2
12062 CSP046.AG 0 0 1 2 2
12063 CSP047.AG 0 0 2 2 2
12064 IAM.6.SG 0 0 2 2 NA
12065 ktg001.SG 0 0 1 2 NA
12066 ktg004.SG 0 0 1 2 2
12067 ktg005.SG 0 0 2 2 2
12068 ktg006.SG 0 0 1 2 2
12069 oub002.SG 0 0 2 2 2
12070 skh001.SG 0 0 2 2 2
12071 skh002.SG 0 0 1 2 NA
12072 skh003.SG 0 0 1 2 NA
12073 I0627.AG 0 0 2 2 NA
12074 I3321.AG 0 0 1 2 2
12075 I38447.TW 0 0 2 2 NA
12076 I38448.TW 0 0 1 2 2
12077 I2651.AG.TW 0 0 2 2 2
12078 I34660.TW 0 0 2 2 2
12079 I1450.AG 0 0 1 2 2
12080 I3036.AG 0 0 1 2 2
12081 I12171.AG 0 0 2 2 2
12082 I1852.AG.TW 0 0 2 2 2
12083 I3758.AG 0 0 2 2 2
12084 I3016.AG 0 0 1 2 2
12085 I19398_d.AG 0 0 1 2 NA
12086 I1368.TW 0 0 2 2 NA
12087 I2483.TW 0 0 1 2 2
12088 Latvia_HG3.AG 0 0 1 2 2
12089 Latvia_HG3.TW 0 0 1 2 2
12090 HG01516.DG 0 0 2 2 0
12091 HG01518.DG 0 0 1 2 0
12092 NA18548.DG 0 0 1 2 2
12093 NA18549.DG 0 0 1 2 2
12094 HG00513.DG 0 0 2 2 2
12095 HG00524.DG 0 0 1 2 2
12096 NA19726.DG 0 0 1 2 2
12097 NA19728.DG 0 0 2 2 2
12098 HG02375.DG 0 0 1 2 2
12099 HG02379.DG 0 0 1 2 2
12100 HG01880.DG 0 0 2 2 0
12101 HG01882.DG 0 0 1 2 2
12102 HG00096.DG 0 0 1 2 0
12103 HG00097.DG 0 0 2 2 0
12104 HG00654.DG 0 0 2 2 2
12105 HG00656.DG 0 0 1 2 2
12106 HG01861.DG 0 0 1 2 2
12107 HG01862.DG 0 0 2 2 2
12108 HG02408.DG 0 0 1 2 2
12109 HG02409.DG 0 0 1 2 2
12110 HG02601.DG 0 0 2 2 2
12111 HG02603.DG 0 0 1 2 1
12112 NA12716.DG 0 0 1 2 1
12113 NA12717.DG 0 0 2 2 0
12114 HG02783.DG 0 0 1 2 1
12115 HG02784.DG 0 0 2 2 2
12116 NA19038.DG 0 0 2 2 2
12117 NA19041.DG 0 0 1 2 2
12118 NA06994.DG 0 0 1 2 1
12119 NA07000.DG 0 0 2 2 0
12120 NA19042.DG 0 0 2 2 2
12121 NA19043.DG 0 0 1 2 2
12122 HG04161.DG 0 0 1 2 2
12123 HG04162.DG 0 0 2 2 2
12124 NA19309.DG 0 0 1 2 2
12125 NA19310.DG 0 0 2 2 2
12126 NA20813.DG 0 0 2 2 1
12127 NA20814.DG 0 0 1 2 2
12128 HG00110.DG 0 0 2 2 1
12129 HG00111.DG 0 0 2 2 0
12130 NA19436.DG 0 0 2 2 2
12131 NA19437.DG 0 0 2 2 2
12132 HG00365.DG 0 0 2 2 1
12133 HG00366.DG 0 0 1 2 0
12134 NA19149.DG 0 0 2 2 2
12135 NA19152.DG 0 0 2 2 2
12136 NA11831.DG 0 0 1 2 0
12137 NA11832.DG 0 0 2 2 0
12138 HG02879.DG 0 0 2 2 2
12139 HG02881.DG 0 0 1 2 2
12140 HG02807.DG 0 0 1 2 2
12141 HG02808.DG 0 0 2 2 2
12142 NA20755.DG 0 0 1 2 2
12143 NA20756.DG 0 0 2 2 2
12144 HG03419.DG 0 0 2 2 2
12145 HG03428.DG 0 0 2 2 2
12146 NA20281.DG 0 0 1 2 2
12147 NA20282.DG 0 0 2 2 2
12148 HG03866.DG 0 0 1 2 2
12149 HG03867.DG 0 0 1 2 2
12150 NA18745.DG 0 0 1 2 2
12151 NA18747.DG 0 0 1 2 2
12152 NA19026.DG 0 0 1 2 2
12153 NA19027.DG 0 0 1 2 2
12154 HG03919.DG 0 0 2 2 1
12155 HG03920.DG 0 0 1 2 2
12156 NA20510.DG 0 0 1 2 2
12157 NA20511.DG 0 0 1 2 1
12158 HG04188.DG 0 0 1 2 2
12159 HG04189.DG 0 0 2 2 2
12160 HG00421.DG 0 0 1 2 2
12161 HG00422.DG 0 0 2 2 2
12162 NA20853.DG 0 0 2 2 2
12163 NA20854.DG 0 0 2 2 2
12164 NA19070.DG 0 0 1 2 2
12165 NA19072.DG 0 0 1 2 2
12166 HG03691.DG 0 0 1 2 1
12167 HG03692.DG 0 0 2 2 2
12168 HG01456.DG 0 0 2 2 1
12169 HG01459.DG 0 0 2 2 2
12170 HG03789.DG 0 0 2 2 2
12171 HG03790.DG 0 0 1 2 2
12172 HG01389.DG 0 0 1 2 0
12173 HG01390.DG 0 0 2 2 2
12174 HG01845.DG 0 0 2 2 2
12175 HG01846.DG 0 0 1 2 2
12176 HG00345.DG 0 0 1 2 2
12177 HG00346.DG 0 0 2 2 1
12178 NA06984.DG 0 0 1 2 1
12179 NA06985.DG 0 0 2 2 1
12180 HG03565.DG 0 0 1 2 2
12181 HG03567.DG 0 0 2 2 2
12182 NA18856.DG 0 0 1 2 2
12183 NA18858.DG 0 0 2 2 2
12184 HG00180.DG 0 0 2 2 1
12185 HG00181.DG 0 0 1 2 1
12186 HG02652.DG 0 0 2 2 0
12187 HG02654.DG 0 0 1 2 1
12188 HG01631.DG 0 0 1 2 1
12189 HG01632.DG 0 0 2 2 2
12190 NA18923.DG 0 0 1 2 2
12191 NA18924.DG 0 0 2 2 2
12192 NA19143.DG 0 0 2 2 2
12193 NA19144.DG 0 0 1 2 2
12194 NA20872.DG 0 0 2 2 2
12195 NA20874.DG 0 0 2 2 2
12196 NA19761.DG 0 0 2 2 2
12197 NA19762.DG 0 0 1 2 1
12198 HG01510.DG 0 0 2 2 2
12199 HG01512.DG 0 0 1 2 2
12200 HG02982.DG 0 0 1 2 2
12201 HG02983.DG 0 0 2 2 2
12202 HG01256.DG 0 0 1 2 1
12203 HG01257.DG 0 0 2 2 1
12204 HG02122.DG 0 0 1 2 2
12205 HG02127.DG 0 0 2 2 2
12206 HG01896.DG 0 0 2 2 2
12207 HG01912.DG 0 0 1 2 2
12208 NA20512.DG 0 0 1 2 2
12209 NA20513.DG 0 0 1 2 1
12210 NA20296.DG 0 0 2 2 2
12211 NA20298.DG 0 0 1 2 2
12212 NA18608.DG 0 0 1 2 2
12213 NA18609.DG 0 0 1 2 2
12214 NA12348.DG 0 0 2 2 0
12215 NA12383.DG 0 0 2 2 1
12216 NA18622.DG 0 0 1 2 2
12217 NA18623.DG 0 0 1 2 2
12218 HG01325.DG 0 0 1 2 2
12219 HG01326.DG 0 0 2 2 2
12220 HG01935.DG 0 0 1 2 2
12221 HG01936.DG 0 0 2 2 2
12222 NA20827.DG 0 0 1 2 2
12223 NA20828.DG 0 0 2 2 2
12224 HG03837.DG 0 0 1 2 2
12225 HG03838.DG 0 0 2 2 2
12226 HG01973.DG 0 0 2 2 1
12227 HG01974.DG 0 0 1 2 2
12228 NA19732.DG 0 0 1 2 2
12229 NA19734.DG 0 0 2 2 2
12230 NA20773.DG 0 0 2 2 2
12231 NA20774.DG 0 0 2 2 2
12232 HG01961.DG 0 0 1 2 2
12233 HG01965.DG 0 0 2 2 2
12234 HG02052.DG 0 0 2 2 2
12235 HG02053.DG 0 0 1 2 2
12236 NA19704.DG 0 0 2 2 2
12237 NA19707.DG 0 0 2 2 2
12238 NA19324.DG 0 0 2 2 2
12239 NA19327.DG 0 0 2 2 2
12240 NA11933.DG 0 0 2 2 0
12241 NA11992.DG 0 0 1 2 1
12242 NA12340.DG 0 0 1 2 1
12243 NA12341.DG 0 0 2 2 0
12244 HG03989.DG 0 0 2 2 2
12245 HG03990.DG 0 0 1 2 2
12246 NA21092.DG 0 0 1 2 2
12247 NA21093.DG 0 0 1 2 1
12248 HG01847.DG 0 0 2 2 2
12249 HG01848.DG 0 0 2 2 2
12250 HG01668.DG 0 0 2 2 0
12251 HG01669.DG 0 0 1 2 1
12252 NA19235.DG 0 0 2 2 2
12253 NA19236.DG 0 0 1 2 2
12254 HG01783.DG 0 0 1 2 1
12255 HG01784.DG 0 0 2 2 1
12256 NA20862.DG 0 0 2 2 1
12257 NA20863.DG 0 0 1 2 2
12258 HG03199.DG 0 0 1 2 2
12259 HG03202.DG 0 0 1 2 2
12260 HG01183.DG 0 0 2 2 1
12261 HG01187.DG 0 0 1 2 2
12262 NA21097.DG 0 0 2 2 2
12263 NA21098.DG 0 0 1 2 2
12264 HG02658.DG 0 0 2 2 1
12265 HG02660.DG 0 0 1 2 1
12266 HG01342.DG 0 0 2 2 2
12267 HG01344.DG 0 0 1 2 2
12268 HG00625.DG 0 0 1 2 2
12269 HG00626.DG 0 0 2 2 2
12270 HG04017.DG 0 0 1 2 2
12271 HG04018.DG 0 0 2 2 2
12272 HG00151.DG 0 0 1 2 0
12273 HG00154.DG 0 0 2 2 0
12274 HG00244.DG 0 0 1 2 0
12275 HG00245.DG 0 0 2 2 1
12276 HG01353.DG 0 0 1 2 2
12277 HG01354.DG 0 0 2 2 2
12278 NA18989.DG 0 0 1 2 2
12279 NA18990.DG 0 0 1 2 2
12280 HG03720.DG 0 0 1 2 2
12281 HG03722.DG 0 0 2 2 2
12282 NA11881.DG 0 0 1 2 0
12283 NA11892.DG 0 0 2 2 0
12284 NA19321.DG 0 0 2 2 2
12285 NA19323.DG 0 0 2 2 2
12286 HG00274.DG 0 0 2 2 0
12287 HG00275.DG 0 0 2 2 1
12288 HG01967.DG 0 0 1 2 2
12289 HG01968.DG 0 0 2 2 2
12290 HG00580.DG 0 0 1 2 2
12291 HG00581.DG 0 0 2 2 2
12292 HG01498.DG 0 0 2 2 1
12293 HG01500.DG 0 0 1 2 1
12294 HG02116.DG 0 0 1 2 2
12295 HG02121.DG 0 0 2 2 2
12296 HG00663.DG 0 0 2 2 2
12297 HG00671.DG 0 0 1 2 2
12298 HG02537.DG 0 0 2 2 1
12299 HG02541.DG 0 0 1 2 2
12300 NA19783.DG 0 0 1 2 2
12301 NA19785.DG 0 0 2 2 2
12302 HG01272.DG 0 0 2 2 2
12303 HG01275.DG 0 0 2 2 0
12304 HG00101.DG 0 0 1 2 2
12305 HG00102.DG 0 0 2 2 0
12306 HG00589.DG 0 0 1 2 2
12307 HG00590.DG 0 0 2 2 2
12308 NA19473.DG 0 0 2 2 2
12309 NA19474.DG 0 0 2 2 2
12310 HG02490.DG 0 0 1 2 2
12311 HG02491.DG 0 0 2 2 2
12312 NA21101.DG 0 0 2 2 2
12313 NA21102.DG 0 0 2 2 1
12314 HG03711.DG 0 0 1 2 2
12315 HG03713.DG 0 0 1 2 2
12316 HG01468.DG 0 0 2 2 1
12317 HG01474.DG 0 0 2 2 0
12318 HG01779.DG 0 0 2 2 2
12319 HG01781.DG 0 0 1 2 0
12320 HG01953.DG 0 0 1 2 2
12321 HG01954.DG 0 0 2 2 2
12322 NA18956.DG 0 0 2 2 2
12323 NA18957.DG 0 0 2 2 2
12324 NA21130.DG 0 0 1 2 2
12325 NA21133.DG 0 0 1 2 2
12326 HG01054.DG 0 0 1 2 1
12327 HG01055.DG 0 0 2 2 2
12328 HG02676.DG 0 0 2 2 2
12329 HG02678.DG 0 0 1 2 2
12330 HG04062.DG 0 0 2 2 2
12331 HG04063.DG 0 0 2 2 2
12332 NA18995.DG 0 0 1 2 2
12333 NA18997.DG 0 0 2 2 2
12334 NA19456.DG 0 0 2 2 2
12335 NA19457.DG 0 0 2 2 2
12336 HG02016.DG 0 0 2 2 2
12337 HG02017.DG 0 0 1 2 2
12338 HG00176.DG 0 0 2 2 1
12339 HG00177.DG 0 0 2 2 1
12340 HG03058.DG 0 0 2 2 2
12341 HG03060.DG 0 0 1 2 2
12342 NA19428.DG 0 0 1 2 2
12343 NA19429.DG 0 0 1 2 2
12344 NA19197.DG 0 0 2 2 2
12345 NA19198.DG 0 0 1 2 2
12346 HG00263.DG 0 0 2 2 1
12347 HG00264.DG 0 0 1 2 0
12348 NA18977.DG 0 0 1 2 2
12349 NA18978.DG 0 0 2 2 2
12350 NA19080.DG 0 0 2 2 2
12351 NA19081.DG 0 0 2 2 2
12352 HG01810.DG 0 0 1 2 2
12353 HG01811.DG 0 0 1 2 2
12354 HG00310.DG 0 0 1 2 0
12355 HG00311.DG 0 0 1 2 1
12356 HG02688.DG 0 0 2 2 2
12357 HG02690.DG 0 0 1 2 1
12358 HG04003.DG 0 0 1 2 1
12359 HG04006.DG 0 0 1 2 1
12360 HG03916.DG 0 0 2 2 2
12361 HG03917.DG 0 0 1 2 2
12362 NA19678.DG 0 0 2 2 1
12363 NA19679.DG 0 0 1 2 1
12364 HG00982.DG 0 0 1 2 2
12365 HG01028.DG 0 0 1 2 2
12366 HG01746.DG 0 0 2 2 2
12367 HG01747.DG 0 0 1 2 0
12368 NA19380.DG 0 0 1 2 2
12369 NA19383.DG 0 0 1 2 2
12370 HG00595.DG 0 0 1 2 2
12371 HG00596.DG 0 0 2 2 2
12372 HG01177.DG 0 0 2 2 2
12373 HG01182.DG 0 0 1 2 1
12374 HG02549.DG 0 0 2 2 2
12375 HG02554.DG 0 0 1 2 2
12376 HG00114.DG 0 0 1 2 1
12377 HG00115.DG 0 0 1 2 1
12378 HG03745.DG 0 0 1 2 2
12379 HG03746.DG 0 0 1 2 1
12380 NA20767.DG 0 0 1 2 2
12381 NA20768.DG 0 0 2 2 2
12382 NA19777.DG 0 0 1 2 0
12383 NA19779.DG 0 0 2 2 2
12384 HG01914.DG 0 0 1 2 2
12385 HG01915.DG 0 0 2 2 2
12386 HG01350.DG 0 0 1 2 2
12387 HG01351.DG 0 0 2 2 1
12388 HG04076.DG 0 0 2 2 2
12389 HG04080.DG 0 0 1 2 2
12390 HG01682.DG 0 0 1 2 0
12391 HG01684.DG 0 0 2 2 1
12392 NA19774.DG 0 0 1 2 1
12393 NA19776.DG 0 0 2 2 2
12394 HG01804.DG 0 0 2 2 2
12395 HG01805.DG 0 0 2 2 2
12396 HG00253.DG 0 0 2 2 0
12397 HG00254.DG 0 0 2 2 0
12398 HG01269.DG 0 0 2 2 2
12399 HG01271.DG 0 0 1 2 0
12400 HG01865.DG 0 0 1 2 2
12401 HG01866.DG 0 0 1 2 2
12402 NA18567.DG 0 0 2 2 2
12403 NA18570.DG 0 0 2 2 2
12404 HG04238.DG 0 0 1 2 2
12405 HG04239.DG 0 0 1 2 2
12406 HG00607.DG 0 0 1 2 2
12407 HG00608.DG 0 0 2 2 2
12408 HG00334.DG 0 0 2 2 2
12409 HG00335.DG 0 0 1 2 0
12410 NA18861.DG 0 0 2 2 2
12411 NA18864.DG 0 0 2 2 2
12412 NA18519.DG 0 0 1 2 2
12413 NA18520.DG 0 0 2 2 2
12414 HG02691.DG 0 0 2 2 1
12415 HG02694.DG 0 0 2 2 1
12416 HG02266.DG 0 0 2 2 2
12417 HG02271.DG 0 0 1 2 2
12418 HG00313.DG 0 0 2 2 0
12419 HG00315.DG 0 0 2 2 2
12420 HG00375.DG 0 0 1 2 1
12421 HG00376.DG 0 0 2 2 1
12422 NA19319.DG 0 0 1 2 2
12423 NA19320.DG 0 0 2 2 2
12424 HG03809.DG 0 0 1 2 2
12425 HG03812.DG 0 0 1 2 2
12426 HG02219.DG 0 0 1 2 2
12427 HG02220.DG 0 0 2 2 2
12428 HG01345.DG 0 0 2 2 1
12429 HG01348.DG 0 0 2 2 2
12430 NA19210.DG 0 0 1 2 2
12431 NA19213.DG 0 0 1 2 2
12432 NA11918.DG 0 0 2 2 0
12433 NA11919.DG 0 0 1 2 0
12434 HG01704.DG 0 0 2 2 1
12435 HG01705.DG 0 0 1 2 1
12436 HG03697.DG 0 0 1 2 2
12437 HG03698.DG 0 0 2 2 2
12438 NA21099.DG 0 0 1 2 1
12439 NA21100.DG 0 0 1 2 2
12440 HG03941.DG 0 0 1 2 2
12441 HG03943.DG 0 0 1 2 2
12442 NA18510.DG 0 0 1 2 2
12443 NA18511.DG 0 0 2 2 2
12444 NA19024.DG 0 0 2 2 2
12445 NA19025.DG 0 0 1 2 2
12446 NA20888.DG 0 0 2 2 2
12447 NA20889.DG 0 0 1 2 2
12448 HG03342.DG 0 0 2 2 2
12449 HG03343.DG 0 0 1 2 2
12450 NA20522.DG 0 0 2 2 1
12451 NA20524.DG 0 0 1 2 2
12452 NA18644.DG 0 0 2 2 2
12453 NA18645.DG 0 0 1 2 2
12454 HG03575.DG 0 0 2 2 2
12455 HG03577.DG 0 0 1 2 2
12456 HG02511.DG 0 0 2 2 2
12457 HG02512.DG 0 0 1 2 2
12458 NA20543.DG 0 0 1 2 2
12459 NA20544.DG 0 0 1 2 2
12460 NA18610.DG 0 0 2 2 2
12461 NA18611.DG 0 0 1 2 2
12462 HG02778.DG 0 0 2 2 2
12463 HG02780.DG 0 0 1 2 1
12464 HG04225.DG 0 0 1 2 2
12465 HG04227.DG 0 0 2 2 2
12466 HG01619.DG 0 0 1 2 1
12467 HG01620.DG 0 0 2 2 2
12468 HG02318.DG 0 0 2 2 2
12469 HG02322.DG 0 0 2 2 2
12470 HG00099.DG 0 0 2 2 0
12471 HG00100.DG 0 0 2 2 1
12472 HG03868.DG 0 0 2 2 2
12473 HG03869.DG 0 0 1 2 2
12474 HG01849.DG 0 0 1 2 2
12475 HG01850.DG 0 0 2 2 2
12476 NA19028.DG 0 0 1 2 2
12477 NA19030.DG 0 0 2 2 2
12478 NA18488.DG 0 0 2 2 2
12479 NA18489.DG 0 0 2 2 2
12480 NA19720.DG 0 0 1 2 2
12481 NA19722.DG 0 0 2 2 2
12482 HG03228.DG 0 0 1 2 2
12483 HG03229.DG 0 0 2 2 2
12484 NA20508.DG 0 0 2 2 1
12485 NA20509.DG 0 0 1 2 1
12486 HG00246.DG 0 0 1 2 1
12487 HG00250.DG 0 0 2 2 0
12488 HG02308.DG 0 0 2 2 2
12489 HG02309.DG 0 0 2 2 2
12490 HG01795.DG 0 0 2 2 2
12491 HG01796.DG 0 0 2 2 2
12492 NA20357.DG 0 0 2 2 2
12493 NA20359.DG 0 0 2 2 1
12494 HG01412.DG 0 0 1 2 1
12495 HG01413.DG 0 0 1 2 2
12496 HG02278.DG 0 0 2 2 2
12497 HG02281.DG 0 0 1 2 2
12498 HG03557.DG 0 0 2 2 2
12499 HG03558.DG 0 0 2 2 2
12500 HG02979.DG 0 0 2 2 2
12501 HG02981.DG 0 0 1 2 2
12502 HG00149.DG 0 0 1 2 1
12503 HG00150.DG 0 0 2 2 1
12504 HG03470.DG 0 0 2 2 2
12505 HG03472.DG 0 0 1 2 2
12506 NA19403.DG 0 0 2 2 2
12507 NA19404.DG 0 0 2 2 2
12508 HG03974.DG 0 0 1 2 1
12509 HG03976.DG 0 0 1 2 2
12510 NA20877.DG 0 0 2 2 2
12511 NA20878.DG 0 0 2 2 2
12512 HG03449.DG 0 0 2 2 2
12513 HG03451.DG 0 0 1 2 2
12514 HG03743.DG 0 0 1 2 2
12515 HG03744.DG 0 0 1 2 2
12516 HG00146.DG 0 0 2 2 0
12517 HG00148.DG 0 0 1 2 1
12518 HG03668.DG 0 0 2 2 1
12519 HG03672.DG 0 0 1 2 2
12520 HG03388.DG 0 0 1 2 2
12521 HG03391.DG 0 0 1 2 2
12522 NA18561.DG 0 0 1 2 2
12523 NA18562.DG 0 0 1 2 2
12524 HG02010.DG 0 0 2 2 1
12525 HG02012.DG 0 0 2 2 2
12526 NA20528.DG 0 0 1 2 2
12527 NA20529.DG 0 0 2 2 2
12528 NA18632.DG 0 0 1 2 2
12529 NA18633.DG 0 0 1 2 2
12530 NA19701.DG 0 0 2 2 2
12531 NA19703.DG 0 0 1 2 2
12532 HG01926.DG 0 0 1 2 2
12533 HG01927.DG 0 0 2 2 2
12534 HG03604.DG 0 0 2 2 2
12535 HG03607.DG 0 0 2 2 2
12536 HG02180.DG 0 0 2 2 2
12537 HG02181.DG 0 0 2 2 2
12538 HG00613.DG 0 0 1 2 2
12539 HG00614.DG 0 0 2 2 2
12540 NA20763.DG 0 0 1 2 2
12541 NA20764.DG 0 0 2 2 2
12542 NA18605.DG 0 0 1 2 2
12543 NA18606.DG 0 0 1 2 2
12544 NA19384.DG 0 0 1 2 2
12545 NA19385.DG 0 0 1 2 2
12546 HG00410.DG 0 0 2 2 2
12547 HG00419.DG 0 0 2 2 2
12548 NA19454.DG 0 0 1 2 2
12549 NA19455.DG 0 0 1 2 2
12550 HG03767.DG 0 0 1 2 2
12551 HG03770.DG 0 0 2 2 1
12552 HG03268.DG 0 0 1 2 2
12553 HG03270.DG 0 0 2 2 2
12554 HG03578.DG 0 0 2 2 2
12555 HG03583.DG 0 0 2 2 2
12556 HG03686.DG 0 0 1 2 2
12557 HG03687.DG 0 0 1 2 2
12558 NA19200.DG 0 0 1 2 2
12559 NA19201.DG 0 0 2 2 2
12560 NA20589.DG 0 0 2 2 2
12561 NA20752.DG 0 0 1 2 1
12562 HG02152.DG 0 0 2 2 2
12563 HG02153.DG 0 0 2 2 2
12564 HG02040.DG 0 0 1 2 2
12565 HG02047.DG 0 0 1 2 2
12566 HG02111.DG 0 0 2 2 2
12567 HG02113.DG 0 0 2 2 2
12568 HG00349.DG 0 0 2 2 1
12569 HG00350.DG 0 0 2 2 1
12570 HG01976.DG 0 0 2 2 2
12571 HG01977.DG 0 0 1 2 2
12572 NA19909.DG 0 0 2 2 2
12573 NA19913.DG 0 0 2 2 2
12574 HG00452.DG 0 0 2 2 2
12575 HG00457.DG 0 0 1 2 2
12576 NA20587.DG 0 0 2 2 2
12577 NA20588.DG 0 0 1 2 1
12578 HG03484.DG 0 0 1 2 2
12579 HG03485.DG 0 0 2 2 2
12580 NA21088.DG 0 0 2 2 1
12581 NA21089.DG 0 0 2 2 2
12582 NA20317.DG 0 0 2 2 0
12583 NA20318.DG 0 0 1 2 1
12584 HG00336.DG 0 0 1 2 2
12585 HG00337.DG 0 0 2 2 1
12586 HG02851.DG 0 0 1 2 2
12587 HG02852.DG 0 0 2 2 2
12588 HG03258.DG 0 0 1 2 2
12589 HG03259.DG 0 0 2 2 2
12590 HG02577.DG 0 0 2 2 1
12591 HG02580.DG 0 0 2 2 2
12592 HG02165.DG 0 0 2 2 2
12593 HG02166.DG 0 0 2 2 2
12594 HG01673.DG 0 0 2 2 0
12595 HG01675.DG 0 0 1 2 2
12596 HG03300.DG 0 0 2 2 2
12597 HG03301.DG 0 0 1 2 2
12598 HG02146.DG 0 0 1 2 2
12599 HG02147.DG 0 0 2 2 2
12600 HG02888.DG 0 0 2 2 2
12601 HG02890.DG 0 0 1 2 2
12602 HG01259.DG 0 0 1 2 0
12603 HG01260.DG 0 0 2 2 2
12604 HG01073.DG 0 0 2 2 2
12605 HG01075.DG 0 0 1 2 1
12606 HG03870.DG 0 0 1 2 2
12607 HG03871.DG 0 0 1 2 1
12608 HG03559.DG 0 0 1 2 2
12609 HG03563.DG 0 0 2 2 2
12610 NA18537.DG 0 0 2 2 2
12611 NA18538.DG 0 0 2 2 2
12612 HG03085.DG 0 0 2 2 2
12613 HG03086.DG 0 0 2 2 2
12614 NA19315.DG 0 0 2 2 2
12615 NA19316.DG 0 0 2 2 2
12616 NA19664.DG 0 0 1 2 2
12617 NA19669.DG 0 0 2 2 1
12618 NA19108.DG 0 0 2 2 2
12619 NA19113.DG 0 0 1 2 2
12620 NA18501.DG 0 0 1 2 2
12621 NA18502.DG 0 0 2 2 2
12622 NA20506.DG 0 0 2 2 2
12623 NA20507.DG 0 0 2 2 2
12624 HG03910.DG 0 0 2 2 2
12625 HG03911.DG 0 0 1 2 2
12626 HG01501.DG 0 0 2 2 2
12627 HG01503.DG 0 0 1 2 1
12628 HG03944.DG 0 0 2 2 2
12629 HG03945.DG 0 0 2 2 1
12630 HG01857.DG 0 0 2 2 2
12631 HG01858.DG 0 0 2 2 2
12632 HG00476.DG 0 0 2 2 2
12633 HG00478.DG 0 0 1 2 2
12634 HG04022.DG 0 0 1 2 2
12635 HG04023.DG 0 0 1 2 2
12636 NA19347.DG 0 0 1 2 2
12637 NA19350.DG 0 0 1 2 2
12638 HG00437.DG 0 0 2 2 2
12639 HG00442.DG 0 0 1 2 2
12640 HG00118.DG 0 0 2 2 0
12641 HG00119.DG 0 0 1 2 0
12642 NA19393.DG 0 0 1 2 2
12643 NA19394.DG 0 0 1 2 2
12644 HG01859.DG 0 0 2 2 2
12645 HG01860.DG 0 0 1 2 2
12646 HG01131.DG 0 0 2 2 2
12647 HG01133.DG 0 0 1 2 2
12648 HG03953.DG 0 0 1 2 2
12649 HG03955.DG 0 0 2 2 2
12650 NA20769.DG 0 0 2 2 2
12651 NA20770.DG 0 0 1 2 2
12652 HG03653.DG 0 0 2 2 1
12653 HG03660.DG 0 0 1 2 1
12654 HG01785.DG 0 0 1 2 1
12655 HG01786.DG 0 0 2 2 2
12656 HG01119.DG 0 0 2 2 2
12657 HG01121.DG 0 0 1 2 1
12658 HG01080.DG 0 0 2 2 2
12659 HG01082.DG 0 0 1 2 2
12660 HG00137.DG 0 0 2 2 0
12661 HG00138.DG 0 0 1 2 1
12662 HG01089.DG 0 0 2 2 2
12663 HG01092.DG 0 0 2 2 1
12664 HG02594.DG 0 0 1 2 2
12665 HG02595.DG 0 0 2 2 2
12666 HG02284.DG 0 0 1 2 2
12667 HG02285.DG 0 0 1 2 2
12668 HG01707.DG 0 0 2 2 0
12669 HG01708.DG 0 0 1 2 0
12670 NA20807.DG 0 0 2 2 2
12671 NA20808.DG 0 0 2 2 2
12672 NA18916.DG 0 0 2 2 2
12673 NA18917.DG 0 0 1 2 2
12674 HG02054.DG 0 0 2 2 2
12675 HG02057.DG 0 0 2 2 2
12676 NA19090.DG 0 0 2 2 2
12677 NA19091.DG 0 0 1 2 2
12678 NA06986.DG 0 0 1 2 1
12679 NA06989.DG 0 0 2 2 0
12680 HG01377.DG 0 0 1 2 0
12681 HG01378.DG 0 0 2 2 2
12682 HG00272.DG 0 0 2 2 1
12683 HG00273.DG 0 0 1 2 2
12684 HG01789.DG 0 0 1 2 0
12685 HG01790.DG 0 0 2 2 2
12686 HG04131.DG 0 0 1 2 1
12687 HG04134.DG 0 0 1 2 2
12688 HG02570.DG 0 0 1 2 2
12689 HG02571.DG 0 0 2 2 2
12690 NA20803.DG 0 0 1 2 2
12691 NA20804.DG 0 0 2 2 2
12692 NA20355.DG 0 0 2 2 1
12693 NA20356.DG 0 0 1 2 2
12694 NA19138.DG 0 0 1 2 2
12695 NA19141.DG 0 0 1 2 2
12696 NA20832.DG 0 0 2 2 2
12697 NA20845.DG 0 0 1 2 1
12698 NA19461.DG 0 0 1 2 2
12699 NA19462.DG 0 0 2 2 2
12700 NA12489.DG 0 0 2 2 1
12701 NA12546.DG 0 0 1 2 1
12702 NA19440.DG 0 0 2 2 2
12703 NA19443.DG 0 0 1 2 2
12704 HG00235.DG 0 0 2 2 1
12705 HG00236.DG 0 0 2 2 0
12706 HG00143.DG 0 0 1 2 1
12707 HG00145.DG 0 0 1 2 1
12708 HG02493.DG 0 0 1 2 1
12709 HG02494.DG 0 0 2 2 1
12710 HG02224.DG 0 0 1 2 1
12711 HG02230.DG 0 0 2 2 1
12712 HG01625.DG 0 0 1 2 1
12713 HG01626.DG 0 0 2 2 1
12714 NA18542.DG 0 0 2 2 2
12715 NA18543.DG 0 0 1 2 2
12716 HG03753.DG 0 0 1 2 2
12717 HG03754.DG 0 0 2 2 2
12718 HG03926.DG 0 0 1 2 2
12719 HG03928.DG 0 0 2 2 2
12720 HG02760.DG 0 0 2 2 2
12721 HG02763.DG 0 0 2 2 2
12722 HG02131.DG 0 0 1 2 2
12723 HG02133.DG 0 0 2 2 2
12724 NA21124.DG 0 0 1 2 2
12725 NA21125.DG 0 0 2 2 0
12726 HG03439.DG 0 0 1 2 2
12727 HG03442.DG 0 0 1 2 2
12728 HG00284.DG 0 0 1 2 1
12729 HG00285.DG 0 0 2 2 0
12730 HG01392.DG 0 0 1 2 2
12731 HG01393.DG 0 0 2 2 2
12732 NA20520.DG 0 0 1 2 2
12733 NA20521.DG 0 0 1 2 1
12734 HG02073.DG 0 0 1 2 2
12735 HG02075.DG 0 0 2 2 2
12736 HG00108.DG 0 0 1 2 1
12737 HG00109.DG 0 0 1 2 0
12738 HG03124.DG 0 0 1 2 2
12739 HG03126.DG 0 0 2 2 2
12740 HG00160.DG 0 0 1 2 1
12741 HG00171.DG 0 0 2 2 0
12742 HG00189.DG 0 0 1 2 1
12743 HG00190.DG 0 0 1 2 2
12744 NA18634.DG 0 0 2 2 2
12745 NA18635.DG 0 0 1 2 2
12746 NA19060.DG 0 0 1 2 2
12747 NA19062.DG 0 0 1 2 2
12748 HG01986.DG 0 0 1 2 2
12749 HG01988.DG 0 0 1 2 1
12750 NA19917.DG 0 0 2 2 2
12751 NA19920.DG 0 0 1 2 2
12752 HG02187.DG 0 0 2 2 2
12753 HG02188.DG 0 0 2 2 2
12754 HG00559.DG 0 0 1 2 2
12755 HG00560.DG 0 0 2 2 2
12756 HG00367.DG 0 0 2 2 1
12757 HG00368.DG 0 0 2 2 1
12758 HG02032.DG 0 0 1 2 2
12759 HG02035.DG 0 0 1 2 2
12760 NA19758.DG 0 0 2 2 2
12761 NA19759.DG 0 0 1 2 1
12762 HG00360.DG 0 0 1 2 0
12763 HG00361.DG 0 0 2 2 0
12764 HG01812.DG 0 0 2 2 2
12765 HG01813.DG 0 0 2 2 2
12766 HG02699.DG 0 0 1 2 1
12767 HG02700.DG 0 0 2 2 1
12768 HG03640.DG 0 0 2 2 2
12769 HG03642.DG 0 0 2 2 2
12770 NA18592.DG 0 0 2 2 2
12771 NA18593.DG 0 0 2 2 2
12772 HG03874.DG 0 0 2 2 2
12773 HG03875.DG 0 0 1 2 2
12774 HG02702.DG 0 0 1 2 2
12775 HG02703.DG 0 0 2 2 2
12776 NA18507.DG 0 0 1 2 2
12777 NA18508.DG 0 0 2 2 2
12778 HG00320.DG 0 0 2 2 1
12779 HG00321.DG 0 0 1 2 0
12780 NA21141.DG 0 0 2 2 2
12781 NA21142.DG 0 0 2 2 2
12782 HG03673.DG 0 0 2 2 2
12783 HG03679.DG 0 0 1 2 2
12784 HG04202.DG 0 0 2 2 2
12785 HG04206.DG 0 0 1 2 2
12786 NA18981.DG 0 0 2 2 2
12787 NA18982.DG 0 0 1 2 2
12788 NA19789.DG 0 0 1 2 2
12789 NA19792.DG 0 0 1 2 1
12790 HG02734.DG 0 0 2 2 2
12791 HG02736.DG 0 0 1 2 1
12792 HG02696.DG 0 0 1 2 1
12793 HG02697.DG 0 0 2 2 2
12794 HG02394.DG 0 0 1 2 2
12795 HG02395.DG 0 0 1 2 2
12796 HG00736.DG 0 0 1 2 1
12797 HG00737.DG 0 0 2 2 1
12798 HG03663.DG 0 0 1 2 1
12799 HG03667.DG 0 0 1 2 1
12800 NA18646.DG 0 0 2 2 2
12801 NA18647.DG 0 0 1 2 2
12802 HG02312.DG 0 0 2 2 2
12803 HG02314.DG 0 0 1 2 2
12804 HG03055.DG 0 0 2 2 2
12805 HG03057.DG 0 0 1 2 2
12806 HG02282.DG 0 0 2 2 2
12807 HG02283.DG 0 0 1 2 2
12808 HG02496.DG 0 0 1 2 2
12809 HG02497.DG 0 0 2 2 2
12810 HG00382.DG 0 0 1 2 2
12811 HG00383.DG 0 0 2 2 1
12812 NA21109.DG 0 0 1 2 1
12813 NA21110.DG 0 0 2 2 2
12814 NA19471.DG 0 0 2 2 2
12815 NA19472.DG 0 0 2 2 2
12816 HG01623.DG 0 0 2 2 1
12817 HG01624.DG 0 0 1 2 1
12818 NA18993.DG 0 0 2 2 2
12819 NA18994.DG 0 0 1 2 2
12820 NA18909.DG 0 0 2 2 2
12821 NA18910.DG 0 0 1 2 2
12822 HG02737.DG 0 0 2 2 0
12823 HG02756.DG 0 0 1 2 2
12824 NA12749.DG 0 0 2 2 0
12825 NA12750.DG 0 0 1 2 1
12826 NA12005.DG 0 0 1 2 0
12827 NA12006.DG 0 0 2 2 1
12828 NA19098.DG 0 0 1 2 2
12829 NA19099.DG 0 0 2 2 2
12830 HG03163.DG 0 0 1 2 2
12831 HG03166.DG 0 0 1 2 2
12832 HG00281.DG 0 0 2 2 2
12833 HG00282.DG 0 0 2 2 0
12834 HG02597.DG 0 0 1 2 1
12835 HG02600.DG 0 0 1 2 2
12836 NA12873.DG 0 0 2 2 1
12837 NA12874.DG 0 0 1 2 1
12838 NA20811.DG 0 0 1 2 2
12839 NA20812.DG 0 0 1 2 2
12840 HG01148.DG 0 0 1 2 2
12841 HG01149.DG 0 0 2 2 2
12842 NA20864.DG 0 0 1 2 1
12843 NA20866.DG 0 0 1 2 2
12844 HG01250.DG 0 0 1 2 2
12845 HG01251.DG 0 0 2 2 1
12846 HG02410.DG 0 0 1 2 2
12847 HG02419.DG 0 0 2 2 2
12848 HG03802.DG 0 0 2 2 2
12849 HG03803.DG 0 0 1 2 2
12850 HG02585.DG 0 0 1 2 2
12851 HG02586.DG 0 0 2 2 2
12852 HG03850.DG 0 0 1 2 2
12853 HG03851.DG 0 0 1 2 2
12854 HG03693.DG 0 0 1 2 2
12855 HG03694.DG 0 0 1 2 2
12856 HG00699.DG 0 0 2 2 2
12857 HG00701.DG 0 0 1 2 2
12858 HG03077.DG 0 0 1 2 2
12859 HG03078.DG 0 0 1 2 2
12860 NA18945.DG 0 0 1 2 2
12861 NA18946.DG 0 0 2 2 2
12862 HG02143.DG 0 0 1 2 2
12863 HG02144.DG 0 0 2 2 2
12864 NA18640.DG 0 0 2 2 2
12865 NA18641.DG 0 0 2 2 2
12866 HG00690.DG 0 0 2 2 2
12867 HG00692.DG 0 0 1 2 2
12868 NA20890.DG 0 0 1 2 2
12869 NA20891.DG 0 0 1 2 1
12870 HG02076.DG 0 0 1 2 2
12871 HG02078.DG 0 0 2 2 2
12872 HG03136.DG 0 0 1 2 2
12873 HG03139.DG 0 0 1 2 2
12874 NA19670.DG 0 0 1 2 2
12875 NA19676.DG 0 0 1 2 1
12876 HG04152.DG 0 0 1 2 2
12877 HG04153.DG 0 0 2 2 2
12878 HG00598.DG 0 0 1 2 2
12879 HG00599.DG 0 0 2 2 2
12880 NA18969.DG 0 0 2 2 2
12881 NA18970.DG 0 0 1 2 2
12882 NA20339.DG 0 0 2 2 2
12883 NA20340.DG 0 0 1 2 2
12884 HG02792.DG 0 0 1 2 0
12885 HG02793.DG 0 0 2 2 2
12886 HG02588.DG 0 0 1 2 2
12887 HG02589.DG 0 0 2 2 2
12888 HG02420.DG 0 0 1 2 1
12889 HG02425.DG 0 0 2 2 2
12890 NA20759.DG 0 0 1 2 2
12891 NA20760.DG 0 0 2 2 2
12892 HG02941.DG 0 0 1 2 2
12893 HG02943.DG 0 0 2 2 2
12894 HG03897.DG 0 0 2 2 2
12895 HG03898.DG 0 0 2 2 2
12896 HG03069.DG 0 0 1 2 2
12897 HG03072.DG 0 0 1 2 2
12898 HG03303.DG 0 0 2 2 2
12899 HG03304.DG 0 0 1 2 2
12900 HG00464.DG 0 0 2 2 2
12901 HG00472.DG 0 0 1 2 2
12902 HG01756.DG 0 0 1 2 0
12903 HG01757.DG 0 0 2 2 2
12904 NA18985.DG 0 0 1 2 2
12905 NA18986.DG 0 0 1 2 2
12906 HG00537.DG 0 0 2 2 2
12907 HG00542.DG 0 0 1 2 2
12908 HG00864.DG 0 0 2 2 2
12909 HG00867.DG 0 0 2 2 2
12910 HG01058.DG 0 0 2 2 2
12911 HG01060.DG 0 0 1 2 1
12912 HG00276.DG 0 0 2 2 1
12913 HG00277.DG 0 0 1 2 0
12914 HG02396.DG 0 0 1 2 2
12915 HG02397.DG 0 0 1 2 2
12916 HG01168.DG 0 0 2 2 2
12917 HG01170.DG 0 0 1 2 2
12918 HG00351.DG 0 0 1 2 0
12919 HG00353.DG 0 0 2 2 0
12920 HG03372.DG 0 0 2 2 2
12921 HG03376.DG 0 0 1 2 2
12922 HG00380.DG 0 0 2 2 1
12923 HG00381.DG 0 0 2 2 1
12924 NA12342.DG 0 0 1 2 1
12925 NA12347.DG 0 0 1 2 0
12926 HG03885.DG 0 0 1 2 2
12927 HG03886.DG 0 0 2 2 2
12928 HG02339.DG 0 0 2 2 2
12929 HG02343.DG 0 0 1 2 2
12930 HG02150.DG 0 0 1 2 2
12931 HG02151.DG 0 0 2 2 2
12932 HG04019.DG 0 0 1 2 2
12933 HG04020.DG 0 0 1 2 2
12934 NA19794.DG 0 0 2 2 2
12935 NA19795.DG 0 0 1 2 1
12936 HG02304.DG 0 0 1 2 2
12937 HG02307.DG 0 0 1 2 2
12938 NA20797.DG 0 0 2 2 2
12939 NA20798.DG 0 0 1 2 2
12940 HG01883.DG 0 0 2 2 2
12941 HG01885.DG 0 0 1 2 1
12942 HG03378.DG 0 0 2 2 2
12943 HG03380.DG 0 0 2 2 2
12944 HG03015.DG 0 0 1 2 2
12945 HG03016.DG 0 0 2 2 2
12946 HG01583.DG 0 0 1 2 1
12947 HG01586.DG 0 0 1 2 2
12948 NA18879.DG 0 0 1 2 2
12949 NA18881.DG 0 0 2 2 2
12950 HG02156.DG 0 0 2 2 2
12951 HG02164.DG 0 0 2 2 2
12952 HG01241.DG 0 0 1 2 2
12953 HG01242.DG 0 0 2 2 2
12954 HG02555.DG 0 0 2 2 2
12955 HG02557.DG 0 0 1 2 2
12956 HG01617.DG 0 0 1 2 1
12957 HG01618.DG 0 0 2 2 0
12958 HG04140.DG 0 0 1 2 2
12959 HG04141.DG 0 0 2 2 2
12960 HG01893.DG 0 0 2 2 1
12961 HG01894.DG 0 0 2 2 2
12962 HG04056.DG 0 0 1 2 2
12963 HG04059.DG 0 0 2 2 2
12964 HG03082.DG 0 0 2 2 2
12965 HG03084.DG 0 0 1 2 2
12966 HG02190.DG 0 0 2 2 2
12967 HG02215.DG 0 0 2 2 0
12968 NA12778.DG 0 0 2 2 0
12969 NA12812.DG 0 0 1 2 0
12970 HG03224.DG 0 0 1 2 2
12971 HG03225.DG 0 0 1 2 2
12972 HG03039.DG 0 0 1 2 2
12973 HG03040.DG 0 0 2 2 2
12974 NA19256.DG 0 0 1 2 2
12975 NA19257.DG 0 0 2 2 2
12976 HG02351.DG 0 0 1 2 2
12977 HG02353.DG 0 0 1 2 2
12978 NA20884.DG 0 0 1 2 1
12979 NA20885.DG 0 0 1 2 2
12980 HG01029.DG 0 0 2 2 2
12981 HG01031.DG 0 0 1 2 2
12982 NA12154.DG 0 0 1 2 1
12983 NA12155.DG 0 0 1 2 0
12984 HG02048.DG 0 0 2 2 2
12985 HG02049.DG 0 0 2 2 2
12986 HG03750.DG 0 0 1 2 2
12987 HG03752.DG 0 0 2 2 2
12988 NA20904.DG 0 0 1 2 2
12989 NA20905.DG 0 0 1 2 1
12990 NA19074.DG 0 0 2 2 2
12991 NA19075.DG 0 0 1 2 2
12992 HG03491.DG 0 0 2 2 2
12993 HG03499.DG 0 0 2 2 2
12994 HG01365.DG 0 0 1 2 2
12995 HG01366.DG 0 0 2 2 1
12996 HG02221.DG 0 0 1 2 2
12997 HG02223.DG 0 0 2 2 1
12998 NA19056.DG 0 0 1 2 2
12999 NA19057.DG 0 0 2 2 2
13000 HG03394.DG 0 0 1 2 2
13001 HG03397.DG 0 0 1 2 2
13002 NA20902.DG 0 0 2 2 2
13003 NA20903.DG 0 0 1 2 2
13004 NA19317.DG 0 0 1 2 2
13005 NA19318.DG 0 0 1 2 2
13006 HG01312.DG 0 0 2 2 2
13007 HG01323.DG 0 0 2 2 1
13008 HG01086.DG 0 0 2 2 1
13009 HG01088.DG 0 0 1 2 2
13010 NA20348.DG 0 0 1 2 2
13011 NA20351.DG 0 0 1 2 2
13012 HG00120.DG 0 0 2 2 0
13013 HG00121.DG 0 0 2 2 0
13014 HG03817.DG 0 0 2 2 1
13015 HG03821.DG 0 0 1 2 2
13016 HG02582.DG 0 0 1 2 2
13017 HG02583.DG 0 0 2 2 2
13018 HG02727.DG 0 0 1 2 1
13019 HG02728.DG 0 0 2 2 2
13020 HG03830.DG 0 0 1 2 1
13021 HG03832.DG 0 0 2 2 1
13022 HG03937.DG 0 0 2 2 2
13023 HG03940.DG 0 0 2 2 2
13024 NA18571.DG 0 0 2 2 2
13025 NA18572.DG 0 0 1 2 2
13026 HG01808.DG 0 0 2 2 2
13027 HG01809.DG 0 0 2 2 2
13028 HG01281.DG 0 0 2 2 2
13029 HG01284.DG 0 0 2 2 1
13030 HG00693.DG 0 0 2 2 2
13031 HG00698.DG 0 0 1 2 2
13032 HG04014.DG 0 0 2 2 2
13033 HG04015.DG 0 0 1 2 2
13034 NA12003.DG 0 0 1 2 1
13035 NA12004.DG 0 0 2 2 1
13036 NA12763.DG 0 0 2 2 0
13037 NA12775.DG 0 0 1 2 1
13038 NA12843.DG 0 0 2 2 1
13039 NA12872.DG 0 0 1 2 1
13040 HG03771.DG 0 0 1 2 2
13041 HG03772.DG 0 0 2 2 2
13042 NA18941.DG 0 0 2 2 2
13043 NA18942.DG 0 0 2 2 2
13044 HG02367.DG 0 0 1 2 2
13045 HG02371.DG 0 0 1 2 2
13046 HG02262.DG 0 0 1 2 2
13047 HG02265.DG 0 0 1 2 2
13048 HG03021.DG 0 0 1 2 1
13049 HG03022.DG 0 0 2 2 1
13050 NA18961.DG 0 0 1 2 2
13051 NA18962.DG 0 0 1 2 2
13052 NA20775.DG 0 0 2 2 2
13053 NA20778.DG 0 0 1 2 2
13054 HG00449.DG 0 0 2 2 2
13055 HG00451.DG 0 0 1 2 2
13056 HG02505.DG 0 0 2 2 1
13057 HG02508.DG 0 0 2 2 2
13058 HG03100.DG 0 0 1 2 2
13059 HG03103.DG 0 0 1 2 2
13060 NA18998.DG 0 0 2 2 2
13061 NA18999.DG 0 0 2 2 2
13062 HG01843.DG 0 0 2 2 2
13063 HG01844.DG 0 0 1 2 2
13064 HG02757.DG 0 0 2 2 2
13065 HG02759.DG 0 0 1 2 2
13066 NA19082.DG 0 0 1 2 2
13067 NA19083.DG 0 0 1 2 2
13068 NA12399.DG 0 0 1 2 0
13069 NA12400.DG 0 0 2 2 1
13070 HG04198.DG 0 0 1 2 2
13071 HG04200.DG 0 0 2 2 2
13072 HG01970.DG 0 0 1 2 0
13073 HG01971.DG 0 0 2 2 2
13074 NA19332.DG 0 0 2 2 2
13075 NA19334.DG 0 0 1 2 2
13076 HG00631.DG 0 0 1 2 2
13077 HG00632.DG 0 0 2 2 2
13078 HG03611.DG 0 0 2 2 2
13079 HG03615.DG 0 0 1 2 2
13080 HG00556.DG 0 0 1 2 2
13081 HG00557.DG 0 0 2 2 2
13082 HG02810.DG 0 0 1 2 2
13083 HG02811.DG 0 0 2 2 2
13084 HG02891.DG 0 0 2 2 2
13085 HG02895.DG 0 0 1 2 2
13086 HG01917.DG 0 0 1 2 1
13087 HG01918.DG 0 0 2 2 1
13088 HG03079.DG 0 0 2 2 2
13089 HG03081.DG 0 0 1 2 2
13090 HG00338.DG 0 0 1 2 1
13091 HG00339.DG 0 0 2 2 1
13092 HG02391.DG 0 0 1 2 2
13093 HG02392.DG 0 0 1 2 2
13094 NA18628.DG 0 0 2 2 2
13095 NA18629.DG 0 0 1 2 2
13096 HG03968.DG 0 0 2 2 2
13097 HG03969.DG 0 0 1 2 2
13098 NA19984.DG 0 0 1 2 1
13099 NA20126.DG 0 0 1 2 2
13100 HG00628.DG 0 0 1 2 2
13101 HG00629.DG 0 0 2 2 2
13102 NA19900.DG 0 0 1 2 1
13103 NA19901.DG 0 0 2 2 2
13104 HG01171.DG 0 0 2 2 1
13105 HG01173.DG 0 0 1 2 2
13106 HG04209.DG 0 0 2 2 2
13107 HG04210.DG 0 0 1 2 2
13108 HG01112.DG 0 0 1 2 0
13109 HG01113.DG 0 0 2 2 2
13110 NA19654.DG 0 0 2 2 2
13111 NA19655.DG 0 0 1 2 2
13112 HG02614.DG 0 0 2 2 2
13113 HG02620.DG 0 0 1 2 2
13114 NA19395.DG 0 0 2 2 2
13115 NA19397.DG 0 0 1 2 2
13116 NA18959.DG 0 0 1 2 2
13117 NA18960.DG 0 0 1 2 2
13118 HG02233.DG 0 0 1 2 2
13119 HG02235.DG 0 0 2 2 0
13120 HG01605.DG 0 0 2 2 2
13121 HG01606.DG 0 0 1 2 2
13122 NA20900.DG 0 0 2 2 1
13123 NA20901.DG 0 0 1 2 2
13124 NA19092.DG 0 0 1 2 2
13125 NA19093.DG 0 0 2 2 2
13126 HG01094.DG 0 0 1 2 2
13127 HG01095.DG 0 0 2 2 2
13128 HG03548.DG 0 0 2 2 2
13129 HG03556.DG 0 0 1 2 2
13130 NA20525.DG 0 0 1 2 2
13131 NA20527.DG 0 0 1 2 2
13132 HG01528.DG 0 0 2 2 2
13133 HG01530.DG 0 0 1 2 1
13134 NA18525.DG 0 0 2 2 2
13135 NA18526.DG 0 0 2 2 2
13136 NA18553.DG 0 0 2 2 2
13137 NA18555.DG 0 0 2 2 2
13138 HG02661.DG 0 0 2 2 2
13139 HG02666.DG 0 0 1 2 2
13140 HG00428.DG 0 0 2 2 2
13141 HG00436.DG 0 0 1 2 2
13142 HG03445.DG 0 0 1 2 2
13143 HG03446.DG 0 0 2 2 2
13144 NA12413.DG 0 0 1 2 0
13145 NA12414.DG 0 0 2 2 0
13146 HG01676.DG 0 0 2 2 2
13147 HG01678.DG 0 0 1 2 0
13148 HG03895.DG 0 0 2 2 2
13149 HG03896.DG 0 0 1 2 2
13150 HG04173.DG 0 0 1 2 2
13151 HG04176.DG 0 0 1 2 1
13152 HG01628.DG 0 0 2 2 2
13153 HG01630.DG 0 0 1 2 1
13154 HG01191.DG 0 0 2 2 2
13155 HG01197.DG 0 0 1 2 2
13156 NA20287.DG 0 0 2 2 2
13157 NA20289.DG 0 0 2 2 2
13158 NA20342.DG 0 0 1 2 2
13159 NA20346.DG 0 0 1 2 2
13160 HG01064.DG 0 0 2 2 1
13161 HG01066.DG 0 0 1 2 1
13162 NA19463.DG 0 0 2 2 2
13163 NA19466.DG 0 0 1 2 2
13164 HG00267.DG 0 0 1 2 0
13165 HG00268.DG 0 0 2 2 1
13166 HG02854.DG 0 0 1 2 2
13167 HG02855.DG 0 0 2 2 2
13168 NA19651.DG 0 0 2 2 1
13169 NA19652.DG 0 0 1 2 2
13170 HG03733.DG 0 0 2 2 2
13171 HG03736.DG 0 0 2 2 2
13172 NA18953.DG 0 0 1 2 2
13173 NA18954.DG 0 0 2 2 2
13174 HG02731.DG 0 0 2 2 2
13175 HG02733.DG 0 0 1 2 2
13176 HG02385.DG 0 0 1 2 2
13177 HG02386.DG 0 0 1 2 2
13178 NA20514.DG 0 0 2 2 2
13179 NA20515.DG 0 0 1 2 2
13180 NA18498.DG 0 0 1 2 2
13181 NA18499.DG 0 0 2 2 2
13182 HG01110.DG 0 0 1 2 0
13183 HG01111.DG 0 0 2 2 2
13184 NA18620.DG 0 0 1 2 2
13185 NA18621.DG 0 0 1 2 2
13186 NA19011.DG 0 0 2 2 2
13187 NA19012.DG 0 0 1 2 2
13188 HG02624.DG 0 0 2 2 2
13189 HG02628.DG 0 0 1 2 2
13190 HG03624.DG 0 0 1 2 1
13191 HG03625.DG 0 0 2 2 2
13192 NA19657.DG 0 0 2 2 2
13193 NA19658.DG 0 0 1 2 2
13194 HG03991.DG 0 0 1 2 2
13195 HG03995.DG 0 0 2 2 2
13196 NA18614.DG 0 0 2 2 2
13197 NA18615.DG 0 0 2 2 2
13198 HG02621.DG 0 0 2 2 2
13199 HG02623.DG 0 0 1 2 2
13200 HG01104.DG 0 0 1 2 1
13201 HG01105.DG 0 0 2 2 1
13202 NA20786.DG 0 0 2 2 2
13203 NA20787.DG 0 0 1 2 2
13204 NA19741.DG 0 0 1 2 2
13205 NA19746.DG 0 0 2 2 1
13206 HG00879.DG 0 0 2 2 2
13207 HG00881.DG 0 0 1 2 2
13208 HG01577.DG 0 0 1 2 2
13209 HG01578.DG 0 0 2 2 1
13210 HG02137.DG 0 0 1 2 2
13211 HG02138.DG 0 0 1 2 2
13212 HG00619.DG 0 0 1 2 2
13213 HG00620.DG 0 0 2 2 2
13214 NA19376.DG 0 0 1 2 2
13215 NA19377.DG 0 0 2 2 2
13216 NA18565.DG 0 0 2 2 2
13217 NA18566.DG 0 0 2 2 2
13218 HG02345.DG 0 0 2 2 1
13219 HG02348.DG 0 0 2 2 2
13220 HG01685.DG 0 0 2 2 1
13221 HG01686.DG 0 0 1 2 1
13222 HG00525.DG 0 0 2 2 2
13223 HG00530.DG 0 0 1 2 2
13224 HG03833.DG 0 0 1 2 2
13225 HG03836.DG 0 0 2 2 2
13226 NA20801.DG 0 0 1 2 2
13227 NA20802.DG 0 0 2 2 2
13228 HG03643.DG 0 0 2 2 2
13229 HG03644.DG 0 0 1 2 2
13230 HG02239.DG 0 0 2 2 1
13231 HG02250.DG 0 0 1 2 2
13232 NA19114.DG 0 0 2 2 2
13233 NA19116.DG 0 0 2 2 2
13234 HG00318.DG 0 0 2 2 1
13235 HG00319.DG 0 0 2 2 0
13236 HG04094.DG 0 0 1 2 2
13237 HG04096.DG 0 0 1 2 2
13238 HG02292.DG 0 0 2 2 1
13239 HG02298.DG 0 0 2 2 2
13240 HG02715.DG 0 0 1 2 2
13241 HG02716.DG 0 0 2 2 2
13242 NA21122.DG 0 0 2 2 2
13243 NA21123.DG 0 0 1 2 2
13244 HG01134.DG 0 0 2 2 0
13245 HG01136.DG 0 0 1 2 2
13246 NA12058.DG 0 0 2 2 0
13247 NA12144.DG 0 0 1 2 1
13248 HG03848.DG 0 0 1 2 2
13249 HG03849.DG 0 0 2 2 2
13250 HG00369.DG 0 0 1 2 0
13251 HG00371.DG 0 0 1 2 0
13252 HG01051.DG 0 0 1 2 1
13253 HG01052.DG 0 0 2 2 1
13254 NA18504.DG 0 0 1 2 2
13255 NA18505.DG 0 0 2 2 2
13256 HG03018.DG 0 0 1 2 1
13257 HG03019.DG 0 0 2 2 0
13258 HG03792.DG 0 0 1 2 2
13259 HG03793.DG 0 0 2 2 2
13260 HG02286.DG 0 0 2 2 2
13261 HG02291.DG 0 0 1 2 2
13262 HG01107.DG 0 0 1 2 1
13263 HG01108.DG 0 0 2 2 2
13264 HG03073.DG 0 0 2 2 2
13265 HG03074.DG 0 0 1 2 2
13266 HG02383.DG 0 0 1 2 2
13267 HG02384.DG 0 0 1 2 2
13268 NA19160.DG 0 0 1 2 2
13269 NA19171.DG 0 0 1 2 2
13270 NA19129.DG 0 0 2 2 2
13271 NA19130.DG 0 0 1 2 2
13272 HG02649.DG 0 0 2 2 1
13273 HG02651.DG 0 0 1 2 2
13274 NA19681.DG 0 0 2 2 1
13275 NA19682.DG 0 0 1 2 1
13276 HG04194.DG 0 0 1 2 2
13277 HG04195.DG 0 0 2 2 2
13278 HG02813.DG 0 0 1 2 2
13279 HG02814.DG 0 0 2 2 2
13280 NA21090.DG 0 0 1 2 2
13281 NA21091.DG 0 0 1 2 2
13282 HG00185.DG 0 0 1 2 1
13283 HG00186.DG 0 0 1 2 2
13284 NA12043.DG 0 0 1 2 0
13285 NA12044.DG 0 0 2 2 0
13286 HG01525.DG 0 0 2 2 1
13287 HG01527.DG 0 0 1 2 0
13288 HG02774.DG 0 0 1 2 2
13289 HG02775.DG 0 0 2 2 2
13290 HG00327.DG 0 0 2 2 0
13291 HG00328.DG 0 0 2 2 1
13292 HG00288.DG 0 0 2 2 1
13293 HG00290.DG 0 0 1 2 0
13294 HG00187.DG 0 0 1 2 2
13295 HG00188.DG 0 0 1 2 1
13296 NA18757.DG 0 0 1 2 2
13297 NA18853.DG 0 0 1 2 2
13298 HG01679.DG 0 0 2 2 1
13299 HG01680.DG 0 0 1 2 2
13300 HG00583.DG 0 0 1 2 2
13301 HG00584.DG 0 0 2 2 2
13302 NA19086.DG 0 0 1 2 2
13303 NA19087.DG 0 0 2 2 2
13304 HG03539.DG 0 0 2 2 2
13305 HG03547.DG 0 0 1 2 2
13306 HG01700.DG 0 0 1 2 1
13307 HG01702.DG 0 0 2 2 1
13308 HG00732.DG 0 0 2 2 1
13309 HG00734.DG 0 0 2 2 2
13310 HG02947.DG 0 0 1 2 2
13311 HG02952.DG 0 0 2 2 2
13312 NA18539.DG 0 0 2 2 2
13313 NA18541.DG 0 0 2 2 2
13314 HG03796.DG 0 0 2 2 2
13315 HG03800.DG 0 0 1 2 2
13316 HG01941.DG 0 0 1 2 2
13317 HG01942.DG 0 0 2 2 2
13318 NA19755.DG 0 0 2 2 2
13319 NA19756.DG 0 0 1 2 2
13320 NA11931.DG 0 0 2 2 0
13321 NA11932.DG 0 0 1 2 1
13322 HG03095.DG 0 0 2 2 2
13323 HG03096.DG 0 0 1 2 2
13324 HG00407.DG 0 0 2 2 2
13325 HG00409.DG 0 0 1 2 2
13326 HG01709.DG 0 0 1 2 2
13327 HG01710.DG 0 0 2 2 2
13328 HG00446.DG 0 0 2 2 2
13329 HG00448.DG 0 0 1 2 2
13330 HG01440.DG 0 0 1 2 1
13331 HG01441.DG 0 0 2 2 2
13332 NA20851.DG 0 0 2 2 1
13333 NA20852.DG 0 0 1 2 2
13334 HG01432.DG 0 0 2 2 2
13335 HG01435.DG 0 0 2 2 1
13336 HG03960.DG 0 0 1 2 2
13337 HG03963.DG 0 0 1 2 2
13338 NA18907.DG 0 0 2 2 2
13339 NA18908.DG 0 0 1 2 2
13340 HG01878.DG 0 0 2 2 2
13341 HG01879.DG 0 0 1 2 2
13342 HG03511.DG 0 0 2 2 2
13343 HG03514.DG 0 0 2 2 2
13344 HG03048.DG 0 0 1 2 2
13345 HG03049.DG 0 0 2 2 2
13346 HG00304.DG 0 0 2 2 0
13347 HG00306.DG 0 0 2 2 0
13348 HG03887.DG 0 0 1 2 2
13349 HG03888.DG 0 0 2 2 2
13350 HG00259.DG 0 0 2 2 1
13351 HG00260.DG 0 0 1 2 0
13352 NA18648.DG 0 0 1 2 2
13353 NA18740.DG 0 0 1 2 2
13354 HG03121.DG 0 0 2 2 2
13355 HG03123.DG 0 0 2 2 2
13356 HG03112.DG 0 0 1 2 2
13357 HG03114.DG 0 0 2 2 2
13358 HG01863.DG 0 0 2 2 2
13359 HG01864.DG 0 0 1 2 2
13360 NA18559.DG 0 0 1 2 2
13361 NA18560.DG 0 0 2 2 2
13362 HG03931.DG 0 0 2 2 2
13363 HG03934.DG 0 0 2 2 2
13364 NA19000.DG 0 0 1 2 2
13365 NA19001.DG 0 0 2 2 2
13366 HG00231.DG 0 0 2 2 1
13367 HG00232.DG 0 0 2 2 0
13368 HG03585.DG 0 0 1 2 2
13369 HG03589.DG 0 0 2 2 2
13370 HG03366.DG 0 0 2 2 2
13371 HG03367.DG 0 0 1 2 2
13372 HG03757.DG 0 0 2 2 2
13373 HG03760.DG 0 0 2 2 2
13374 HG01920.DG 0 0 1 2 2
13375 HG01921.DG 0 0 2 2 2
13376 NA20765.DG 0 0 1 2 2
13377 NA20766.DG 0 0 2 2 1
13378 NA20127.DG 0 0 2 2 2
13379 NA20274.DG 0 0 2 2 2
13380 NA20516.DG 0 0 1 2 2
13381 NA20517.DG 0 0 2 2 2
13382 NA19119.DG 0 0 1 2 2
13383 NA19121.DG 0 0 1 2 2
13384 NA18557.DG 0 0 1 2 2
13385 NA18558.DG 0 0 1 2 2
13386 HG01492.DG 0 0 2 2 2
13387 HG01494.DG 0 0 1 2 2
13388 NA12718.DG 0 0 2 2 2
13389 NA12748.DG 0 0 1 2 1
13390 NA19088.DG 0 0 1 2 2
13391 NA19089.DG 0 0 1 2 2
13392 NA18522.DG 0 0 1 2 2
13393 NA18523.DG 0 0 2 2 2
13394 NA18624.DG 0 0 1 2 2
13395 NA18625.DG 0 0 2 2 2
13396 HG01873.DG 0 0 1 2 2
13397 HG01874.DG 0 0 2 2 2
13398 NA18912.DG 0 0 2 2 2
13399 NA18915.DG 0 0 1 2 2
13400 HG03246.DG 0 0 1 2 2
13401 HG03247.DG 0 0 2 2 2
13402 HG01286.DG 0 0 1 2 2
13403 HG01302.DG 0 0 1 2 2
13404 NA12249.DG 0 0 2 2 0
13405 NA12272.DG 0 0 1 2 0
13406 NA20581.DG 0 0 1 2 2
13407 NA20582.DG 0 0 2 2 0
13408 NA20761.DG 0 0 2 2 2
13409 NA20762.DG 0 0 1 2 2
13410 HG04211.DG 0 0 1 2 2
13411 HG04212.DG 0 0 2 2 2
13412 HG02545.DG 0 0 1 2 2
13413 HG02546.DG 0 0 2 2 2
13414 NA18965.DG 0 0 1 2 2
13415 NA18966.DG 0 0 1 2 2
13416 HG01944.DG 0 0 1 2 2
13417 HG01945.DG 0 0 2 2 2
13418 NA19214.DG 0 0 2 2 2
13419 NA19222.DG 0 0 2 2 2
13420 HG02462.DG 0 0 2 2 2
13421 HG02464.DG 0 0 1 2 2
13422 HG01871.DG 0 0 2 2 2
13423 HG01872.DG 0 0 1 2 2
13424 HG03854.DG 0 0 1 2 2
13425 HG03856.DG 0 0 1 2 2
13426 HG02655.DG 0 0 2 2 0
13427 HG02657.DG 0 0 1 2 2
13428 NA19031.DG 0 0 1 2 2
13429 NA19035.DG 0 0 1 2 2
13430 HG03778.DG 0 0 1 2 2
13431 HG03779.DG 0 0 1 2 2
13432 HG00729.DG 0 0 2 2 2
13433 HG00731.DG 0 0 1 2 2
13434 HG00443.DG 0 0 2 2 2
13435 HG00445.DG 0 0 1 2 2
13436 HG02679.DG 0 0 2 2 2
13437 HG02681.DG 0 0 1 2 1
13438 HG02104.DG 0 0 1 2 2
13439 HG02105.DG 0 0 2 2 2
13440 HG02389.DG 0 0 1 2 2
13441 HG02390.DG 0 0 1 2 2
13442 HG02058.DG 0 0 1 2 2
13443 HG02060.DG 0 0 2 2 2
13444 HG02013.DG 0 0 1 2 2
13445 HG02014.DG 0 0 1 2 2
13446 NA19711.DG 0 0 1 2 2
13447 NA19712.DG 0 0 2 2 1
13448 HG03985.DG 0 0 1 2 2
13449 HG03986.DG 0 0 2 2 2
13450 NA19750.DG 0 0 1 2 1
13451 NA19752.DG 0 0 2 2 2
13452 NA19735.DG 0 0 1 2 2
13453 NA19740.DG 0 0 2 2 2
13454 NA20875.DG 0 0 2 2 2
13455 NA20876.DG 0 0 2 2 1
13456 NA18636.DG 0 0 1 2 2
13457 NA18637.DG 0 0 1 2 2
13458 NA20910.DG 0 0 2 2 2
13459 NA20911.DG 0 0 1 2 1
13460 NA21105.DG 0 0 1 2 1
13461 NA21106.DG 0 0 2 2 2
13462 HG03130.DG 0 0 1 2 2
13463 HG03132.DG 0 0 2 2 2
13464 HG00103.DG 0 0 1 2 0
13465 HG00105.DG 0 0 1 2 0
13466 HG03265.DG 0 0 1 2 2
13467 HG03267.DG 0 0 2 2 2
13468 HG04185.DG 0 0 1 2 2
13469 HG04186.DG 0 0 2 2 2
13470 NA20299.DG 0 0 2 2 1
13471 NA20314.DG 0 0 2 2 1
13472 HG03616.DG 0 0 2 2 2
13473 HG03619.DG 0 0 2 2 2
13474 HG03861.DG 0 0 2 2 2
13475 HG03862.DG 0 0 2 2 2
13476 NA19153.DG 0 0 1 2 2
13477 NA19159.DG 0 0 2 2 2
13478 HG01565.DG 0 0 1 2 2
13479 HG01566.DG 0 0 2 2 2
13480 NA18865.DG 0 0 1 2 2
13481 NA18867.DG 0 0 2 2 2
13482 NA18933.DG 0 0 2 2 2
13483 NA18934.DG 0 0 1 2 2
13484 HG03844.DG 0 0 1 2 2
13485 HG03846.DG 0 0 1 2 2
13486 HG03172.DG 0 0 1 2 2
13487 HG03175.DG 0 0 1 2 2
13488 NA19204.DG 0 0 2 2 2
13489 NA19206.DG 0 0 2 2 2
13490 HG03872.DG 0 0 1 2 1
13491 HG03873.DG 0 0 2 2 2
13492 HG00634.DG 0 0 1 2 2
13493 HG00637.DG 0 0 1 2 2
13494 HG00553.DG 0 0 1 2 2
13495 HG00554.DG 0 0 2 2 2
13496 HG03762.DG 0 0 2 2 2
13497 HG03765.DG 0 0 2 2 1
13498 HG03907.DG 0 0 2 2 2
13499 HG03908.DG 0 0 1 2 2
13500 HG00278.DG 0 0 1 2 0
13501 HG00280.DG 0 0 1 2 1
13502 HG01362.DG 0 0 1 2 1
13503 HG01363.DG 0 0 2 2 2
13504 HG03890.DG 0 0 1 2 1
13505 HG03894.DG 0 0 2 2 2
13506 HG01522.DG 0 0 2 2 1
13507 HG01524.DG 0 0 1 2 2
13508 HG03785.DG 0 0 1 2 2
13509 HG03786.DG 0 0 1 2 2
13510 NA19063.DG 0 0 1 2 2
13511 NA19064.DG 0 0 2 2 2
13512 HG00534.DG 0 0 2 2 2
13513 HG00536.DG 0 0 1 2 2
13514 HG00384.DG 0 0 2 2 1
13515 HG00403.DG 0 0 1 2 2
13516 HG02685.DG 0 0 2 2 1
13517 HG02687.DG 0 0 1 2 2
13518 NA20291.DG 0 0 1 2 2
13519 NA20294.DG 0 0 2 2 2
13520 HG00343.DG 0 0 2 2 0
13521 HG00344.DG 0 0 2 2 0
13522 HG00675.DG 0 0 2 2 2
13523 HG00683.DG 0 0 1 2 2
13524 NA18871.DG 0 0 1 2 2
13525 NA18873.DG 0 0 2 2 2
13526 HG03271.DG 0 0 1 2 2
13527 HG03279.DG 0 0 2 2 2
13528 HG03237.DG 0 0 1 2 1
13529 HG03238.DG 0 0 2 2 2
13530 NA18983.DG 0 0 1 2 2
13531 NA18984.DG 0 0 1 2 2
13532 NA19078.DG 0 0 2 2 2
13533 NA19079.DG 0 0 1 2 2
13534 NA18626.DG 0 0 2 2 2
13535 NA18627.DG 0 0 2 2 2
13536 HG01531.DG 0 0 2 2 0
13537 HG01536.DG 0 0 1 2 2
13538 HG03452.DG 0 0 2 2 2
13539 HG03455.DG 0 0 2 2 2
13540 HG02275.DG 0 0 2 2 2
13541 HG02277.DG 0 0 1 2 2
13542 NA20881.DG 0 0 2 2 2
13543 NA20882.DG 0 0 2 2 2
13544 HG02789.DG 0 0 1 2 0
13545 HG02790.DG 0 0 2 2 2
13546 NA19009.DG 0 0 1 2 2
13547 NA19010.DG 0 0 2 2 2
13548 HG03168.DG 0 0 2 2 2
13549 HG03169.DG 0 0 1 2 2
13550 NA18951.DG 0 0 2 2 2
13551 NA18952.DG 0 0 1 2 2
13552 NA21119.DG 0 0 1 2 2
13553 NA21120.DG 0 0 2 2 2
13554 HG04164.DG 0 0 1 2 2
13555 HG04171.DG 0 0 2 2 2
13556 NA19131.DG 0 0 2 2 2
13557 NA19137.DG 0 0 2 2 2
13558 HG02643.DG 0 0 2 2 2
13559 HG02645.DG 0 0 1 2 2
13560 HG01602.DG 0 0 2 2 1
13561 HG01603.DG 0 0 1 2 1
13562 HG03518.DG 0 0 1 2 2
13563 HG03520.DG 0 0 2 2 2
13564 NA19374.DG 0 0 1 2 2
13565 NA19375.DG 0 0 1 2 2
13566 NA20783.DG 0 0 1 2 2
13567 NA20785.DG 0 0 1 2 2
13568 HG00759.DG 0 0 2 2 2
13569 HG00766.DG 0 0 2 2 2
13570 HG02236.DG 0 0 1 2 2
13571 HG02238.DG 0 0 1 2 0
13572 HG01077.DG 0 0 2 2 2
13573 HG01079.DG 0 0 1 2 1
13574 HG01334.DG 0 0 1 2 2
13575 HG01341.DG 0 0 1 2 2
13576 NA19006.DG 0 0 1 2 2
13577 NA19007.DG 0 0 1 2 2
13578 HG03787.DG 0 0 2 2 2
13579 HG03788.DG 0 0 1 2 2
13580 HG03160.DG 0 0 1 2 2
13581 HG03162.DG 0 0 2 2 2
13582 HG02401.DG 0 0 1 2 2
13583 HG02402.DG 0 0 1 2 2
13584 NA19076.DG 0 0 1 2 2
13585 NA19077.DG 0 0 2 2 2
13586 HG01504.DG 0 0 2 2 1
13587 HG01506.DG 0 0 1 2 0
13588 HG03464.DG 0 0 2 2 2
13589 HG03469.DG 0 0 1 2 2
13590 HG01610.DG 0 0 1 2 1
13591 HG01612.DG 0 0 2 2 0
13592 HG01613.DG 0 0 2 2 1
13593 HG01615.DG 0 0 1 2 2
13594 HG03105.DG 0 0 2 2 2
13595 HG03108.DG 0 0 2 2 2
13596 HG01046.DG 0 0 2 2 2
13597 HG01047.DG 0 0 1 2 2
13598 HG02139.DG 0 0 2 2 2
13599 HG02140.DG 0 0 2 2 2
13600 HG03950.DG 0 0 1 2 2
13601 HG03951.DG 0 0 2 2 2
13602 NA07037.DG 0 0 2 2 2
13603 NA07048.DG 0 0 1 2 1
13604 NA19146.DG 0 0 1 2 2
13605 NA19147.DG 0 0 2 2 2
13606 NA19189.DG 0 0 1 2 2
13607 NA19190.DG 0 0 2 2 2
13608 NA18550.DG 0 0 2 2 2
13609 NA18552.DG 0 0 2 2 2
13610 HG00404.DG 0 0 2 2 2
13611 HG00406.DG 0 0 1 2 2
13612 NA12156.DG 0 0 2 2 0
13613 NA12234.DG 0 0 2 2 0
13614 NA19451.DG 0 0 1 2 2
13615 NA19452.DG 0 0 1 2 2
13616 NA20795.DG 0 0 2 2 2
13617 NA20796.DG 0 0 1 2 2
13618 NA19923.DG 0 0 2 2 2
13619 NA19982.DG 0 0 1 2 1
13620 HG01137.DG 0 0 2 2 2
13621 HG01139.DG 0 0 1 2 0
13622 HG01489.DG 0 0 2 2 1
13623 HG01491.DG 0 0 1 2 2
13624 HG02082.DG 0 0 1 2 2
13625 HG02084.DG 0 0 2 2 2
13626 NA21135.DG 0 0 1 2 1
13627 NA21137.DG 0 0 2 2 2
13628 HG00592.DG 0 0 1 2 2
13629 HG00593.DG 0 0 2 2 2
13630 NA21126.DG 0 0 1 2 2
13631 NA21127.DG 0 0 1 2 2
13632 HG03775.DG 0 0 1 2 2
13633 HG03777.DG 0 0 1 2 2
13634 HG00844.DG 0 0 1 2 2
13635 HG00851.DG 0 0 2 2 2
13636 HG03805.DG 0 0 2 2 2
13637 HG03808.DG 0 0 2 2 2
13638 HG03064.DG 0 0 2 2 2
13639 HG03066.DG 0 0 1 2 2
13640 HG01694.DG 0 0 1 2 2
13641 HG01695.DG 0 0 2 2 2
13642 HG03460.DG 0 0 1 2 2
13643 HG03461.DG 0 0 2 2 2
13644 HG03280.DG 0 0 1 2 2
13645 HG03291.DG 0 0 2 2 2
13646 NA20320.DG 0 0 2 2 2
13647 NA20321.DG 0 0 2 2 1
13648 HG03593.DG 0 0 1 2 2
13649 HG03594.DG 0 0 1 2 2
13650 HG01791.DG 0 0 1 2 0
13651 HG01794.DG 0 0 2 2 2
13652 HG03902.DG 0 0 1 2 2
13653 HG03905.DG 0 0 1 2 2
13654 HG01595.DG 0 0 2 2 2
13655 HG01596.DG 0 0 1 2 2
13656 HG03478.DG 0 0 1 2 2
13657 HG03479.DG 0 0 2 2 2
13658 NA18943.DG 0 0 1 2 2
13659 NA18944.DG 0 0 1 2 2
13660 HG02573.DG 0 0 1 2 2
13661 HG02574.DG 0 0 2 2 2
13662 NA19378.DG 0 0 2 2 2
13663 NA19379.DG 0 0 2 2 2
13664 HG03193.DG 0 0 1 2 2
13665 HG03195.DG 0 0 2 2 2
13666 HG00355.DG 0 0 2 2 0
13667 HG00356.DG 0 0 2 2 1
13668 HG01359.DG 0 0 1 2 0
13669 HG01360.DG 0 0 2 2 1
13670 NA19054.DG 0 0 2 2 2
13671 NA19055.DG 0 0 1 2 2
13672 HG01308.DG 0 0 1 2 2
13673 HG01311.DG 0 0 1 2 2
13674 HG00239.DG 0 0 2 2 1
13675 HG00240.DG 0 0 2 2 0
13676 NA18528.DG 0 0 2 2 2
13677 NA18530.DG 0 0 1 2 2
13678 NA21113.DG 0 0 1 2 1
13679 NA21114.DG 0 0 1 2 2
13680 HG00622.DG 0 0 1 2 2
13681 HG00623.DG 0 0 2 2 2
13682 HG01048.DG 0 0 1 2 2
13683 HG01049.DG 0 0 2 2 0
13684 NA18595.DG 0 0 2 2 2
13685 NA18596.DG 0 0 2 2 2
13686 HG01817.DG 0 0 2 2 2
13687 HG01840.DG 0 0 1 2 2
13688 NA18877.DG 0 0 1 2 2
13689 NA18878.DG 0 0 2 2 2
13690 NA19648.DG 0 0 2 2 2
13691 NA19649.DG 0 0 1 2 1
13692 NA11893.DG 0 0 1 2 0
13693 NA11894.DG 0 0 2 2 0
13694 NA19017.DG 0 0 2 2 2
13695 NA19019.DG 0 0 2 2 2
13696 HG03714.DG 0 0 2 2 1
13697 HG03716.DG 0 0 1 2 2
13698 HG02471.DG 0 0 2 2 2
13699 HG02476.DG 0 0 2 2 1
13700 HG00531.DG 0 0 2 2 2
13701 HG00533.DG 0 0 1 2 2
13702 NA20771.DG 0 0 2 2 2
13703 NA20772.DG 0 0 2 2 2
13704 HG03127.DG 0 0 1 2 2
13705 HG03129.DG 0 0 2 2 2
13706 NA12815.DG 0 0 2 2 0
13707 NA12827.DG 0 0 1 2 0
13708 HG03115.DG 0 0 1 2 2
13709 HG03117.DG 0 0 2 2 2
13710 HG01773.DG 0 0 2 2 1
13711 HG01775.DG 0 0 1 2 0
13712 HG02973.DG 0 0 1 2 2
13713 HG02974.DG 0 0 2 2 2
13714 HG01956.DG 0 0 2 2 2
13715 HG01958.DG 0 0 2 2 2
13716 HG03297.DG 0 0 2 2 2
13717 HG03298.DG 0 0 1 2 2
13718 HG00269.DG 0 0 2 2 1
13719 HG00271.DG 0 0 1 2 1
13720 HG03882.DG 0 0 2 2 2
13721 HG03884.DG 0 0 2 2 2
13722 NA19780.DG 0 0 1 2 2
13723 NA19782.DG 0 0 2 2 0
13724 HG02804.DG 0 0 1 2 2
13725 HG02805.DG 0 0 2 2 2
13726 NA19084.DG 0 0 2 2 2
13727 NA19085.DG 0 0 1 2 2
13728 NA19399.DG 0 0 2 2 2
13729 NA19401.DG 0 0 2 2 2
13730 HG00704.DG 0 0 1 2 2
13731 HG00705.DG 0 0 2 2 2
13732 HG03457.DG 0 0 1 2 2
13733 HG03458.DG 0 0 2 2 2
13734 NA18975.DG 0 0 2 2 2
13735 NA18976.DG 0 0 2 2 2
13736 HG02330.DG 0 0 1 2 2
13737 HG02332.DG 0 0 1 2 2
13738 NA20805.DG 0 0 1 2 2
13739 NA20806.DG 0 0 1 2 2
13740 HG03189.DG 0 0 2 2 2
13741 HG03190.DG 0 0 1 2 2
13742 HG02406.DG 0 0 1 2 2
13743 HG02407.DG 0 0 1 2 2
13744 HG03738.DG 0 0 1 2 2
13745 HG03740.DG 0 0 1 2 2
13746 HG03695.DG 0 0 1 2 2
13747 HG03696.DG 0 0 1 2 2
13748 HG01303.DG 0 0 2 2 2
13749 HG01305.DG 0 0 1 2 2
13750 NA19475.DG 0 0 2 2 2
13751 NA19625.DG 0 0 2 2 2
13752 NA20534.DG 0 0 1 2 2
13753 NA20535.DG 0 0 2 2 1
13754 HG03922.DG 0 0 2 2 2
13755 HG03925.DG 0 0 2 2 2
13756 NA20906.DG 0 0 2 2 2
13757 NA20908.DG 0 0 2 2 2
13758 HG03913.DG 0 0 2 2 1
13759 HG03914.DG 0 0 1 2 1
13760 HG03061.DG 0 0 2 2 2
13761 HG03063.DG 0 0 1 2 2
13762 NA21086.DG 0 0 2 2 2
13763 NA21087.DG 0 0 1 2 2
13764 NA12878.DG 0 0 2 2 0
13765 NA12889.DG 0 0 1 2 1
13766 NA19771.DG 0 0 1 2 1
13767 NA19773.DG 0 0 2 2 2
13768 NA20822.DG 0 0 2 2 2
13769 NA20826.DG 0 0 2 2 2
13770 NA20859.DG 0 0 2 2 2
13771 NA20861.DG 0 0 1 2 2
13772 NA19036.DG 0 0 2 2 2
13773 NA19037.DG 0 0 2 2 2
13774 HG01770.DG 0 0 2 2 1
13775 HG01771.DG 0 0 1 2 1
13776 NA19067.DG 0 0 1 2 2
13777 NA19068.DG 0 0 1 2 2
13778 NA11829.DG 0 0 1 2 1
13779 NA11830.DG 0 0 2 2 0
13780 HG01938.DG 0 0 1 2 2
13781 HG01939.DG 0 0 2 2 2
13782 HG01982.DG 0 0 1 2 2
13783 HG01985.DG 0 0 2 2 2
13784 NA11920.DG 0 0 2 2 0
13785 NA11930.DG 0 0 1 2 1
13786 HG00651.DG 0 0 2 2 2
13787 HG00653.DG 0 0 1 2 2
13788 NA07051.DG 0 0 1 2 0
13789 NA07056.DG 0 0 2 2 0
13790 HG02558.DG 0 0 2 2 2
13791 HG02561.DG 0 0 1 2 1
13792 NA21103.DG 0 0 2 2 2
13793 NA21104.DG 0 0 1 2 2
13794 HG00133.DG 0 0 2 2 0
13795 HG00136.DG 0 0 1 2 1
13796 NA07347.DG 0 0 1 2 0
13797 NA07357.DG 0 0 1 2 0
13798 NA20892.DG 0 0 2 2 2
13799 NA20894.DG 0 0 2 2 2
13800 HG02272.DG 0 0 2 2 2
13801 HG02274.DG 0 0 1 2 2
13802 HG03488.DG 0 0 2 2 1
13803 HG03490.DG 0 0 1 2 2
13804 NA20815.DG 0 0 1 2 2
13805 NA20818.DG 0 0 2 2 2
13806 HG00739.DG 0 0 1 2 0
13807 HG00740.DG 0 0 2 2 2
13808 HG01067.DG 0 0 2 2 1
13809 HG01069.DG 0 0 1 2 1
13810 HG00717.DG 0 0 2 2 2
13811 HG00728.DG 0 0 1 2 2
13812 HG00458.DG 0 0 2 2 2
13813 HG00463.DG 0 0 1 2 2
13814 HG01853.DG 0 0 2 2 2
13815 HG01855.DG 0 0 2 2 2
13816 HG01486.DG 0 0 2 2 1
13817 HG01488.DG 0 0 1 2 1
13818 HG01083.DG 0 0 2 2 2
13819 HG01085.DG 0 0 1 2 2
13820 HG03234.DG 0 0 1 2 2
13821 HG03235.DG 0 0 2 2 2
13822 NA18573.DG 0 0 2 2 2
13823 NA18574.DG 0 0 2 2 2
13824 NA20532.DG 0 0 1 2 2
13825 NA20533.DG 0 0 2 2 2
13826 NA18516.DG 0 0 1 2 2
13827 NA18517.DG 0 0 2 2 2
13828 HG03702.DG 0 0 1 2 2
13829 HG03703.DG 0 0 2 2 2
13830 HG02724.DG 0 0 1 2 2
13831 HG02725.DG 0 0 2 2 2
13832 NA20809.DG 0 0 1 2 1
13833 NA20810.DG 0 0 1 2 2
13834 NA18987.DG 0 0 2 2 2
13835 NA18988.DG 0 0 1 2 2
13836 HG02360.DG 0 0 1 2 2
13837 HG02364.DG 0 0 1 2 2
13838 HG03730.DG 0 0 2 2 2
13839 HG03731.DG 0 0 2 2 2
13840 HG01923.DG 0 0 1 2 2
13841 HG01924.DG 0 0 2 2 2
13842 NA18533.DG 0 0 2 2 2
13843 NA18534.DG 0 0 1 2 2
13844 NA20869.DG 0 0 2 2 2
13845 NA20870.DG 0 0 1 2 2
13846 HG02334.DG 0 0 1 2 2
13847 HG02337.DG 0 0 2 2 2
13848 HG04070.DG 0 0 2 2 2
13849 HG04075.DG 0 0 2 2 2
13850 HG00308.DG 0 0 1 2 1
13851 HG00309.DG 0 0 2 2 0
13852 HG03773.DG 0 0 1 2 2
13853 HG03774.DG 0 0 2 2 2
13854 HG01947.DG 0 0 1 2 1
13855 HG01948.DG 0 0 2 2 2
13856 HG01125.DG 0 0 2 2 2
13857 HG01130.DG 0 0 1 2 2
13858 NA18602.DG 0 0 2 2 2
13859 NA18603.DG 0 0 1 2 2
13860 HG02771.DG 0 0 1 2 2
13861 HG02772.DG 0 0 2 2 2
13862 HG02667.DG 0 0 2 2 2
13863 HG02675.DG 0 0 1 2 2
13864 NA19095.DG 0 0 2 2 2
13865 NA19096.DG 0 0 1 2 2
13866 HG03351.DG 0 0 2 2 2
13867 HG03352.DG 0 0 1 2 2
13868 NA12273.DG 0 0 2 2 2
13869 NA12275.DG 0 0 2 2 1
13870 HG03157.DG 0 0 1 2 2
13871 HG03159.DG 0 0 2 2 2
13872 NA19445.DG 0 0 2 2 2
13873 NA19446.DG 0 0 2 2 2
13874 HG02398.DG 0 0 1 2 2
13875 HG02399.DG 0 0 1 2 2
13876 HG04029.DG 0 0 2 2 2
13877 HG04033.DG 0 0 1 2 2
13878 HG03088.DG 0 0 2 2 2
13879 HG03091.DG 0 0 2 2 2
13880 NA20362.DG 0 0 1 2 1
13881 NA20412.DG 0 0 2 2 1
13882 HG02089.DG 0 0 2 2 1
13883 HG02090.DG 0 0 1 2 2
13884 NA18544.DG 0 0 1 2 2
13885 NA18545.DG 0 0 2 2 2
13886 HG00684.DG 0 0 2 2 2
13887 HG00689.DG 0 0 1 2 2
13888 HG03118.DG 0 0 1 2 2
13889 HG03120.DG 0 0 1 2 2
13890 NA19004.DG 0 0 1 2 2
13891 NA19005.DG 0 0 1 2 2
13892 HG01571.DG 0 0 1 2 1
13893 HG01572.DG 0 0 2 2 2
13894 HG01247.DG 0 0 1 2 1
13895 HG01248.DG 0 0 2 2 1
13896 NA20541.DG 0 0 2 2 2
13897 NA20542.DG 0 0 2 2 2
13898 HG01597.DG 0 0 2 2 2
13899 HG01598.DG 0 0 2 2 2
13900 NA18563.DG 0 0 1 2 2
13901 NA18564.DG 0 0 2 2 2
13902 HG02477.DG 0 0 2 2 2
13903 HG02479.DG 0 0 2 2 2
13904 NA19713.DG 0 0 2 2 1
13905 NA19716.DG 0 0 2 2 2
13906 HG01869.DG 0 0 2 2 2
13907 HG01870.DG 0 0 2 2 2
13908 HG04219.DG 0 0 1 2 1
13909 HG04222.DG 0 0 1 2 2
13910 HG01776.DG 0 0 2 2 2
13911 HG01777.DG 0 0 1 2 0
13912 NA19448.DG 0 0 1 2 2
13913 NA19449.DG 0 0 2 2 2
13914 HG01277.DG 0 0 1 2 1
13915 HG01280.DG 0 0 1 2 2
13916 HG02433.DG 0 0 1 2 2
13917 HG02439.DG 0 0 1 2 2
13918 HG00641.DG 0 0 2 2 1
13919 HG00650.DG 0 0 1 2 2
13920 HG03571.DG 0 0 1 2 2
13921 HG03572.DG 0 0 2 2 2
13922 HG03977.DG 0 0 2 2 2
13923 HG03978.DG 0 0 1 2 2
13924 NA12776.DG 0 0 2 2 0
13925 NA12777.DG 0 0 1 2 0
13926 NA18535.DG 0 0 2 2 2
13927 NA18536.DG 0 0 1 2 2
13928 HG01398.DG 0 0 1 2 2
13929 HG01402.DG 0 0 1 2 2
13930 HG03515.DG 0 0 1 2 2
13931 HG03517.DG 0 0 2 2 2
13932 HG01198.DG 0 0 2 2 2
13933 HG01200.DG 0 0 1 2 1
13934 HG03311.DG 0 0 1 2 2
13935 HG03313.DG 0 0 1 2 2
13936 HG00178.DG 0 0 2 2 1
13937 HG00179.DG 0 0 2 2 1
13938 NA19117.DG 0 0 1 2 2
13939 NA19118.DG 0 0 2 2 2
13940 NA20799.DG 0 0 2 2 2
13941 NA20800.DG 0 0 2 2 2
13942 HG04107.DG 0 0 1 2 2
13943 HG04118.DG 0 0 2 2 1
13944 HG03209.DG 0 0 1 2 2
13945 HG03212.DG 0 0 2 2 2
13946 HG01464.DG 0 0 1 2 2
13947 HG01465.DG 0 0 2 2 0
13948 HG01447.DG 0 0 2 2 0
13949 HG01455.DG 0 0 1 2 1
13950 NA18546.DG 0 0 1 2 2
13951 NA18547.DG 0 0 2 2 2
13952 NA18630.DG 0 0 2 2 2
13953 NA18631.DG 0 0 2 2 2
13954 HG01070.DG 0 0 2 2 1
13955 HG01072.DG 0 0 1 2 2
13956 NA19058.DG 0 0 1 2 2
13957 NA19059.DG 0 0 2 2 2
13958 HG02611.DG 0 0 2 2 2
13959 HG02613.DG 0 0 1 2 2
13960 HG00341.DG 0 0 1 2 1
13961 HG00342.DG 0 0 1 2 0
13962 NA18612.DG 0 0 1 2 2
13963 NA18613.DG 0 0 1 2 2
13964 HG01806.DG 0 0 2 2 2
13965 HG01807.DG 0 0 2 2 2
13966 HG02819.DG 0 0 1 2 2
13967 HG02820.DG 0 0 2 2 2
13968 HG02050.DG 0 0 1 2 2
13969 HG02051.DG 0 0 1 2 2
13970 HG01188.DG 0 0 2 2 2
13971 HG01190.DG 0 0 1 2 2
13972 HG00125.DG 0 0 2 2 0
13973 HG00126.DG 0 0 1 2 0
13974 HG01886.DG 0 0 2 2 1
13975 HG01889.DG 0 0 2 2 2
13976 HG03965.DG 0 0 1 2 1
13977 HG03967.DG 0 0 1 2 2
13978 NA18638.DG 0 0 1 2 2
13979 NA18639.DG 0 0 1 2 2
13980 HG02953.DG 0 0 1 2 2
13981 HG02968.DG 0 0 1 2 2
13982 HG01356.DG 0 0 1 2 2
13983 HG01357.DG 0 0 2 2 2
13984 HG01097.DG 0 0 1 2 1
13985 HG01098.DG 0 0 2 2 2
13986 HG02128.DG 0 0 1 2 2
13987 HG02130.DG 0 0 2 2 2
13988 HG02323.DG 0 0 1 2 2
13989 HG02325.DG 0 0 2 2 2
13990 HG01507.DG 0 0 2 2 1
13991 HG01509.DG 0 0 1 2 0
13992 HG03436.DG 0 0 1 2 2
13993 HG03437.DG 0 0 2 2 2
13994 HG01369.DG 0 0 2 2 2
13995 HG01372.DG 0 0 2 2 0
13996 HG00122.DG 0 0 2 2 1
13997 HG00123.DG 0 0 2 2 1
13998 HG04035.DG 0 0 2 2 2
13999 HG04038.DG 0 0 2 2 2
14000 HG03863.DG 0 0 2 2 2
14001 HG03864.DG 0 0 1 2 1
14002 NA19390.DG 0 0 2 2 2
14003 NA19391.DG 0 0 2 2 2
14004 NA19312.DG 0 0 1 2 2
14005 NA19314.DG 0 0 2 2 2
14006 NA12828.DG 0 0 2 2 0
14007 NA12829.DG 0 0 1 2 2
14008 HG04039.DG 0 0 1 2 2
14009 HG04042.DG 0 0 2 2 2
14010 NA19338.DG 0 0 2 2 2
14011 NA19346.DG 0 0 1 2 2
14012 HG02976.DG 0 0 2 2 2
14013 HG02977.DG 0 0 1 2 2
14014 HG00378.DG 0 0 2 2 0
14015 HG00379.DG 0 0 2 2 2
14016 HG02870.DG 0 0 2 2 2
14017 HG02878.DG 0 0 1 2 2
14018 HG00251.DG 0 0 1 2 0
14019 HG00252.DG 0 0 1 2 0
14020 HG02836.DG 0 0 1 2 2
14021 HG02837.DG 0 0 2 2 2
14022 NA12282.DG 0 0 1 2 2
14023 NA12283.DG 0 0 2 2 0
14024 HG03814.DG 0 0 2 2 2
14025 HG03815.DG 0 0 1 2 2
14026 HG01950.DG 0 0 1 2 2
14027 HG01951.DG 0 0 2 2 2
14028 NA18582.DG 0 0 2 2 2
14029 NA18591.DG 0 0 2 2 2
14030 HG02029.DG 0 0 1 2 2
14031 HG02031.DG 0 0 2 2 2
14032 HG02646.DG 0 0 2 2 2
14033 HG02648.DG 0 0 1 2 2
14034 NA18991.DG 0 0 2 2 2
14035 NA18992.DG 0 0 2 2 2
14036 HG03027.DG 0 0 1 2 2
14037 HG03028.DG 0 0 2 2 2
14038 HG00261.DG 0 0 2 2 2
14039 HG00262.DG 0 0 2 2 1
14040 HG02860.DG 0 0 1 2 2
14041 HG02861.DG 0 0 2 2 2
14042 HG02185.DG 0 0 2 2 2
14043 HG02186.DG 0 0 2 2 2
14044 HG00242.DG 0 0 1 2 2
14045 HG00243.DG 0 0 1 2 0
14046 HG00672.DG 0 0 2 2 2
14047 HG00674.DG 0 0 1 2 2
14048 HG02182.DG 0 0 2 2 2
14049 HG02184.DG 0 0 2 2 2
14050 HG01815.DG 0 0 2 2 2
14051 HG01816.DG 0 0 1 2 2
14052 HG00257.DG 0 0 2 2 0
14053 HG00258.DG 0 0 2 2 1
14054 HG01867.DG 0 0 1 2 2
14055 HG01868.DG 0 0 2 2 2
14056 HG00638.DG 0 0 2 2 2
14057 HG00640.DG 0 0 1 2 2
14058 HG02449.DG 0 0 1 2 1
14059 HG02450.DG 0 0 2 2 2
14060 NA20753.DG 0 0 2 2 2
14061 NA20754.DG 0 0 1 2 2
14062 HG03634.DG 0 0 2 2 1
14063 HG03636.DG 0 0 1 2 2
14064 HG00325.DG 0 0 1 2 1
14065 HG00326.DG 0 0 2 2 0
14066 HG00116.DG 0 0 1 2 2
14067 HG00117.DG 0 0 1 2 0
14068 HG04001.DG 0 0 2 2 2
14069 HG04002.DG 0 0 1 2 0
14070 NA19921.DG 0 0 2 2 2
14071 NA19922.DG 0 0 1 2 2
14072 HG00357.DG 0 0 2 2 1
14073 HG00358.DG 0 0 1 2 1
14074 NA12813.DG 0 0 2 2 0
14075 NA12814.DG 0 0 1 2 1
14076 HG01890.DG 0 0 1 2 2
14077 HG01892.DG 0 0 1 2 2
14078 HG00255.DG 0 0 2 2 1
14079 HG00256.DG 0 0 1 2 1
14080 HG02635.DG 0 0 2 2 2
14081 HG02642.DG 0 0 1 2 2
14082 HG00112.DG 0 0 1 2 0
14083 HG00113.DG 0 0 1 2 0
14084 HG02095.DG 0 0 2 2 2
14085 HG02102.DG 0 0 2 2 2
14086 HG02522.DG 0 0 2 2 2
14087 HG02536.DG 0 0 1 2 2
14088 HG01932.DG 0 0 1 2 2
14089 HG01933.DG 0 0 2 2 2
14090 HG01461.DG 0 0 1 2 2
14091 HG01462.DG 0 0 2 2 2
14092 HG01799.DG 0 0 2 2 2
14093 HG01800.DG 0 0 2 2 2
14094 NA19430.DG 0 0 1 2 2
14095 NA19431.DG 0 0 2 2 2
14096 HG02604.DG 0 0 2 2 2
14097 HG02610.DG 0 0 1 2 2
14098 HG01801.DG 0 0 2 2 2
14099 HG01802.DG 0 0 2 2 2
14100 NA21128.DG 0 0 1 2 2
14101 NA21129.DG 0 0 1 2 2
14102 NA19684.DG 0 0 2 2 0
14103 NA19700.DG 0 0 1 2 1
14104 HG00742.DG 0 0 1 2 1
14105 HG00743.DG 0 0 2 2 2
14106 NA19467.DG 0 0 2 2 2
14107 NA19468.DG 0 0 2 2 2
14108 HG03629.DG 0 0 1 2 2
14109 HG03631.DG 0 0 2 2 1
14110 HG04158.DG 0 0 1 2 1
14111 HG04159.DG 0 0 2 2 2
14112 HG02896.DG 0 0 2 2 2
14113 HG02922.DG 0 0 2 2 2
14114 HG01437.DG 0 0 1 2 1
14115 HG01438.DG 0 0 2 2 2
14116 NA20536.DG 0 0 1 2 2
14117 NA20538.DG 0 0 1 2 2
14118 NA21117.DG 0 0 1 2 1
14119 NA21118.DG 0 0 1 2 2
14120 HG01797.DG 0 0 2 2 2
14121 HG01798.DG 0 0 2 2 2
14122 HG03998.DG 0 0 1 2 2
14123 HG03999.DG 0 0 1 2 1
14124 HG02087.DG 0 0 2 2 2
14125 HG02088.DG 0 0 1 2 2
14126 NA18949.DG 0 0 2 2 2
14127 NA18950.DG 0 0 2 2 2
14128 NA12286.DG 0 0 1 2 1
14129 NA12287.DG 0 0 2 2 1
14130 NA19020.DG 0 0 1 2 2
14131 NA19023.DG 0 0 2 2 2
14132 NA21094.DG 0 0 1 2 2
14133 NA21095.DG 0 0 1 2 1
14134 HG00127.DG 0 0 2 2 0
14135 HG00128.DG 0 0 2 2 0
14136 HG03649.DG 0 0 1 2 2
14137 HG03652.DG 0 0 1 2 2
14138 HG01403.DG 0 0 2 2 2
14139 HG01405.DG 0 0 1 2 1
14140 HG01395.DG 0 0 1 2 2
14141 HG01396.DG 0 0 2 2 1
14142 HG02134.DG 0 0 1 2 2
14143 HG02136.DG 0 0 2 2 2
14144 HG04098.DG 0 0 1 2 1
14145 HG04099.DG 0 0 2 2 2
14146 NA18642.DG 0 0 2 2 2
14147 NA18643.DG 0 0 1 2 2
14148 HG03680.DG 0 0 1 2 1
14149 HG03681.DG 0 0 1 2 2
14150 HG01991.DG 0 0 1 2 2
14151 HG01992.DG 0 0 2 2 2
14152 NA19360.DG 0 0 1 2 2
14153 NA19372.DG 0 0 1 2 2
14154 HG03473.DG 0 0 2 2 2
14155 HG03476.DG 0 0 2 2 2
14156 NA20530.DG 0 0 2 2 2
14157 NA20531.DG 0 0 2 2 2
14158 HG01607.DG 0 0 2 2 1
14159 HG01608.DG 0 0 1 2 1
14160 HG03432.DG 0 0 1 2 2
14161 HG03433.DG 0 0 1 2 2
14162 HG01841.DG 0 0 2 2 2
14163 HG01842.DG 0 0 1 2 2
14164 HG03645.DG 0 0 2 2 2
14165 HG03646.DG 0 0 1 2 2
14166 HG03782.DG 0 0 2 2 2
14167 HG03784.DG 0 0 2 2 2
14168 NA19747.DG 0 0 1 2 1
14169 NA19749.DG 0 0 2 2 1
14170 NA19717.DG 0 0 1 2 2
14171 NA19719.DG 0 0 2 2 2
14172 HG02481.DG 0 0 1 2 2
14173 HG02484.DG 0 0 1 2 2
14174 HG01164.DG 0 0 1 2 2
14175 HG01167.DG 0 0 1 2 1
14176 HG01253.DG 0 0 1 2 1
14177 HG01254.DG 0 0 2 2 2
14178 HG03741.DG 0 0 2 2 2
14179 HG03742.DG 0 0 1 2 2
14180 NA19723.DG 0 0 1 2 2
14181 NA19725.DG 0 0 2 2 0
14182 NA18971.DG 0 0 1 2 2
14183 NA18972.DG 0 0 2 2 2
14184 NA21143.DG 0 0 2 2 1
14185 NA21144.DG 0 0 2 2 2
14186 NA20757.DG 0 0 2 2 2
14187 NA20758.DG 0 0 1 2 2
14188 NA19351.DG 0 0 2 2 2
14189 NA19355.DG 0 0 2 2 2
14190 HG00331.DG 0 0 2 2 2
14191 HG00332.DG 0 0 2 2 2
14192 HG01519.DG 0 0 2 2 1
14193 HG01521.DG 0 0 1 2 1
14194 HG00329.DG 0 0 1 2 1
14195 HG00330.DG 0 0 2 2 1
14196 NA19172.DG 0 0 2 2 2
14197 NA19175.DG 0 0 1 2 2
14198 HG01383.DG 0 0 1 2 1
14199 HG01384.DG 0 0 2 2 1
14200 HG04229.DG 0 0 1 2 2
14201 HG04235.DG 0 0 1 2 2
14202 HG02079.DG 0 0 1 2 2
14203 HG02081.DG 0 0 2 2 2
14204 NA18939.DG 0 0 2 2 2
14205 NA18940.DG 0 0 1 2 2
14206 HG03595.DG 0 0 2 2 2
14207 HG03598.DG 0 0 2 2 2
14208 HG03009.DG 0 0 1 2 2
14209 HG03012.DG 0 0 1 2 2
14210 NA18618.DG 0 0 2 2 2
14211 NA18619.DG 0 0 2 2 2
14212 NA19102.DG 0 0 2 2 2
14213 NA19107.DG 0 0 1 2 2
14214 NA19207.DG 0 0 1 2 2
14215 NA19209.DG 0 0 2 2 2
14216 NA19065.DG 0 0 2 2 2
14217 NA19066.DG 0 0 1 2 2
14218 NA11840.DG 0 0 2 2 0
14219 NA11843.DG 0 0 1 2 0
14220 HG04182.DG 0 0 1 2 2
14221 HG04183.DG 0 0 2 2 2
14222 HG03947.DG 0 0 2 2 2
14223 HG03949.DG 0 0 2 2 2
14224 HG02255.DG 0 0 1 2 2
14225 HG02256.DG 0 0 2 2 2
14226 HG02485.DG 0 0 2 2 2
14227 HG02489.DG 0 0 1 2 2
14228 HG01374.DG 0 0 1 2 2
14229 HG01375.DG 0 0 2 2 1
14230 HG00707.DG 0 0 1 2 2
14231 HG00708.DG 0 0 2 2 2
14232 HG00131.DG 0 0 1 2 0
14233 HG00132.DG 0 0 2 2 0
14234 HG02008.DG 0 0 1 2 2
14235 HG02009.DG 0 0 1 2 2
14236 HG02562.DG 0 0 2 2 2
14237 HG02568.DG 0 0 2 2 2
14238 HG03705.DG 0 0 1 2 2
14239 HG03706.DG 0 0 2 2 2
14240 HG00158.DG 0 0 2 2 1
14241 HG00159.DG 0 0 1 2 1
14242 NA19002.DG 0 0 2 2 2
14243 NA19003.DG 0 0 2 2 2
14244 HG03006.DG 0 0 1 2 2
14245 HG03007.DG 0 0 2 2 2
14246 HG01765.DG 0 0 1 2 2
14247 HG01766.DG 0 0 2 2 0
14248 HG03401.DG 0 0 2 2 2
14249 HG03410.DG 0 0 2 2 2
14250 HG01537.DG 0 0 2 2 2
14251 HG01550.DG 0 0 1 2 1
14252 HG02299.DG 0 0 1 2 2
14253 HG02301.DG 0 0 2 2 1
14254 NA19223.DG 0 0 1 2 2
14255 NA19225.DG 0 0 2 2 2
14256 NA12830.DG 0 0 2 2 0
14257 NA12842.DG 0 0 1 2 0
14258 HG01761.DG 0 0 1 2 1
14259 HG01762.DG 0 0 2 2 1
14260 HG00657.DG 0 0 2 2 2
14261 HG00662.DG 0 0 1 2 2
14262 HG02315.DG 0 0 2 2 2
14263 HG02317.DG 0 0 1 2 2
14264 HG04100.DG 0 0 1 2 2
14265 HG04106.DG 0 0 2 2 2
14266 NA20332.DG 0 0 2 2 2
14267 NA20334.DG 0 0 2 2 2
14268 HG03052.DG 0 0 2 2 2
14269 HG03054.DG 0 0 1 2 2
14270 HG01161.DG 0 0 1 2 1
14271 HG01162.DG 0 0 2 2 1
14272 NA20790.DG 0 0 2 2 2
14273 NA20792.DG 0 0 1 2 0
14274 HG02355.DG 0 0 1 2 2
14275 HG02356.DG 0 0 1 2 2
14276 HG01174.DG 0 0 2 2 2
14277 HG01176.DG 0 0 1 2 2
14278 NA20585.DG 0 0 2 2 2
14279 NA20586.DG 0 0 1 2 2
14280 HG00233.DG 0 0 2 2 0
14281 HG00234.DG 0 0 1 2 0
14282 HG02380.DG 0 0 1 2 2
14283 HG02382.DG 0 0 1 2 2
14284 HG02427.DG 0 0 2 2 2
14285 HG02429.DG 0 0 1 2 2
14286 HG02882.DG 0 0 2 2 2
14287 HG02884.DG 0 0 1 2 2
14288 HG03857.DG 0 0 2 2 2
14289 HG03858.DG 0 0 2 2 2
14290 NA18967.DG 0 0 1 2 2
14291 NA18968.DG 0 0 2 2 2
14292 NA21115.DG 0 0 1 2 2
14293 NA21116.DG 0 0 1 2 2
14294 NA18748.DG 0 0 1 2 2
14295 NA18749.DG 0 0 1 2 2
14296 HG04155.DG 0 0 1 2 2
14297 HG04156.DG 0 0 2 2 2
14298 NA19184.DG 0 0 1 2 2
14299 NA19185.DG 0 0 2 2 2
14300 HG01551.DG 0 0 2 2 2
14301 HG01556.DG 0 0 1 2 1
14302 NA20502.DG 0 0 2 2 2
14303 NA20503.DG 0 0 2 2 2
14304 NA20897.DG 0 0 1 2 2
14305 NA20899.DG 0 0 2 2 2
14306 HG00173.DG 0 0 2 2 1
14307 HG00174.DG 0 0 2 2 1
14308 HG02067.DG 0 0 1 2 2
14309 HG02069.DG 0 0 2 2 2
14310 HG02107.DG 0 0 1 2 2
14311 HG02108.DG 0 0 2 2 2
14312 HG04060.DG 0 0 1 2 2
14313 HG04061.DG 0 0 1 2 2
14314 HG00265.DG 0 0 1 2 0
14315 HG00266.DG 0 0 2 2 1
14316 HG01697.DG 0 0 2 2 0
14317 HG01699.DG 0 0 1 2 2
14318 NA19786.DG 0 0 1 2 1
14319 NA19788.DG 0 0 2 2 2
14320 HG02178.DG 0 0 2 2 2
14321 HG02179.DG 0 0 2 2 2
14322 HG00182.DG 0 0 1 2 1
14323 HG00183.DG 0 0 1 2 1
14324 NA21111.DG 0 0 1 2 2
14325 NA21112.DG 0 0 1 2 2
14326 NA10847.DG 0 0 2 2 1
14327 NA10851.DG 0 0 1 2 0
14328 NA20819.DG 0 0 2 2 2
14329 NA20821.DG 0 0 2 2 2
14330 HG02923.DG 0 0 1 2 2
14331 HG02938.DG 0 0 1 2 2
14332 HG03708.DG 0 0 1 2 2
14333 HG03709.DG 0 0 2 2 2
14334 HG01767.DG 0 0 1 2 2
14335 HG01768.DG 0 0 2 2 0
14336 HG01997.DG 0 0 2 2 1
14337 HG02002.DG 0 0 1 2 2
14338 HG00372.DG 0 0 1 2 0
14339 HG00373.DG 0 0 2 2 1
14340 HG00106.DG 0 0 2 2 0
14341 HG00107.DG 0 0 1 2 2
14342 HG02798.DG 0 0 1 2 2
14343 HG02799.DG 0 0 2 2 2
14344 NA12761.DG 0 0 2 2 1
14345 NA12762.DG 0 0 1 2 2
14346 HG03521.DG 0 0 1 2 2
14347 HG03538.DG 0 0 1 2 2
14348 HG03727.DG 0 0 1 2 2
14349 HG03729.DG 0 0 1 2 2
14350 NA19729.DG 0 0 1 2 2
14351 NA19731.DG 0 0 2 2 2
14352 NA18947.DG 0 0 2 2 2
14353 NA18948.DG 0 0 1 2 2
14354 HG03899.DG 0 0 1 2 2
14355 HG03900.DG 0 0 1 2 2
14356 HG01599.DG 0 0 2 2 2
14357 HG01600.DG 0 0 2 2 2
14358 HG03109.DG 0 0 1 2 2
14359 HG03111.DG 0 0 2 2 2
14360 HG02513.DG 0 0 2 2 2
14361 HG02521.DG 0 0 1 2 2
14362 NA19434.DG 0 0 2 2 2
14363 NA19435.DG 0 0 2 2 2
14364 HG01122.DG 0 0 2 2 2
14365 HG01124.DG 0 0 1 2 1
14366 HG01589.DG 0 0 1 2 2
14367 HG01593.DG 0 0 2 2 0
14368 HG01495.DG 0 0 2 2 2
14369 HG01497.DG 0 0 1 2 2
14370 HG03240.DG 0 0 1 2 2
14371 HG03241.DG 0 0 2 2 2
14372 HG02629.DG 0 0 2 2 2
14373 HG02634.DG 0 0 1 2 2
14374 NA19834.DG 0 0 1 2 2
14375 NA19835.DG 0 0 2 2 2
14376 NA20849.DG 0 0 2 2 2
14377 NA20850.DG 0 0 1 2 2
14378 NA19328.DG 0 0 2 2 2
14379 NA19331.DG 0 0 1 2 2
14380 HG02839.DG 0 0 1 2 1
14381 HG02840.DG 0 0 2 2 2
14382 NA20539.DG 0 0 1 2 2
14383 NA20540.DG 0 0 2 2 1
14384 HG03369.DG 0 0 2 2 2
14385 HG03370.DG 0 0 1 2 2
14386 NA18973.DG 0 0 2 2 2
14387 NA18974.DG 0 0 1 2 2
14388 HG02816.DG 0 0 1 2 2
14389 HG02817.DG 0 0 2 2 2
14390 NA19914.DG 0 0 2 2 2
14391 NA19916.DG 0 0 1 2 2
14392 HG03689.DG 0 0 2 2 2
14393 HG03690.DG 0 0 2 2 2
14394 HG01101.DG 0 0 1 2 1
14395 HG01102.DG 0 0 2 2 1
14396 NA19307.DG 0 0 1 2 2
14397 NA19308.DG 0 0 1 2 2
14398 NA20846.DG 0 0 1 2 1
14399 NA20847.DG 0 0 2 2 1
14400 HG04025.DG 0 0 2 2 2
14401 HG04026.DG 0 0 2 2 2
14402 HG00139.DG 0 0 1 2 1
14403 HG00140.DG 0 0 1 2 0
14404 NA18868.DG 0 0 1 2 2
14405 NA18870.DG 0 0 2 2 2
14406 HG00473.DG 0 0 2 2 2
14407 HG00475.DG 0 0 1 2 2
14408 NA19438.DG 0 0 2 2 2
14409 NA19439.DG 0 0 2 2 2
14410 NA18963.DG 0 0 2 2 2
14411 NA18964.DG 0 0 2 2 2
14412 NA12045.DG 0 0 1 2 2
14413 NA12046.DG 0 0 2 2 0
14414 HG02252.DG 0 0 2 2 2
14415 HG02253.DG 0 0 1 2 1
14416 NA19661.DG 0 0 1 2 1
14417 NA19663.DG 0 0 2 2 1
14418 NA20895.DG 0 0 1 2 1
14419 NA20896.DG 0 0 2 2 2
14420 HG03196.DG 0 0 1 2 2
14421 HG03198.DG 0 0 2 2 2
14422 HG03823.DG 0 0 2 2 2
14423 HG03824.DG 0 0 1 2 2
14424 HG03717.DG 0 0 2 2 2
14425 HG03718.DG 0 0 1 2 2
14426 HG00323.DG 0 0 2 2 0
14427 HG00324.DG 0 0 2 2 1
14428 HG03755.DG 0 0 1 2 2
14429 HG03756.DG 0 0 2 2 2
14430 HG03684.DG 0 0 2 2 2
14431 HG03685.DG 0 0 1 2 2
14432 HG01140.DG 0 0 2 2 2
14433 HG01142.DG 0 0 1 2 1
14434 HG04214.DG 0 0 2 2 2
14435 HG04216.DG 0 0 2 2 2
14436 HG01443.DG 0 0 1 2 1
14437 HG01444.DG 0 0 2 2 1
14438 HG02944.DG 0 0 1 2 2
14439 HG02946.DG 0 0 2 2 2
14440 HG02465.DG 0 0 2 2 2
14441 HG02470.DG 0 0 1 2 2
14442 HG02023.DG 0 0 1 2 2
14443 HG02025.DG 0 0 2 2 2
14444 NA20867.DG 0 0 1 2 1
14445 NA20868.DG 0 0 2 2 2
14446 HG00129.DG 0 0 1 2 1
14447 HG00130.DG 0 0 2 2 2
14448 NA21107.DG 0 0 1 2 1
14449 NA21108.DG 0 0 2 2 1
14450 HG01204.DG 0 0 1 2 2
14451 HG01205.DG 0 0 2 2 2
14452 HG02019.DG 0 0 2 2 2
14453 HG02020.DG 0 0 1 2 2
14454 HG00141.DG 0 0 1 2 2
14455 HG00142.DG 0 0 1 2 1
14456 HG02501.DG 0 0 1 2 1
14457 HG02502.DG 0 0 2 2 2
14458 NA20518.DG 0 0 1 2 2
14459 NA20519.DG 0 0 1 2 1
14460 HG01851.DG 0 0 2 2 2
14461 HG01852.DG 0 0 1 2 2
14462 HG02154.DG 0 0 2 2 2
14463 HG02155.DG 0 0 2 2 2
14464 NA18531.DG 0 0 2 2 2
14465 NA18532.DG 0 0 2 2 2
14466 HG02786.DG 0 0 1 2 2
14467 HG02787.DG 0 0 2 2 2
14468 HG02885.DG 0 0 2 2 2
14469 HG02887.DG 0 0 1 2 2
14470 NA19764.DG 0 0 2 2 1
14471 NA19770.DG 0 0 2 2 1
14472 HG04047.DG 0 0 2 2 2
14473 HG04054.DG 0 0 2 2 2
14474 HG01414.DG 0 0 2 2 2
14475 HG01431.DG 0 0 1 2 2
14476 NA18874.DG 0 0 1 2 2
14477 NA18876.DG 0 0 2 2 2
14478 HG03600.DG 0 0 1 2 2
14479 HG03603.DG 0 0 1 2 2
14480 HG02682.DG 0 0 2 2 1
14481 HG02684.DG 0 0 1 2 2
14482 HG03780.DG 0 0 2 2 2
14483 HG03781.DG 0 0 2 2 2
14484 HG00362.DG 0 0 2 2 2
14485 HG00364.DG 0 0 2 2 1
14486 HG01989.DG 0 0 2 2 2
14487 HG01990.DG 0 0 1 2 2
14488 NA19904.DG 0 0 1 2 2
14489 NA19908.DG 0 0 1 2 2
14490 HG02070.DG 0 0 1 2 2
14491 HG02072.DG 0 0 2 2 2
14492 HG02026.DG 0 0 1 2 2
14493 HG02028.DG 0 0 2 2 2
14494 HG00610.DG 0 0 1 2 2
14495 HG00611.DG 0 0 2 2 2
14496 HG03097.DG 0 0 2 2 2
14497 HG03099.DG 0 0 2 2 2
14498 HG01061.DG 0 0 2 2 2
14499 HG01063.DG 0 0 1 2 2
14500 NA11994.DG 0 0 1 2 1
14501 NA11995.DG 0 0 2 2 0
14502 HG00237.DG 0 0 2 2 0
14503 HG00238.DG 0 0 2 2 0
14504 NA20856.DG 0 0 2 2 2
14505 NA20858.DG 0 0 1 2 2
14506 HG04144.DG 0 0 2 2 2
14507 HG04146.DG 0 0 1 2 2
14508 HG00155.DG 0 0 1 2 1
14509 HG00157.DG 0 0 1 2 1
14510 HG01513.DG 0 0 2 2 1
14511 HG01515.DG 0 0 1 2 1
14512 HG03382.DG 0 0 1 2 2
14513 HG03385.DG 0 0 1 2 2
14514 NA12751.DG 0 0 2 2 1
14515 NA12760.DG 0 0 1 2 0
14516 HG00565.DG 0 0 1 2 2
14517 HG00566.DG 0 0 2 2 2
14518 HG02003.DG 0 0 2 2 1
14519 HG02006.DG 0 0 2 2 2
14520 HG03826.DG 0 0 2 2 2
14521 HG03829.DG 0 0 2 2 2
14522 NA20276.DG 0 0 2 2 1
14523 NA20278.DG 0 0 1 2 2
14524 HG02141.DG 0 0 1 2 2
14525 HG02142.DG 0 0 2 2 2
14526 HG00956.DG 0 0 2 2 2
14527 HG00978.DG 0 0 2 2 2
14528 NA18577.DG 0 0 2 2 2
14529 NA18579.DG 0 0 2 2 2
14530 NA18616.DG 0 0 2 2 2
14531 NA18617.DG 0 0 2 2 2
14532 HG00479.DG 0 0 2 2 2
14533 HG00500.DG 0 0 1 2 2
14534 HG02231.DG 0 0 1 2 0
14535 HG02232.DG 0 0 2 2 1
14536 HG02721.DG 0 0 1 2 2
14537 HG02722.DG 0 0 2 2 2
14538 NA19247.DG 0 0 2 2 2
14539 NA19248.DG 0 0 1 2 2
14540 HG02061.DG 0 0 1 2 2
14541 HG02064.DG 0 0 1 2 2
14542 HG03971.DG 0 0 1 2 2
14543 HG03973.DG 0 0 2 2 2
14544 HG02085.DG 0 0 1 2 2
14545 HG02086.DG 0 0 2 2 2
14546 HG03294.DG 0 0 2 2 2
14547 HG03295.DG 0 0 1 2 2
14548 NA19238.DG 0 0 2 2 2
14549 NA19239.DG 0 0 1 2 2
14550 HG02442.DG 0 0 1 2 2
14551 HG02445.DG 0 0 1 2 2
14552 HG03133.DG 0 0 1 2 2
14553 HG03135.DG 0 0 2 2 2
14554 HG04090.DG 0 0 2 2 2
14555 HG04093.DG 0 0 1 2 2
14556 NA18979.DG 0 0 2 2 2
14557 NA18980.DG 0 0 2 2 2
14558 HG01670.DG 0 0 2 2 1
14559 HG01672.DG 0 0 1 2 2
14560 HG04177.DG 0 0 2 2 2
14561 HG04180.DG 0 0 2 2 2
14562 HG02768.DG 0 0 1 2 2
14563 HG02769.DG 0 0 2 2 2
14564 HG03354.DG 0 0 2 2 2
14565 HG03363.DG 0 0 2 2 2
14566 HG02373.DG 0 0 1 2 2
14567 HG02374.DG 0 0 1 2 2
14568 HG00543.DG 0 0 2 2 2
14569 HG00551.DG 0 0 2 2 2
14570 HG03024.DG 0 0 1 2 2
14571 HG03025.DG 0 0 2 2 2
14572 NA12890.DG 0 0 2 2 1
14573 NA18486.DG 0 0 1 2 2
14574 HG01479.DG 0 0 1 2 1
14575 HG01485.DG 0 0 1 2 2
14576 NA19818.DG 0 0 1 2 0
14577 NA19819.DG 0 0 2 2 0
14578 HG02455.DG 0 0 1 2 2
14579 HG02461.DG 0 0 1 2 2
14580 NA20886.DG 0 0 2 2 2
14581 NA20887.DG 0 0 1 2 2
14582 HG02259.DG 0 0 1 2 2
14583 HG02260.DG 0 0 2 2 2
14584 HG02970.DG 0 0 2 2 2
14585 HG02971.DG 0 0 1 2 2
14586 NA20504.DG 0 0 2 2 2
14587 NA20505.DG 0 0 2 2 1
14588 HG01979.DG 0 0 1 2 2
14589 HG01980.DG 0 0 2 2 0
14590 HG03045.DG 0 0 1 2 2
14591 HG03046.DG 0 0 2 2 2
14592 I3931.TW 0 0 1 2 2
14593 I3931.AG.TW 0 0 1 2 2
14594 I3929.TW 0 0 1 2 2
14595 I3929.AG.TW 0 0 1 2 2
14596 I19479.TW 0 0 1 2 NA
14597 I19479.AG 0 0 1 2 NA
14598 I19479.AG.TW 0 0 1 2 NA
14599 I7526.TW 0 0 2 2 NA
14600 I7526.AG.TW 0 0 2 2 NA
14601 I20167.AG 0 0 2 2 NA
14602 I1099.TW 0 0 1 2 2
14603 I1099.AG.TW 0 0 1 2 2
14604 I1100.TW 0 0 2 2 2
14605 I1100.AG.TW 0 0 2 2 2
14606 I1102.TW 0 0 1 2 2
14607 I1102.AG.TW 0 0 1 2 2
14608 I12233.TW 0 0 1 2 2
14609 I12233.AG 0 0 1 2 NA
14610 I12233.AG.TW 0 0 1 2 2
14611 I1430.TW 0 0 1 2 2
14612 I1430.AG 0 0 1 2 NA
14613 I1430.AG.TW 0 0 1 2 2
14614 I1926.TW 0 0 1 2 2
14615 I1926.AG.TW 0 0 1 2 2
14616 I5870.TW 0 0 1 2 2
14617 I5870.AG.TW 0 0 1 2 2
14618 I13890.TW 0 0 1 2 NA
14619 I13890.AG 0 0 1 2 2
14620 I13890.AG.TW 0 0 1 2 2
14621 I13891.TW 0 0 1 2 NA
14622 I13891.AG 0 0 1 2 2
14623 I13891.AG.TW 0 0 1 2 2
14624 I13897.TW 0 0 1 2 NA
14625 I13897.AG 0 0 1 2 2
14626 I13897.AG.TW 0 0 1 2 2
14627 I13898.TW 0 0 1 2 2
14628 I13898.AG 0 0 1 2 2
14629 I13898.AG.TW 0 0 1 2 2
14630 I13899.TW 0 0 1 2 2
14631 I13899.AG 0 0 1 2 2
14632 I13899.AG.TW 0 0 1 2 2
14633 I20821.TW 0 0 1 2 2
14634 I20821.AG 0 0 1 2 2
14635 I20821.AG.TW 0 0 1 2 2
14636 I13895.TW 0 0 1 2 2
14637 I13895.AG 0 0 1 2 2
14638 I13895.AG.TW 0 0 1 2 2
14639 I12091.TW 0 0 1 2 NA
14640 I12091.AG 0 0 1 2 2
14641 I12091.AG.TW 0 0 1 2 2
14642 I12229.TW 0 0 2 2 2
14643 I12229.AG 0 0 2 2 NA
14644 I12229.AG.TW 0 0 2 2 2
14645 I12710.TW 0 0 2 2 NA
14646 I12710.AG 0 0 2 2 NA
14647 I12710.AG.TW 0 0 2 2 NA
14648 I12900.TW 0 0 1 2 NA
14649 I12900.AG.TW 0 0 1 2 NA
14650 I17866.TW 0 0 1 2 NA
14651 I17866.AG 0 0 1 2 2
14652 I17866.AG.TW 0 0 1 2 2
14653 I20751.TW 0 0 2 2 2
14654 I20751.AG.TW 0 0 2 2 2
14655 I5872.TW 0 0 1 2 2
14656 I5872.AG 0 0 1 2 2
14657 I5872.AG.TW 0 0 1 2 2
14658 I7929.TW 0 0 1 2 2
14659 I7929.AG 0 0 1 2 NA
14660 I7929.AG.TW 0 0 1 2 2
14661 I11673.TW 0 0 1 2 NA
14662 I11673.AG 0 0 1 2 2
14663 I11673.AG.TW 0 0 1 2 2
14664 I12094.TW 0 0 2 2 NA
14665 I12094.AG 0 0 2 2 NA
14666 I12094.AG.TW 0 0 2 2 NA
14667 I12704.TW 0 0 1 2 NA
14668 I12704.AG 0 0 1 2 NA
14669 I12704.AG.TW 0 0 1 2 NA
14670 I12896.TW 0 0 2 2 2
14671 I12896.AG 0 0 2 2 NA
14672 I12896.AG.TW 0 0 2 2 2
14673 I20196.TW 0 0 2 2 NA
14674 I20196.AG 0 0 2 2 2
14675 I20196.AG.TW 0 0 2 2 2
14676 I3716.TW 0 0 1 2 2
14677 I3716.AG 0 0 1 2 2
14678 I3716.AG.TW 0 0 1 2 2
14679 I13024.TW 0 0 2 2 NA
14680 I13024.AG 0 0 2 2 NA
14681 I13024.AG.TW 0 0 2 2 NA
14682 I13064.TW 0 0 1 2 2
14683 I13064.AG 0 0 1 2 NA
14684 I13064.AG.TW 0 0 1 2 2
14685 I1699.TW 0 0 2 2 2
14686 I1699.AG.TW 0 0 2 2 2
14687 I17974.TW 0 0 2 2 2
14688 I17974.AG 0 0 2 2 NA
14689 I17974.AG.TW 0 0 2 2 2
14690 I22199.TW 0 0 1 2 2
14691 I22199.AG 0 0 1 2 2
14692 I22199.AG.TW 0 0 1 2 2
14693 I2446.TW 0 0 2 2 NA
14694 I2446.AG 0 0 2 2 2
14695 I2446.AG.TW 0 0 2 2 2
14696 I6558.AG 0 0 1 2 NA
14697 I12706.TW 0 0 2 2 2
14698 I12706.AG 0 0 2 2 NA
14699 I12706.AG.TW 0 0 2 2 2
14700 I16385.TW 0 0 1 2 0
14701 I16385.AG.TW 0 0 1 2 0
14702 I2108.TW 0 0 2 2 2
14703 I2108.AG 0 0 2 2 NA
14704 I2108.AG.TW 0 0 2 2 2
14705 I22201.TW 0 0 1 2 2
14706 I22201.AG 0 0 1 2 NA
14707 I22201.AG.TW 0 0 1 2 2
14708 I7586.TW 0 0 2 2 2
14709 I7586.AG 0 0 2 2 NA
14710 I7586.AG.TW 0 0 2 2 2
14711 I5204.TW 0 0 1 2 2
14712 I5204.AG 0 0 1 2 2
14713 I5204.AG.TW 0 0 1 2 2
14714 I13836.TW 0 0 2 2 NA
14715 I13836.AG 0 0 2 2 2
14716 I13836.AG.TW 0 0 2 2 2
14717 I3715.TW 0 0 1 2 2
14718 I3715.AG.TW 0 0 1 2 2
14719 I5882.TW 0 0 2 2 2
14720 I5882.AG.TW 0 0 2 2 2
14721 I12437.TW 0 0 1 2 2
14722 I12437.AG 0 0 1 2 NA
14723 I12437.AG.TW 0 0 1 2 2
14724 I12438.TW 0 0 1 2 2
14725 I12438.AG 0 0 1 2 2
14726 I12438.AG.TW 0 0 1 2 2
14727 I21385.TW 0 0 1 2 2
14728 I21385.AG 0 0 1 2 2
14729 I21385.AG.TW 0 0 1 2 2
14730 I21387.AG 0 0 2 2 NA
14731 I21388.TW 0 0 1 2 2
14732 I21388.AG 0 0 1 2 NA
14733 I21388.AG.TW 0 0 1 2 2
14734 I21389.TW 0 0 1 2 2
14735 I21389.AG 0 0 1 2 NA
14736 I21389.AG.TW 0 0 1 2 2
14737 I21391.TW 0 0 2 2 2
14738 I21391.AG 0 0 2 2 NA
14739 I21391.AG.TW 0 0 2 2 2
14740 I21393.TW 0 0 1 2 2
14741 I21393.AG 0 0 1 2 NA
14742 I21393.AG.TW 0 0 1 2 2
14743 I21395.TW 0 0 1 2 2
14744 I21395.AG 0 0 1 2 NA
14745 I21395.AG.TW 0 0 1 2 2
14746 I21392.TW 0 0 1 2 NA
14747 I21392.AG 0 0 1 2 NA
14748 I21392.AG.TW 0 0 1 2 NA
14749 I1690.TW 0 0 1 2 2
14750 I1690_alt.AG 0 0 1 2 2
14751 I1690.AG.TW 0 0 1 2 2
14752 I18202.TW 0 0 1 2 NA
14753 I18202.AG 0 0 1 2 2
14754 I18202.AG.TW 0 0 1 2 2
14755 I20072.TW 0 0 1 2 NA
14756 I20072.AG 0 0 1 2 NA
14757 I20072.AG.TW 0 0 1 2 NA
14758 I21387.TW 0 0 2 2 NA
14759 I21387.AG.TW 0 0 2 2 NA
14760 I5894.TW 0 0 1 2 NA
14761 I5894.AG 0 0 1 2 NA
14762 I5894.AG.TW 0 0 1 2 NA
14763 I1685_alt.AG 0 0 1 2 NA
14764 I1685.AG.TW 0 0 1 2 NA
14765 I11048.TW 0 0 1 2 2
14766 I11048.AG 0 0 1 2 2
14767 I11048.AG.TW 0 0 1 2 2
14768 I28388.TW 0 0 1 2 2
14769 I28388.AG.TW 0 0 1 2 2
14770 I19020.TW 0 0 2 2 NA
14771 I19020.AG 0 0 2 2 NA
14772 I19020.AG.TW 0 0 2 2 NA
14773 I11049.TW 0 0 1 2 NA
14774 I11049.AG 0 0 1 2 NA
14775 I11049.AG.TW 0 0 1 2 NA
14776 I19264.TW 0 0 1 2 NA
14777 I19264.AG 0 0 1 2 NA
14778 I19264.AG.TW 0 0 1 2 NA
14779 I28394.TW 0 0 2 2 NA
14780 I28394.AG.TW 0 0 2 2 2
14781 I10208.AG 0 0 1 2 2
14782 I10208.AG.TW 0 0 1 2 2
14783 I11850.TW 0 0 2 2 NA
14784 I11850.AG 0 0 2 2 NA
14785 I11850.AG.TW 0 0 2 2 NA
14786 I1671.TW 0 0 1 2 2
14787 I1671.AG.TW 0 0 1 2 2
14788 I12168.TW 0 0 1 2 2
14789 I12168.AG 0 0 1 2 2
14790 I12168.AG.TW 0 0 1 2 2
14791 I2448.TW 0 0 1 2 2
14792 I2448.AG.TW 0 0 1 2 2
14793 I2110.TW 0 0 1 2 NA
14794 I2110.AG.TW 0 0 1 2 2
14795 I8093.TW 0 0 2 2 NA
14796 I8093.AG 0 0 2 2 NA
14797 I8093.AG.TW 0 0 2 2 NA
14798 I19016.TW 0 0 2 2 NA
14799 I19016.AG 0 0 2 2 NA
14800 I19016.AG.TW 0 0 2 2 NA
14801 I24277.TW 0 0 1 2 2
14802 I24277.AG 0 0 1 2 2
14803 I24277.AG.TW 0 0 1 2 2
14804 I6559.TW 0 0 2 2 NA
14805 I6559.AG 0 0 2 2 NA
14806 I6559.AG.TW 0 0 2 2 NA
14807 I1423.TW 0 0 1 2 2
14808 I1423.AG 0 0 1 2 NA
14809 I1423.AG.TW 0 0 1 2 2
14810 I24280.TW 0 0 1 2 2
14811 I24280.AG 0 0 1 2 2
14812 I24280.AG.TW 0 0 1 2 2
14813 I3719.TW 0 0 1 2 2
14814 I3719.AG 0 0 1 2 2
14815 I3719.AG.TW 0 0 1 2 2
14816 I8554.TW 0 0 1 2 NA
14817 I8554.AG.TW 0 0 1 2 NA
14818 I0726.TW 0 0 2 2 2
14819 I0726.AG.TW 0 0 2 2 2
14820 I1424.TW 0 0 1 2 NA
14821 I17432.TW 0 0 1 2 2
14822 I17432.AG 0 0 1 2 NA
14823 I17432.AG.TW 0 0 1 2 2
14824 I3141.TW 0 0 2 2 NA
14825 I3141.AG.TW 0 0 2 2 2
14826 I24276.TW 0 0 1 2 2
14827 I24276.AG 0 0 1 2 2
14828 I24276.AG.TW 0 0 1 2 2
14829 I10597.TW 0 0 1 2 2
14830 I10597.AG 0 0 1 2 2
14831 I10597.AG.TW 0 0 1 2 2
14832 I10630.TW 0 0 1 2 2
14833 I10630.AG 0 0 1 2 2
14834 I10630.AG.TW 0 0 1 2 2
14835 I11999.TW 0 0 1 2 NA
14836 I11999.AG 0 0 1 2 2
14837 I11999.AG.TW 0 0 1 2 2
14838 I12493.TW 0 0 1 2 NA
14839 I12493.AG 0 0 1 2 NA
14840 I12493.AG.TW 0 0 1 2 NA
14841 I12617.TW 0 0 2 2 NA
14842 I12617.AG 0 0 2 2 NA
14843 I12617.AG.TW 0 0 2 2 NA
14844 I13863.TW 0 0 2 2 NA
14845 I13863.AG.TW 0 0 2 2 2
14846 I17744.TW 0 0 1 2 NA
14847 I17744.AG 0 0 1 2 NA
14848 I17744.AG.TW 0 0 1 2 NA
14849 I18819.TW 0 0 1 2 NA
14850 I18819.AG 0 0 1 2 2
14851 I18819.AG.TW 0 0 1 2 2
14852 I20089.TW 0 0 1 2 2
14853 I20089.AG 0 0 1 2 NA
14854 I20089.AG.TW 0 0 1 2 2
14855 I4429.TW 0 0 1 2 NA
14856 I4429.AG 0 0 1 2 NA
14857 I4429.AG.TW 0 0 1 2 NA
14858 I5886.TW 0 0 1 2 2
14859 I5886.AG 0 0 1 2 NA
14860 I5886.AG.TW 0 0 1 2 2
14861 I6705.TW 0 0 1 2 2
14862 I6705.AG 0 0 1 2 2
14863 I6705.AG.TW 0 0 1 2 2
14864 I6884.TW 0 0 1 2 0
14865 I6884.AG 0 0 1 2 NA
14866 I6884.AG.TW 0 0 1 2 0
14867 I6885.TW 0 0 1 2 NA
14868 I6885.AG 0 0 1 2 2
14869 I6885.AG.TW 0 0 1 2 2
14870 I6905.TW 0 0 2 2 NA
14871 I6905.AG.TW 0 0 2 2 NA
14872 I7857.AG 0 0 2 2 NA
14873 I7857.AG.TW 0 0 2 2 NA
14874 I8451.TW 0 0 1 2 NA
14875 I8451.AG 0 0 1 2 2
14876 I8451.AG.TW 0 0 1 2 2
14877 I8742.TW 0 0 1 2 2
14878 I8742.AG 0 0 1 2 NA
14879 I8742.AG.TW 0 0 1 2 2
14880 I10034.TW 0 0 1 2 2
14881 I10034.AG 0 0 1 2 NA
14882 I10034.AG.TW 0 0 1 2 2
14883 I10627.TW 0 0 1 2 NA
14884 I10627.AG 0 0 1 2 2
14885 I10627.AG.TW 0 0 1 2 2
14886 I10714.TW 0 0 1 2 NA
14887 I10714.AG 0 0 1 2 2
14888 I10714.AG.TW 0 0 1 2 2
14889 I12498.TW 0 0 1 2 2
14890 I12498.AG.TW 0 0 1 2 2
14891 I14897.TW 0 0 2 2 2
14892 I14897.AG.TW 0 0 2 2 2
14893 I18820.TW 0 0 2 2 2
14894 I18820.AG 0 0 2 2 2
14895 I18820.AG.TW 0 0 2 2 2
14896 I20101.TW 0 0 1 2 2
14897 I20101.AG 0 0 1 2 2
14898 I20101.AG.TW 0 0 1 2 2
14899 I20541.TW 0 0 1 2 2
14900 I20541.AG 0 0 1 2 NA
14901 I20541.AG.TW 0 0 1 2 2
14902 I27282.TW 0 0 1 2 NA
14903 I27282.AG 0 0 1 2 NA
14904 I27282.AG.TW 0 0 1 2 NA
14905 I27930.TW 0 0 1 2 NA
14906 I27930.AG 0 0 1 2 NA
14907 I27930.AG.TW 0 0 1 2 NA
14908 I27983.TW 0 0 1 2 NA
14909 I27983.AG 0 0 1 2 0
14910 I27983.AG.TW 0 0 1 2 0
14911 I5120.TW 0 0 2 2 2
14912 I5120.AG.TW 0 0 2 2 2
14913 I5888.TW 0 0 1 2 2
14914 I5888.AG 0 0 1 2 NA
14915 I5888.AG.TW 0 0 1 2 2
14916 I6297.TW 0 0 2 2 2
14917 I6297.AG 0 0 2 2 2
14918 I6297.AG.TW 0 0 2 2 2
14919 I6904.TW 0 0 1 2 2
14920 I6904.AG.TW 0 0 1 2 2
14921 NEO182.TW 0 0 1 2 2
14922 NEO182.AG.TW 0 0 1 2 2
14923 NEO183.TW 0 0 1 2 2
14924 NEO183.AG.TW 0 0 1 2 2
14925 I8744.TW 0 0 1 2 2
14926 I8744.AG 0 0 1 2 NA
14927 I8744.AG.TW 0 0 1 2 2
14928 I8950.TW 0 0 1 2 2
14929 I8950.AG 0 0 1 2 NA
14930 I8950.AG.TW 0 0 1 2 2
14931 I8951.TW 0 0 1 2 2
14932 I8951.AG 0 0 1 2 2
14933 I8951.AG.TW 0 0 1 2 2
14934 I10498.TW 0 0 2 2 NA
14935 I10498.AG 0 0 2 2 2
14936 I10498.AG.TW 0 0 2 2 2
14937 I10628.TW 0 0 1 2 2
14938 I10628.AG 0 0 1 2 2
14939 I10628.AG.TW 0 0 1 2 2
14940 I11831.TW 0 0 1 2 NA
14941 I11831.AG 0 0 1 2 NA
14942 I11831.AG.TW 0 0 1 2 NA
14943 I12823.TW 0 0 1 2 2
14944 I12823.AG 0 0 1 2 NA
14945 I12823.AG.TW 0 0 1 2 2
14946 I14741.TW 0 0 2 2 NA
14947 I14741.AG.TW 0 0 2 2 NA
14948 I14852.TW 0 0 2 2 0
14949 I14852.AG.TW 0 0 2 2 0
14950 ukr104.TW 0 0 2 2 NA
14951 ukr104.AG 0 0 2 2 NA
14952 ukr104.AG.TW 0 0 2 2 NA
14953 I5881.TW 0 0 1 2 2
14954 I5881.AG 0 0 1 2 NA
14955 I5881.AG.TW 0 0 1 2 2
14956 I6300.TW 0 0 2 2 2
14957 I6300.AG.TW 0 0 2 2 2
14958 I6301.TW 0 0 2 2 NA
14959 I6301.AG.TW 0 0 2 2 NA
14960 I6907.TW 0 0 2 2 NA
14961 I6907.AG 0 0 2 2 2
14962 I6907.AG.TW 0 0 2 2 2
14963 NEO184.TW 0 0 2 2 2
14964 NEO184.AG.TW 0 0 2 2 2
14965 I8740.TW 0 0 1 2 2
14966 I8740.AG 0 0 1 2 NA
14967 I8740.AG.TW 0 0 1 2 2
14968 I8952.TW 0 0 1 2 2
14969 I8952.AG 0 0 1 2 2
14970 I8952.AG.TW 0 0 1 2 2
14971 I16326.TW 0 0 2 2 2
14972 I16326.AG.TW 0 0 2 2 2
14973 I10891.TW 0 0 1 2 2
14974 I10891.AG 0 0 1 2 2
14975 I10891.AG.TW 0 0 1 2 2
14976 I4112.TW 0 0 1 2 2
14977 I4112.AG 0 0 1 2 NA
14978 I4112.AG.TW 0 0 1 2 2
14979 I1690_d.AG.TW 0 0 1 2 NA
14980 I1685_d.AG 0 0 1 2 NA
14981 I1685_d.AG.TW 0 0 1 2 NA
14982 NEO183_d.TW 0 0 1 2 2
14983 NEO183_d.AG 0 0 1 2 NA
14984 NEO183_d.AG.TW 0 0 1 2 2
14985 Gordinesti.SG 0 0 2 2 NA
14986 Pocrovca1.SG 0 0 2 2 NA
14987 Pocrovca2.SG 0 0 2 2 2
14988 MA1863.SG 0 0 1 2 NA
14989 MA1864.SG 0 0 2 2 NA
14990 KDR001.SG 0 0 0 2 NA
14991 BAJ020.AG 0 0 2 2 2
14992 BAJ022.AG 0 0 1 2 2
14993 NEV009.AG 0 0 2 2 2
14994 NEV014.AG 0 0 2 2 NA
14995 NEV020.AG 0 0 2 2 2
14996 NEV021.AG 0 0 2 2 2
14997 NEV030.AG 0 0 1 2 2
14998 I42078.TW 0 0 1 2 2
14999 I42079.TW 0 0 1 2 2
15000 I42080.TW 0 0 1 2 NA
15001 I41048.TW 0 0 1 2 2
15002 I41056.TW 0 0 1 2 NA
15003 I41042.TW 0 0 2 2 2
15004 I41051.TW 0 0 2 2 2
15005 I41052.TW 0 0 1 2 2
15006 I41045.TW 0 0 2 2 2
15007 I41045_d.TW 0 0 2 2 NA
15008 I40451.TW 0 0 1 2 2
15009 I40452.TW 0 0 2 2 2
15010 I40460.TW 0 0 1 2 2
15011 I40454.TW 0 0 1 2 2
15012 NEO1.SG 0 0 1 2 NA
15013 NEO310.SG 0 0 1 2 NA
15014 NEO33.SG 0 0 1 2 NA
15015 NEO36.SG 0 0 2 2 2
15016 NEO38.SG 0 0 2 2 NA
15017 NEO39.SG 0 0 1 2 NA
15018 NEO41.SG 0 0 1 2 NA
15019 NEO43.SG 0 0 1 2 NA
15020 NEO44.SG 0 0 2 2 NA
15021 NEO46.SG 0 0 2 2 NA
15022 NEO492.SG 0 0 1 2 NA
15023 NEO121.SG 0 0 1 2 NA
15024 VSL004.SG 0 0 1 2 NA
15025 NEO496.SG 0 0 1 2 NA
15026 NEO497.SG 0 0 1 2 NA
15027 NEO498.SG 0 0 1 2 2
15028 NEO501.SG 0 0 1 2 NA
15029 NEO502.SG 0 0 1 2 2
15030 NEO503.SG 0 0 2 2 NA
15031 NEO507.SG 0 0 1 2 NA
15032 NEO508.SG 0 0 2 2 NA
15033 NEO509.SG 0 0 1 2 2
15034 NEO122.SG 0 0 2 2 2
15035 NEO51.SG 0 0 2 2 2
15036 NEO514.SG 0 0 1 2 NA
15037 IGR001.SG 0 0 1 2 NA
15038 NEO518.SG 0 0 1 2 NA
15039 NEO52.SG 0 0 1 2 NA
15040 NEO521.SG 0 0 2 2 NA
15041 NEO522.SG 0 0 1 2 NA
15042 NEO524.SG 0 0 1 2 2
15043 NEO527.SG 0 0 2 2 NA
15044 NEO528.SG 0 0 1 2 NA
15045 NEO123.SG 0 0 2 2 NA
15046 NEO529.SG 0 0 2 2 2
15047 NEO536.SG 0 0 1 2 NA
15048 NEO537.SG 0 0 1 2 NA
15049 NEO538.SG 0 0 1 2 2
15050 MNN006.SG 0 0 2 2 0
15051 VSL003.SG 0 0 1 2 NA
15052 NEO549.SG 0 0 1 2 NA
15053 NEO550.SG 0 0 2 2 NA
15054 NEO551.SG 0 0 2 2 NA
15055 NEO552.SG 0 0 1 2 NA
15056 NEO128.SG 0 0 1 2 NA
15057 NEO553.SG 0 0 2 2 NA
15058 NEO554.SG 0 0 2 2 NA
15059 NEO555.SG 0 0 1 2 2
15060 NEO556.SG 0 0 2 2 2
15061 NEO557.SG 0 0 1 2 2
15062 NEO558.SG 0 0 1 2 2
15063 KVH001.SG 0 0 1 2 2
15064 NEO560.SG 0 0 1 2 2
15065 NEO561.SG 0 0 2 2 2
15066 NEO563.SG 0 0 1 2 2
15067 NEO13.SG 0 0 1 2 NA
15068 NEO564.SG 0 0 1 2 NA
15069 NEO566.SG 0 0 1 2 NA
15070 NEO568.SG 0 0 1 2 2
15071 NEO569.SG 0 0 1 2 NA
15072 NEO57.SG 0 0 2 2 NA
15073 NEO570.SG 0 0 2 2 2
15074 NEO571.SG 0 0 2 2 NA
15075 NEO580.SG 0 0 2 2 NA
15076 NEO583.SG 0 0 2 2 NA
15077 NEO586.SG 0 0 1 2 NA
15078 NEO130.SG 0 0 2 2 NA
15079 NEO587.SG 0 0 1 2 2
15080 NEO589.SG 0 0 1 2 2
15081 NEO590.SG 0 0 1 2 2
15082 NEO594.SG 0 0 1 2 NA
15083 NEO595.SG 0 0 1 2 2
15084 NEO597.SG 0 0 1 2 NA
15085 NEO598.SG 0 0 2 2 NA
15086 NEO599.SG 0 0 1 2 2
15087 NEO60.SG 0 0 2 2 NA
15088 NEO600.SG 0 0 1 2 2
15089 NEO137.SG 0 0 2 2 NA
15090 NEO601.SG 0 0 2 2 NA
15091 NEO602.SG 0 0 1 2 NA
15092 NEO603.SG 0 0 2 2 NA
15093 NEO609.SG 0 0 1 2 2
15094 NEO61.SG 0 0 2 2 NA
15095 NEO62.SG 0 0 2 2 NA
15096 NEO624.SG 0 0 2 2 2
15097 NEO625.SG 0 0 1 2 NA
15098 NEO626.SG 0 0 1 2 2
15099 NEO627.SG 0 0 1 2 2
15100 NEO140.SG 0 0 1 2 NA
15101 NEO63.SG 0 0 1 2 NA
15102 NEO630.SG 0 0 1 2 NA
15103 NEO631.SG 0 0 1 2 NA
15104 NEO632.SG 0 0 1 2 NA
15105 NEO64.SG 0 0 1 2 2
15106 NEO640.SG 0 0 1 2 NA
15107 NEO641.SG 0 0 2 2 NA
15108 NEO645.SG 0 0 1 2 NA
15109 NEO646.SG 0 0 2 2 2
15110 NEO648.SG 0 0 1 2 2
15111 NEO142.SG 0 0 2 2 NA
15112 NEO649.SG 0 0 1 2 2
15113 NEO65.SG 0 0 1 2 2
15114 NEO650.SG 0 0 1 2 NA
15115 NEO653.SG 0 0 2 2 NA
15116 NEO655.SG 0 0 2 2 NA
15117 NEO657.SG 0 0 2 2 NA
15118 NEO658.SG 0 0 2 2 NA
15119 I5407_alt.SG 0 0 2 2 2
15120 NEO67.SG 0 0 1 2 2
15121 NEO671.SG 0 0 1 2 NA
15122 NEO143.SG 0 0 1 2 NA
15123 NEO100.SG 0 0 1 2 NA
15124 NEO672.SG 0 0 2 2 NA
15125 NEO674.SG 0 0 1 2 2
15126 NEO677.SG 0 0 1 2 2
15127 NEO679.SG 0 0 2 2 NA
15128 NEO68.SG 0 0 2 2 2
15129 NEO683.SG 0 0 2 2 2
15130 NEO687.SG 0 0 1 2 NA
15131 NEO694.SG 0 0 1 2 NA
15132 NEO695_alt1.SG 0 0 2 2 NA
15133 NEO7.SG 0 0 1 2 NA
15134 NEO145.SG 0 0 2 2 NA
15135 RISE554.SG 0 0 1 2 2
15136 NEO702.SG 0 0 1 2 NA
15137 NEO717.SG 0 0 1 2 NA
15138 NEO72.SG 0 0 1 2 NA
15139 NEO721.SG 0 0 2 2 2
15140 I1960_alt.SG 0 0 2 2 2
15141 NEO732.SG 0 0 2 2 NA
15142 NEO733.SG 0 0 2 2 2
15143 NEO735.SG 0 0 1 2 NA
15144 NEO737.SG 0 0 1 2 2
15145 NEO147.SG 0 0 2 2 2
15146 NEO738.SG 0 0 1 2 2
15147 NEO739.SG 0 0 1 2 2
15148 NEO744.SG 0 0 1 2 2
15149 NEO745.SG 0 0 1 2 2
15150 NEO746.SG 0 0 1 2 NA
15151 NEO747.SG 0 0 1 2 NA
15152 NEO748.SG 0 0 1 2 NA
15153 NEO749.SG 0 0 1 2 2
15154 NEO75.SG 0 0 1 2 NA
15155 NEO751.SG 0 0 1 2 NA
15156 NEO148.SG 0 0 2 2 NA
15157 NEO752.SG 0 0 1 2 2
15158 NEO753.SG 0 0 2 2 NA
15159 NEO757.SG 0 0 2 2 NA
15160 NEO759.SG 0 0 1 2 2
15161 NEO76.SG 0 0 2 2 NA
15162 NEO77.SG 0 0 1 2 NA
15163 NEO78.SG 0 0 1 2 2
15164 NEO79.SG 0 0 2 2 2
15165 NEO790.SG 0 0 1 2 2
15166 NEO791.SG 0 0 1 2 2
15167 NEO149.SG 0 0 1 2 NA
15168 NEO792.SG 0 0 1 2 2
15169 NEO795.SG 0 0 1 2 NA
15170 NEO80.SG 0 0 2 2 2
15171 NEO806.SG 0 0 1 2 2
15172 NEO81.SG 0 0 1 2 NA
15173 NEO812.SG 0 0 2 2 2
15174 NEO813.SG 0 0 2 2 2
15175 NEO814.SG 0 0 2 2 2
15176 NEO815.SG 0 0 1 2 NA
15177 NEO816.SG 0 0 1 2 NA
15178 NEO158.SG 0 0 1 2 NA
15179 NEO817.SG 0 0 0 2 NA
15180 NEO819.SG 0 0 2 2 NA
15181 NEO822.SG 0 0 2 2 NA
15182 NEO823.SG 0 0 1 2 NA
15183 NEO828.SG 0 0 1 2 NA
15184 NEO83.SG 0 0 1 2 2
15185 NEO830.SG 0 0 2 2 NA
15186 NEO834.SG 0 0 1 2 NA
15187 NEO841.SG 0 0 2 2 NA
15188 NEO843.SG 0 0 2 2 NA
15189 NEO160.SG 0 0 2 2 2
15190 NEO847.SG 0 0 1 2 2
15191 NEO852.SG 0 0 2 2 NA
15192 NEO853.SG 0 0 2 2 2
15193 NEO855.SG 0 0 1 2 NA
15194 NEO856.SG 0 0 2 2 NA
15195 NEO857.SG 0 0 1 2 NA
15196 NEO860.SG 0 0 1 2 NA
15197 NEO861.SG 0 0 2 2 NA
15198 NEO865.SG 0 0 1 2 NA
15199 NEO866.SG 0 0 1 2 2
15200 NEO162.SG 0 0 2 2 NA
15201 NEO87.SG 0 0 2 2 NA
15202 NEO870.SG 0 0 1 2 NA
15203 NEO872.SG 0 0 1 2 NA
15204 NEO875.SG 0 0 1 2 NA
15205 NEO876.SG 0 0 1 2 NA
15206 NEO878.SG 0 0 2 2 NA
15207 NEO88.SG 0 0 1 2 2
15208 NEO886.SG 0 0 1 2 NA
15209 NEO888.SG 0 0 2 2 NA
15210 NEO891.SG 0 0 2 2 2
15211 NEO163.SG 0 0 1 2 NA
15212 NEO896.SG 0 0 2 2 NA
15213 NEO898.SG 0 0 1 2 NA
15214 NEO899.SG 0 0 2 2 2
15215 NEO900.SG 0 0 1 2 NA
15216 NEO901.SG 0 0 2 2 NA
15217 NEO902.SG 0 0 1 2 NA
15218 NEO904.SG 0 0 2 2 NA
15219 NEO907.SG 0 0 1 2 NA
15220 NEO91.SG 0 0 1 2 2
15221 NEO910.SG 0 0 2 2 NA
15222 NEO164.SG 0 0 1 2 2
15223 NEO911.SG 0 0 1 2 2
15224 NEO912.SG 0 0 2 2 2
15225 NEO915.SG 0 0 1 2 NA
15226 NEO918.SG 0 0 2 2 NA
15227 NEO92.SG 0 0 1 2 NA
15228 NEO921.SG 0 0 2 2 NA
15229 NEO922.SG 0 0 1 2 NA
15230 NEO923.SG 0 0 2 2 NA
15231 NEO166.SG 0 0 1 2 2
15232 NEO102.SG 0 0 1 2 NA
15233 NEO925.SG 0 0 2 2 NA
15234 NEO93.SG 0 0 1 2 2
15235 NEO930.SG 0 0 1 2 NA
15236 NEO932.SG 0 0 2 2 2
15237 NEO933.SG 0 0 1 2 NA
15238 NEO934.SG 0 0 2 2 NA
15239 NEO935.SG 0 0 1 2 2
15240 NEO938.SG 0 0 2 2 2
15241 NEO941.SG 0 0 2 2 NA
15242 NEO942.SG 0 0 2 2 NA
15243 NEO167.SG 0 0 2 2 NA
15244 NEO943.SG 0 0 1 2 2
15245 NEO945.SG 0 0 2 2 2
15246 NEO946.SG 0 0 1 2 2
15247 NEO951.SG 0 0 2 2 2
15248 NEO960.SG 0 0 1 2 2
15249 NEO961.SG 0 0 2 2 NA
15250 NEO962.SG 0 0 1 2 NA
15251 NEO168.SG 0 0 2 2 NA
15252 NEO17.SG 0 0 1 2 2
15253 NEO170.SG 0 0 2 2 NA
15254 NEO171.SG 0 0 2 2 NA
15255 NEO172.SG 0 0 1 2 NA
15256 NEO173.SG 0 0 2 2 NA
15257 NEO174.SG 0 0 2 2 NA
15258 NEO175.SG 0 0 1 2 2
15259 NEO178.SG 0 0 1 2 NA
15260 NEO110.SG 0 0 2 2 NA
15261 NEO179.SG 0 0 2 2 2
15262 NEO18.SG 0 0 1 2 2
15263 NEO180.SG 0 0 1 2 NA
15264 NEO181.SG 0 0 1 2 NA
15265 NEO182.SG 0 0 1 2 NA
15266 NEO183.SG 0 0 1 2 NA
15267 NEO184.SG 0 0 2 2 2
15268 NEO185.SG 0 0 1 2 2
15269 NEO186.SG 0 0 1 2 2
15270 NEO187.SG 0 0 2 2 NA
15271 NEO113.SG 0 0 1 2 2
15272 NEO188.SG 0 0 1 2 NA
15273 NEO189.SG 0 0 1 2 NA
15274 NEO19.SG 0 0 1 2 2
15275 NEO192.SG 0 0 2 2 NA
15276 NEO193.SG 0 0 1 2 NA
15277 NEO194.SG 0 0 1 2 2
15278 NEO195.SG 0 0 1 2 2
15279 NEO197.SG 0 0 1 2 NA
15280 NEO199.SG 0 0 1 2 NA
15281 NEO200.SG 0 0 1 2 2
15282 NEO115.SG 0 0 1 2 2
15283 NEO201.SG 0 0 1 2 NA
15284 PES001.SG 0 0 1 2 2
15285 NEO204.SG 0 0 1 2 NA
15286 NEO207.SG 0 0 2 2 NA
15287 NEO209.SG 0 0 1 2 NA
15288 NEO210.SG 0 0 1 2 NA
15289 NEO212.SG 0 0 1 2 2
15290 NEO220.SG 0 0 1 2 NA
15291 NEO221.SG 0 0 1 2 NA
15292 NEO223.SG 0 0 1 2 NA
15293 NEO116.SG 0 0 2 2 2
15294 NEO224.SG 0 0 2 2 NA
15295 NEO225.SG 0 0 2 2 2
15296 NEO226.SG 0 0 2 2 NA
15297 NEO227.SG 0 0 1 2 NA
15298 NEO228.SG 0 0 1 2 NA
15299 NEO23.SG 0 0 1 2 2
15300 NEO25.SG 0 0 2 2 NA
15301 NEO254.SG 0 0 1 2 NA
15302 NEO259.SG 0 0 1 2 NA
15303 NEO260.SG 0 0 1 2 2
15304 NEO117.SG 0 0 1 2 NA
15305 NEO261.SG 0 0 1 2 2
15306 NEO262.SG 0 0 1 2 NA
15307 NEO265.SG 0 0 1 2 NA
15308 NEO268.SG 0 0 1 2 NA
15309 NEO27.SG 0 0 1 2 2
15310 NEO270.SG 0 0 1 2 2
15311 NEO278.SG 0 0 1 2 NA
15312 NEO28.SG 0 0 1 2 NA
15313 NEO281.SG 0 0 1 2 2
15314 NEO283.SG 0 0 2 2 NA
15315 NEO119.SG 0 0 2 2 NA
15316 NEO29.SG 0 0 2 2 2
15317 NEO292.SG 0 0 1 2 2
15318 NEO3.SG 0 0 1 2 NA
15319 NEO300.SG 0 0 2 2 2
15320 NEO302.SG 0 0 1 2 2
15321 NEO304.SG 0 0 1 2 2
15322 NEO305.SG 0 0 1 2 2
15323 NEO307.SG 0 0 1 2 NA
15324 NEO309.SG 0 0 1 2 2
15325 NEO120.SG 0 0 2 2 NA
15326 BK3A.SG 0 0 1 2 NA
15327 BK3C.SG 0 0 1 2 NA
15328 b10-2.AG.SG 0 0 1 2 2
15329 b1-1.AG.SG 0 0 1 2 2
15330 b1-2.AG.SG 0 0 1 2 2
15331 b13-1.AG.SG 0 0 1 2 2
15332 b22-1.SG 0 0 1 2 2
15333 b24-1.AG 0 0 1 2 2
15334 b25-1.AG.SG 0 0 2 2 2
15335 b26-1.AG.SG 0 0 2 2 2
15336 b27-1.SG 0 0 2 2 2
15337 b28-1.AG.SG 0 0 1 2 NA
15338 b28-2.SG 0 0 2 2 NA
15339 b2a-1.AG.SG 0 0 1 2 2
15340 b2a-2.AG.SG 0 0 2 2 2
15341 b2b-1.AG.SG 0 0 1 2 2
15342 b30-1.AG.SG 0 0 1 2 2
15343 b3-1.AG 0 0 2 2 2
15344 b31-1.AG.SG 0 0 1 2 2
15345 b32-1.AG.SG 0 0 1 2 2
15346 b32-2.AG.SG 0 0 2 2 2
15347 b33-1.AG.SG 0 0 2 2 2
15348 b4-1.AG 0 0 1 2 2
15349 b6-1.AG.SG 0 0 1 2 2
15350 b7-1.AG.SG 0 0 1 2 2
15351 b8-1.AG.SG 0 0 2 2 2
15352 b8-2.AG.SG 0 0 1 2 2
15353 j15-1.SG 0 0 2 2 2
15354 j15-2.SG 0 0 2 2 2
15355 j3-1.SG 0 0 1 2 2
15356 j6-1.SG 0 0 1 2 2
15357 j9-1.SG 0 0 2 2 NA
15358 poz1039.SG 0 0 0 2 NA
15359 poz155.SG 0 0 2 2 NA
15360 poz230.SG 0 0 0 2 2
15361 poz296.SG 0 0 0 2 NA
15362 poz462.SG 0 0 0 2 NA
15363 poz498.SG 0 0 0 2 NA
15364 poz502.SG 0 0 0 2 NA
15365 poz506.SG 0 0 0 2 NA
15366 poz507.SG 0 0 0 2 0
15367 poz514.SG 0 0 0 2 NA
15368 poz529.SG 0 0 2 2 NA
15369 poz530.SG 0 0 2 2 NA
15370 poz529_alt1.SG 0 0 2 2 NA
15371 poz533.SG 0 0 0 2 NA
15372 poz534.SG 0 0 0 2 NA
15373 poz535.SG 0 0 2 2 NA
15374 poz537.SG 0 0 0 2 NA
15375 poz538.SG 0 0 2 2 NA
15376 poz543.SG 0 0 0 2 NA
15377 poz545.SG 0 0 2 2 NA
15378 poz551.SG 0 0 2 2 NA
15379 poz552.SG 0 0 2 2 NA
15380 poz554.SG 0 0 1 2 2
15381 poz555.SG 0 0 0 2 NA
15382 poz556.SG 0 0 0 2 NA
15383 poz557.SG 0 0 0 2 NA
15384 poz559.SG 0 0 2 2 NA
15385 poz583.SG 0 0 0 2 NA
15386 poz584.SG 0 0 2 2 NA
15387 poz636.SG 0 0 2 2 2
15388 poz637.SG 0 0 2 2 NA
15389 poz643.SG 0 0 0 2 0
15390 poz644.SG 0 0 2 2 2
15391 poz649.SG 0 0 0 2 NA
15392 poz650.SG 0 0 2 2 NA
15393 poz651.SG 0 0 0 2 NA
15394 poz652.SG 0 0 2 2 NA
15395 poz654.SG 0 0 2 2 NA
15396 poz655.SG 0 0 0 2 2
15397 poz658.SG 0 0 0 2 NA
15398 poz659.SG 0 0 2 2 2
15399 poz660.SG 0 0 2 2 2
15400 poz661.SG 0 0 1 2 2
15401 poz662.SG 0 0 1 2 2
15402 poz663.SG 0 0 2 2 NA
15403 poz664.SG 0 0 2 2 2
15404 poz665.SG 0 0 1 2 0
15405 poz667.SG 0 0 0 2 NA
15406 poz670.SG 0 0 2 2 NA
15407 poz671.SG 0 0 2 2 NA
15408 poz672.SG 0 0 2 2 NA
15409 poz673.SG 0 0 2 2 NA
15410 poz674.SG 0 0 2 2 NA
15411 poz675.SG 0 0 0 2 NA
15412 poz678.SG 0 0 2 2 NA
15413 poz679.SG 0 0 2 2 NA
15414 poz680.SG 0 0 2 2 NA
15415 poz682.SG 0 0 2 2 NA
15416 poz683.SG 0 0 2 2 NA
15417 poz684.SG 0 0 0 2 0
15418 poz687.SG 0 0 2 2 NA
15419 poz690.SG 0 0 0 2 2
15420 poz693.SG 0 0 0 2 NA
15421 poz694.SG 0 0 0 2 2
15422 poz700.SG 0 0 0 2 2
15423 poz702.SG 0 0 2 2 2
15424 poz709.SG 0 0 2 2 NA
15425 poz710.SG 0 0 2 2 NA
15426 poz711.SG 0 0 0 2 NA
15427 poz712.SG 0 0 0 2 2
15428 poz713.SG 0 0 2 2 2
15429 poz714.SG 0 0 2 2 NA
15430 poz715.SG 0 0 0 2 NA
15431 poz716.SG 0 0 2 2 NA
15432 poz717.SG 0 0 0 2 NA
15433 poz719.SG 0 0 0 2 NA
15434 poz720.SG 0 0 0 2 2
15435 poz745.SG 0 0 0 2 NA
15436 poz746.SG 0 0 0 2 NA
15437 poz747.SG 0 0 0 2 NA
15438 poz748.SG 0 0 0 2 NA
15439 poz758.SG 0 0 0 2 NA
15440 poz787.SG 0 0 2 2 2
15441 poz788.SG 0 0 0 2 2
15442 poz790.SG 0 0 0 2 2
15443 poz791.SG 0 0 2 2 2
15444 poz792.SG 0 0 0 2 NA
15445 poz794.SG 0 0 0 2 2
15446 poz833.SG 0 0 2 2 NA
15447 poz929.SG 0 0 2 2 NA
15448 poz930.SG 0 0 2 2 NA
15449 CAP007.AG 0 0 1 2 NA
15450 CBE003.AG 0 0 1 2 2
15451 CBE004.AG 0 0 1 2 2
15452 CUB002.AG 0 0 2 2 NA
15453 CUB008.AG 0 0 2 2 NA
15454 EPS001.AG 0 0 2 2 2
15455 EPS002.AG 0 0 1 2 NA
15456 EPS003.AG 0 0 2 2 2
15457 EPS004.AG 0 0 1 2 2
15458 EPS005.AG 0 0 2 2 2
15459 EPS011.AG 0 0 2 2 NA
15460 GA4002.AG 0 0 2 2 2
15461 JBT009.AG 0 0 1 2 2
15462 JBT010.AG 0 0 2 2 NA
15463 JBT011.AG 0 0 1 2 2
15464 JBT012.AG 0 0 1 2 2
15465 JBT013.AG 0 0 1 2 2
15466 JBT018.AG 0 0 2 2 2
15467 JBT019.AG 0 0 2 2 2
15468 JBT020.AG 0 0 1 2 NA
15469 JBT021.AG 0 0 1 2 2
15470 JBT022.AG 0 0 2 2 2
15471 JBT023.AG 0 0 2 2 2
15472 JBT025.AG 0 0 1 2 2
15473 JBT026.AG 0 0 1 2 2
15474 PAI001.AG 0 0 1 2 NA
15475 PLM001.AG 0 0 1 2 2
15476 SAM014.AG 0 0 1 2 2
15477 TDA002.AG 0 0 1 2 NA
15478 VSM001.AG 0 0 1 2 2
15479 MT23.SG 0 0 1 2 NA
15480 MT26.SG 0 0 1 2 NA
15481 MT7.SG 0 0 2 2 NA
15482 L5140.AG 0 0 2 2 2
15483 L8622.AG 0 0 2 2 NA
15484 L6301.AG 0 0 1 2 NA
15485 L6300.AG 0 0 2 2 NA
15486 L8619.AG 0 0 1 2 0
15487 L8620.AG 0 0 1 2 NA
15488 L6302.AG 0 0 2 2 2
15489 L8621.AG 0 0 2 2 2
15490 L5139.AG 0 0 1 2 2
15491 L8623.AG 0 0 2 2 NA
15492 L8630.AG 0 0 1 2 2
15493 L7999.AG 0 0 2 2 NA
15494 L8000.AG 0 0 1 2 NA
15495 L8001.AG 0 0 2 2 NA
15496 L8002.AG 0 0 2 2 2
15497 L8005.AG 0 0 1 2 NA
15498 L8006.AG 0 0 1 2 NA
15499 L8666.AG 0 0 2 2 NA
15500 L8662.AG 0 0 1 2 NA
15501 L8671.AG 0 0 2 2 2
15502 L8625.AG 0 0 1 2 NA
15503 L6299.AG 0 0 0 2 NA
15504 L8631.AG 0 0 2 2 NA
15505 L8633.AG 0 0 1 2 NA
15506 buk002.SG 0 0 1 2 NA
15507 buk003.SG 0 0 1 2 NA
15508 buk004.SG 0 0 1 2 NA
15509 buk010.SG 0 0 2 2 NA
15510 buk012.SG 0 0 0 2 NA
15511 I6662.SG 0 0 2 2 NA
15512 buk018.SG 0 0 2 2 NA
15513 buk019.SG 0 0 2 2 NA
15514 buk022.SG 0 0 2 2 NA
15515 buk023.SG 0 0 1 2 NA
15516 buk029.SG 0 0 2 2 NA
15517 buk033.SG 0 0 0 2 NA
15518 buk040.SG 0 0 2 2 NA
15519 lbk101.SG 0 0 2 2 NA
15520 lbk102.SG 0 0 2 2 NA
15521 lbk104.SG 0 0 2 2 NA
15522 lbk138.SG 0 0 2 2 NA
15523 poz120.SG 0 0 2 2 2
15524 poz121.SG 0 0 2 2 2
15525 poz177.SG 0 0 1 2 2
15526 poz236.SG 0 0 2 2 2
15527 poz252.SG 0 0 2 2 NA
15528 poz264.SG 0 0 2 2 NA
15529 poz275.SG 0 0 2 2 2
15530 poz297.SG 0 0 1 2 NA
15531 poz297_d.SG 0 0 0 2 NA
15532 poz375.SG 0 0 2 2 2
15533 poz503.SG 0 0 2 2 NA
15534 rom011.SG 0 0 1 2 2
15535 rom011_d.SG 0 0 0 2 NA
15536 rom046.SG 0 0 2 2 NA
15537 rom047.SG 0 0 1 2 NA
15538 rom057_rom058.SG 0 0 2 2 2
15539 I4081.SG 0 0 1 2 NA
15540 I4582_alt.SG 0 0 2 2 NA
15541 I5878.SG 0 0 1 2 NA
15542 I5878_d.SG 0 0 0 2 NA
15543 ukr033.SG 0 0 0 2 NA
15544 ukr040.SG 0 0 1 2 NA
15545 ukr102.SG 0 0 1 2 2
15546 ukr102_d.SG 0 0 0 2 2
15547 ukr104.SG 0 0 2 2 NA
15548 ukr108.SG 0 0 1 2 NA
15549 ukr108_d.SG 0 0 0 2 NA
15550 ukr112.SG 0 0 2 2 NA
15551 ukr116.SG 0 0 2 2 NA
15552 I5886.SG 0 0 0 2 NA
15553 ukr123.SG 0 0 2 2 NA
15554 ukr144.SG 0 0 1 2 2
15555 ukr144_d.SG 0 0 0 2 2
15556 ukr147.SG 0 0 1 2 NA
15557 ukr147_d.SG 0 0 0 2 NA
15558 ukr149.SG 0 0 2 2 NA
15559 ukr158.SG 0 0 1 2 NA
15560 ukr159.SG 0 0 1 2 2
15561 ukr161.SG 0 0 1 2 NA
15562 ukr162.SG 0 0 1 2 NA
15563 ukr162_d.SG 0 0 0 2 NA
15564 GLN201.AG 0 0 1 2 2
15565 GLN202.AG 0 0 1 2 2
15566 GLN206.AG 0 0 1 2 2
15567 GLN207A.AG 0 0 1 2 2
15568 GLN207B.AG 0 0 2 2 2
15569 GLN208.AG 0 0 2 2 2
15570 GLN209.AG 0 0 1 2 2
15571 GLN210.AG.SG 0 0 1 2 NA
15572 GLN211A.AG 0 0 2 2 2
15573 GLN211B.AG 0 0 1 2 2
15574 GLN212.AG 0 0 2 2 2
15575 GLN213.AG 0 0 2 2 2
15576 GLN214.AG 0 0 2 2 2
15577 GLN215A.AG 0 0 2 2 2
15578 GLN216.AG 0 0 1 2 2
15579 GLN219.AG 0 0 1 2 NA
15580 GLN221A.AG 0 0 2 2 NA
15581 GLN221B.AG 0 0 1 2 2
15582 GLN223.AG.SG 0 0 2 2 NA
15583 GLN224.AG 0 0 1 2 NA
15584 GLN225.AG.SG 0 0 2 2 NA
15585 GLN226.AG 0 0 1 2 2
15586 GLN227.AG.SG 0 0 1 2 NA
15587 GLN229.AG.SG 0 0 1 2 NA
15588 GLN231A.AG.SG 0 0 1 2 NA
15589 GLN232B.AG 0 0 2 2 NA
15590 GLN232C.AG.SG 0 0 2 2 NA
15591 GLN235.AG 0 0 1 2 2
15592 GLN236A.AG 0 0 2 2 2
15593 GLN236B.AG 0 0 1 2 2
15594 GLN237A.AG 0 0 1 2 2
15595 GLN241.AG 0 0 1 2 2
15596 GLN242.AG 0 0 2 2 NA
15597 GLN243B.AG.SG 0 0 2 2 NA
15598 GLN244.AG 0 0 2 2 2
15599 GLN245A.AG 0 0 1 2 2
15600 GLN245B.AG 0 0 1 2 2
15601 GLN246.AG 0 0 2 2 2
15602 GLN248.AG.SG 0 0 2 2 NA
15603 GLN249.AG 0 0 2 2 2
15604 GLN250.AG 0 0 1 2 2
15605 GLN253.AG 0 0 1 2 2
15606 GLN255.AG 0 0 1 2 2
15607 GLN256.AG.SG 0 0 1 2 NA
15608 GLN257.AG 0 0 1 2 NA
15609 GLN258.AG 0 0 1 2 2
15610 GLN260.AG 0 0 1 2 2
15611 GLN261.AG 0 0 1 2 2
15612 GLN262.AG 0 0 2 2 2
15613 GLN263.AG 0 0 1 2 2
15614 GLN265.AG 0 0 1 2 2
15615 GLN266.AG 0 0 1 2 2
15616 GLN267.AG 0 0 2 2 2
15617 GLN268A.AG 0 0 2 2 2
15618 GLN268B.AG 0 0 1 2 NA
15619 GLN269.AG 0 0 2 2 2
15620 GLN270A.AG 0 0 0 2 NA
15621 GLN270B.AG 0 0 1 2 NA
15622 GLN275.AG 0 0 1 2 2
15623 GRG041_alt.AG 0 0 1 2 2
15624 GLN277.AG 0 0 2 2 2
15625 GLN279.AG 0 0 2 2 NA
15626 GLN282.AG 0 0 1 2 2
15627 GLN284.AG 0 0 2 2 0
15628 GLN285A.AG 0 0 1 2 2
15629 GLN285B.AG 0 0 1 2 2
15630 GLN287.AG.SG 0 0 1 2 NA
15631 GLN288.AG 0 0 2 2 2
15632 GLN291.AG 0 0 1 2 2
15633 GLN292.AG 0 0 2 2 2
15634 GLN294.AG.SG 0 0 2 2 NA
15635 GLN298.AG 0 0 2 2 2
15636 GLN299.AG.SG 0 0 1 2 NA
15637 GLN300.AG 0 0 1 2 NA
15638 GLN301.AG 0 0 2 2 NA
15639 GLN302.AG 0 0 1 2 2
15640 GLN305.AG 0 0 1 2 2
15641 GLN306.AG 0 0 2 2 2
15642 GLN307.AG 0 0 2 2 2
15643 GLN308.AG 0 0 1 2 2
15644 GLN309.AG 0 0 1 2 2
15645 GLN310B.AG 0 0 1 2 2
15646 GLN311.AG 0 0 1 2 NA
15647 GLN313.AG.SG 0 0 2 2 NA
15648 GLN314.AG 0 0 1 2 NA
15649 GLN315.AG 0 0 2 2 2
15650 GLN317.AG.SG 0 0 1 2 NA
15651 GLN318.AG 0 0 2 2 NA
15652 GLN319.AG 0 0 1 2 2
15653 GLN320.AG 0 0 1 2 2
15654 GLN321.AG 0 0 1 2 2
15655 GLN322.AG 0 0 1 2 2
15656 GLN325.AG 0 0 2 2 2
15657 GLN326.AG 0 0 2 2 2
15658 STH_213.SG 0 0 0 2 NA
15659 STH_245.SG 0 0 0 2 NA
15660 STH_248.SG 0 0 0 2 NA
15661 STH_253.SG 0 0 0 2 2
15662 STH_254.SG 0 0 0 2 NA
15663 STH_281.SG 0 0 0 2 NA
15664 STH_284.SG 0 0 2 2 NA
15665 STH_289.SG 0 0 0 2 NA
15666 STH_344.SG 0 0 0 2 2
15667 STH_347.SG 0 0 2 2 NA
15668 STH_351.SG 0 0 0 2 NA
15669 STH_358.SG 0 0 0 2 NA
15670 STH_415.SG 0 0 0 2 NA
15671 STH_436.SG 0 0 0 2 NA
15672 STH_441.SG 0 0 0 2 NA
15673 STH_460.SG 0 0 0 2 2
15674 STH_499.SG 0 0 0 2 2
15675 STH_514.SG 0 0 0 2 NA
15676 STH_520.SG 0 0 0 2 NA
15677 STH_524.SG 0 0 2 2 2
15678 STM1.SG 0 0 1 2 NA
15679 STM2.SG 0 0 1 2 NA
15680 STM3.SG 0 0 2 2 2
15681 LAR11.SG 0 0 1 2 NA
15682 LAR14.SG 0 0 1 2 NA
15683 LAR23.SG 0 0 2 2 NA
15684 LAR24.SG 0 0 2 2 NA
15685 LAR26.SG 0 0 2 2 NA
15686 LAR27.SG 0 0 2 2 NA
15687 LAR30.SG 0 0 2 2 NA
15688 LAR31.SG 0 0 1 2 NA
15689 LAR8.SG 0 0 2 2 0
15690 LAR9.SG 0 0 1 2 NA
15691 PCA0001.SG 0 0 1 2 NA
15692 PCA0002.SG 0 0 1 2 NA
15693 PCA0003.SG 0 0 2 2 NA
15694 PCA0004.SG 0 0 2 2 NA
15695 PCA0007.SG 0 0 2 2 NA
15696 PCA0011.SG 0 0 2 2 0
15697 PCA0012.SG 0 0 2 2 NA
15698 PCA0015.SG 0 0 1 2 NA
15699 PCA0018.SG 0 0 1 2 NA
15700 PCA0026.SG 0 0 2 2 0
15701 PCA0027.SG 0 0 1 2 NA
15702 PCA0028.SG 0 0 2 2 NA
15703 PCA0029.SG 0 0 0 2 NA
15704 PCA0030.SG 0 0 2 2 0
15705 PCA0031.SG 0 0 2 2 NA
15706 PCA0032.SG 0 0 0 2 NA
15707 PCA0034.SG 0 0 2 2 NA
15708 PCA0036.SG 0 0 1 2 NA
15709 PCA0037.SG 0 0 1 2 NA
15710 PCA0038.SG 0 0 1 2 NA
15711 PCA0040.SG 0 0 1 2 NA
15712 PCA0044.SG 0 0 2 2 NA
15713 PCA0045.SG 0 0 2 2 NA
15714 PCA0046.SG 0 0 1 2 2
15715 PCA0047.SG 0 0 2 2 NA
15716 PCA0049.SG 0 0 0 2 NA
15717 PCA0050.SG 0 0 1 2 NA
15718 PCA0051.SG 0 0 2 2 NA
15719 PCA0052.SG 0 0 0 2 NA
15720 PCA0054.SG 0 0 0 2 2
15721 PCA0056.SG 0 0 0 2 NA
15722 PCA0057.SG 0 0 1 2 NA
15723 PCA0059.SG 0 0 2 2 NA
15724 PCA0060.SG 0 0 1 2 NA
15725 PCA0060_d.SG 0 0 0 2 NA
15726 PCA0062.SG 0 0 1 2 2
15727 PCA0063.SG 0 0 1 2 NA
15728 PCA0066.SG 0 0 1 2 NA
15729 PCA0070.SG 0 0 0 2 NA
15730 PCA0083.SG 0 0 0 2 NA
15731 PCA0088.SG 0 0 1 2 NA
15732 PCA0089.SG 0 0 2 2 NA
15733 PCA0090.SG 0 0 2 2 NA
15734 PCA0091.SG 0 0 1 2 NA
15735 PCA0092.SG 0 0 0 2 NA
15736 PCA0093.SG 0 0 1 2 NA
15737 PCA0094.SG 0 0 0 2 NA
15738 PCA0099.SG 0 0 0 2 NA
15739 PCA0100.SG 0 0 1 2 2
15740 PCA0102.SG 0 0 1 2 NA
15741 PCA0103.SG 0 0 2 2 NA
15742 PCA0105.SG 0 0 2 2 NA
15743 PCA0109.SG 0 0 0 2 NA
15744 PCA0110.SG 0 0 1 2 NA
15745 PCA0111.SG 0 0 0 2 NA
15746 PCA0113.SG 0 0 1 2 NA
15747 PCA0114.SG 0 0 0 2 NA
15748 PCA0115.SG 0 0 0 2 NA
15749 PCA0117.SG 0 0 1 2 NA
15750 PCA0119.SG 0 0 0 2 NA
15751 PCA0121.SG 0 0 1 2 NA
15752 PCA0122.SG 0 0 1 2 NA
15753 PCA0124.SG 0 0 2 2 2
15754 PCA0126.SG 0 0 0 2 2
15755 PCA0127.SG 0 0 1 2 NA
15756 PCA0130.SG 0 0 0 2 NA
15757 PCA0132.SG 0 0 1 2 NA
15758 PCA0133.SG 0 0 0 2 NA
15759 PCA0137.SG 0 0 2 2 NA
15760 PCA0138.SG 0 0 0 2 2
15761 PCA0140.SG 0 0 2 2 NA
15762 PCA0142.SG 0 0 0 2 NA
15763 PCA0143.SG 0 0 1 2 NA
15764 PCA0146.SG 0 0 0 2 NA
15765 PCA0148.SG 0 0 2 2 NA
15766 PCA0150.SG 0 0 0 2 NA
15767 PCA0151.SG 0 0 0 2 NA
15768 PCA0153.SG 0 0 0 2 NA
15769 PCA0155.SG 0 0 1 2 NA
15770 PCA0156.SG 0 0 1 2 NA
15771 PCA0157.SG 0 0 2 2 0
15772 PCA0158.SG 0 0 1 2 NA
15773 PCA0158_d.SG 0 0 0 2 NA
15774 PCA0159.SG 0 0 0 2 NA
15775 PCA0161.SG 0 0 1 2 NA
15776 PCA0162.SG 0 0 1 2 NA
15777 PCA0165.SG 0 0 1 2 NA
15778 PCA0166.SG 0 0 1 2 NA
15779 PCA0167.SG 0 0 1 2 NA
15780 PCA0169.SG 0 0 1 2 NA
15781 PCA0181.SG 0 0 1 2 NA
15782 PCA0182.SG 0 0 0 2 NA
15783 PCA0185.SG 0 0 0 2 0
15784 PCA0186.SG 0 0 1 2 0
15785 PCA0187.SG 0 0 1 2 NA
15786 PCA0189.SG 0 0 1 2 NA
15787 PCA0191.SG 0 0 1 2 NA
15788 PCA0192.SG 0 0 2 2 NA
15789 PCA0193.SG 0 0 1 2 NA
15790 PCA0194.SG 0 0 2 2 NA
15791 PCA0197.SG 0 0 1 2 NA
15792 PCA0198.SG 0 0 1 2 NA
15793 PCA0199.SG 0 0 0 2 2
15794 PCA0200.SG 0 0 1 2 NA
15795 PCA0201.SG 0 0 0 2 0
15796 PCA0202.SG 0 0 1 2 NA
15797 PCA0203.SG 0 0 1 2 NA
15798 PCA0205.SG 0 0 1 2 NA
15799 PCA0206.SG 0 0 0 2 NA
15800 PCA0210.SG 0 0 1 2 NA
15801 PCA0211.SG 0 0 1 2 NA
15802 PCA0213.SG 0 0 1 2 NA
15803 PCA0216.SG 0 0 1 2 NA
15804 PCA0218.SG 0 0 1 2 NA
15805 PCA0222.SG 0 0 1 2 NA
15806 PCA0225.SG 0 0 0 2 NA
15807 PCA0228.SG 0 0 0 2 NA
15808 PCA0230.SG 0 0 1 2 NA
15809 PCA0232.SG 0 0 0 2 NA
15810 PCA0233.SG 0 0 1 2 NA
15811 PCA0234.SG 0 0 1 2 NA
15812 PCA0235.SG 0 0 0 2 NA
15813 PCA0236.SG 0 0 1 2 0
15814 PCA0238.SG 0 0 1 2 NA
15815 PCA0239.SG 0 0 1 2 NA
15816 PCA0240.SG 0 0 1 2 NA
15817 PCA0241.SG 0 0 1 2 NA
15818 PCA0244.SG 0 0 1 2 NA
15819 PCA0245.SG 0 0 0 2 NA
15820 PCA0246.SG 0 0 1 2 NA
15821 PCA0247.SG 0 0 1 2 NA
15822 PCA0254.SG 0 0 1 2 NA
15823 PCA0255.SG 0 0 1 2 NA
15824 PCA0297.SG 0 0 0 2 NA
15825 PCA0299.SG 0 0 1 2 NA
15826 PCA0300.SG 0 0 1 2 NA
15827 PCA0301.SG 0 0 0 2 2
15828 PCA0302.SG 0 0 1 2 NA
15829 PCA0305.SG 0 0 1 2 NA
15830 PCA0306.SG 0 0 1 2 NA
15831 PCA0308.SG 0 0 1 2 NA
15832 PCA0309.SG 0 0 1 2 0
15833 PCA0311.SG 0 0 1 2 NA
15834 PCA0312.SG 0 0 0 2 NA
15835 PCA0313.SG 0 0 0 2 NA
15836 PCA0314.SG 0 0 1 2 0
15837 PCA0315.SG 0 0 0 2 NA
15838 PCA0316.SG 0 0 1 2 NA
15839 PCA0317.SG 0 0 1 2 NA
15840 PCA0318.SG 0 0 1 2 NA
15841 PCA0319.SG 0 0 2 2 NA
15842 PCA0320.SG 0 0 0 2 NA
15843 PCA0322.SG 0 0 1 2 NA
15844 PCA0323.SG 0 0 1 2 2
15845 PCA0324.SG 0 0 1 2 NA
15846 PCA0327.SG 0 0 2 2 NA
15847 PCA0328.SG 0 0 1 2 NA
15848 PCA0329.SG 0 0 1 2 NA
15849 PCA0332.SG 0 0 1 2 NA
15850 PCA0333.SG 0 0 1 2 NA
15851 PCA0334.SG 0 0 1 2 2
15852 PCA0335.SG 0 0 1 2 NA
15853 PCA0336.SG 0 0 1 2 NA
15854 PCA0337.SG 0 0 1 2 0
15855 PCA0338.SG 0 0 1 2 NA
15856 PCA0339.SG 0 0 2 2 NA
15857 PCA0340.SG 0 0 2 2 NA
15858 PCA0341.SG 0 0 2 2 NA
15859 PCA0342.SG 0 0 1 2 NA
15860 PCA0343.SG 0 0 2 2 NA
15861 PCA0344.SG 0 0 2 2 2
15862 PCA0350.SG 0 0 1 2 2
15863 PCA0351.SG 0 0 1 2 NA
15864 PCA0352.SG 0 0 1 2 NA
15865 PCA0353.SG 0 0 1 2 NA
15866 PCA0354.SG 0 0 1 2 NA
15867 PCA0359.SG 0 0 1 2 NA
15868 PCA0368.SG 0 0 1 2 NA
15869 PCA0376.SG 0 0 1 2 NA
15870 PCA0377.SG 0 0 2 2 NA
15871 PCA0378.SG 0 0 1 2 NA
15872 PCA0379.SG 0 0 1 2 NA
15873 PCA0380.SG 0 0 1 2 NA
15874 PCA0381.SG 0 0 1 2 NA
15875 PCA0382.SG 0 0 1 2 NA
15876 PCA0383.SG 0 0 1 2 NA
15877 PCA0384.SG 0 0 1 2 NA
15878 PCA0385.SG 0 0 1 2 NA
15879 PCA0386.SG 0 0 1 2 2
15880 PCA0387.SG 0 0 1 2 NA
15881 PCA0388.SG 0 0 1 2 NA
15882 PCA0389.SG 0 0 1 2 NA
15883 PCA0390.SG 0 0 1 2 NA
15884 PCA0391.SG 0 0 1 2 0
15885 PCA0393.SG 0 0 1 2 NA
15886 PCA0394.SG 0 0 1 2 NA
15887 PCA0395.SG 0 0 2 2 NA
15888 PCA0396.SG 0 0 1 2 NA
15889 PCA0397.SG 0 0 1 2 NA
15890 PCA0398.SG 0 0 1 2 NA
15891 PCA0399.SG 0 0 1 2 NA
15892 PCA0400.SG 0 0 1 2 NA
15893 PCA0403.SG 0 0 1 2 NA
15894 PCA0404.SG 0 0 1 2 NA
15895 PCA0405.SG 0 0 2 2 NA
15896 PCA0406.SG 0 0 2 2 NA
15897 PCA0407.SG 0 0 2 2 NA
15898 PCA0408.SG 0 0 2 2 NA
15899 PCA0410.SG 0 0 2 2 NA
15900 PCA0411.SG 0 0 2 2 NA
15901 PCA0412.SG 0 0 2 2 NA
15902 PCA0413.SG 0 0 0 2 2
15903 PCA0414.SG 0 0 2 2 NA
15904 PCA0415.SG 0 0 2 2 2
15905 PCA0416.SG 0 0 2 2 NA
15906 PCA0417.SG 0 0 1 2 NA
15907 PCA0418.SG 0 0 2 2 NA
15908 PCA0420.SG 0 0 1 2 NA
15909 PCA0422.SG 0 0 1 2 NA
15910 PCA0423.SG 0 0 1 2 NA
15911 PCA0424.SG 0 0 1 2 NA
15912 PCA0425.SG 0 0 0 2 NA
15913 PCA0426.SG 0 0 0 2 NA
15914 PCA0427.SG 0 0 1 2 NA
15915 PCA0451.SG 0 0 2 2 NA
15916 PCA0452.SG 0 0 2 2 NA
15917 PCA0455.SG 0 0 1 2 NA
15918 PCA0457.SG 0 0 1 2 2
15919 PCA0472.SG 0 0 2 2 NA
15920 PCA0473.SG 0 0 2 2 NA
15921 PCA0474.SG 0 0 1 2 NA
15922 PCA0475.SG 0 0 1 2 NA
15923 PCA0476.SG 0 0 1 2 NA
15924 PCA0477.SG 0 0 2 2 NA
15925 PCA0478.SG 0 0 2 2 NA
15926 PCA0479.SG 0 0 1 2 NA
15927 PCA0480.SG 0 0 1 2 NA
15928 PCA0481.SG 0 0 1 2 NA
15929 PCA0483.SG 0 0 1 2 NA
15930 PCA0485.SG 0 0 1 2 NA
15931 PCA0486.SG 0 0 2 2 NA
15932 PCA0487.SG 0 0 2 2 NA
15933 PCA0488.SG 0 0 1 2 NA
15934 PCA0489.SG 0 0 0 2 2
15935 PCA0490.SG 0 0 1 2 NA
15936 PCA0492.SG 0 0 1 2 NA
15937 PCA0493.SG 0 0 2 2 0
15938 PCA0494.SG 0 0 1 2 NA
15939 PCA0495.SG 0 0 1 2 NA
15940 PCA0497.SG 0 0 2 2 NA
15941 PCA0498.SG 0 0 1 2 NA
15942 PCA0499.SG 0 0 1 2 0
15943 PCA0500.SG 0 0 1 2 NA
15944 PCA0502.SG 0 0 1 2 NA
15945 PCA0503.SG 0 0 1 2 NA
15946 PCA0504.SG 0 0 1 2 NA
15947 PCA0506.SG 0 0 0 2 NA
15948 PCA0510.SG 0 0 1 2 NA
15949 PCA0512.SG 0 0 2 2 NA
15950 PCA0513.SG 0 0 1 2 NA
15951 PCA0514.SG 0 0 2 2 NA
15952 PCA0516.SG 0 0 1 2 NA
15953 PCA0517.SG 0 0 1 2 NA
15954 PCA0518.SG 0 0 0 2 NA
15955 PCA0520.SG 0 0 1 2 NA
15956 PCA0521.SG 0 0 1 2 NA
15957 PCA0522.SG 0 0 1 2 NA
15958 PCA0527.SG 0 0 1 2 NA
15959 PCA0528.SG 0 0 2 2 NA
15960 PCA0531.SG 0 0 1 2 NA
15961 PCA0533.SG 0 0 1 2 NA
15962 PCA0541.SG 0 0 1 2 NA
15963 PCA0543.SG 0 0 2 2 NA
15964 PCA0547.SG 0 0 0 2 NA
15965 PCA0548.SG 0 0 1 2 NA
15966 PCA0549.SG 0 0 1 2 NA
15967 PCA0550.SG 0 0 1 2 NA
15968 PCA0551.SG 0 0 1 2 NA
15969 PCA0552.SG 0 0 2 2 NA
15970 PCA0553.SG 0 0 1 2 NA
15971 PCA0554.SG 0 0 1 2 NA
15972 PCA0557.SG 0 0 1 2 NA
15973 PCA0558.SG 0 0 1 2 NA
15974 PCA0559.SG 0 0 1 2 NA
15975 PCA0560.SG 0 0 1 2 NA
15976 PCA0562.SG 0 0 1 2 NA
15977 PCA0564.SG 0 0 1 2 NA
15978 PCA0565.SG 0 0 1 2 NA
15979 PCA0571.SG 0 0 1 2 NA
15980 PCA0572.SG 0 0 1 2 NA
15981 FLI2.SG 0 0 1 2 NA
15982 KP2.SG 0 0 2 2 NA
15983 MH6.SG 0 0 2 2 NA
15984 MH7.SG 0 0 1 2 NA
15985 MH8.SG 0 0 1 2 2
15986 PA109.SG 0 0 1 2 NA
15987 PA86.SG 0 0 1 2 2
15988 WLH4.SG 0 0 1 2 NA
15989 WPAH4.SG 0 0 2 2 NA
15990 I0441.AG 0 0 2 2 2
15991 I0443.AG 0 0 1 2 2
15992 I37184.TW 0 0 1 2 0
15993 I18199.AG.TW 0 0 1 2 2
15994 I18203.AG.TW 0 0 2 2 2
15995 I19991.AG.TW 0 0 1 2 2
15996 I30342.TW 0 0 2 2 0
15997 I35014.TW 0 0 1 2 NA
15998 I36281.TW 0 0 2 2 NA
15999 I36284.TW 0 0 1 2 2
16000 I18605.AG.TW 0 0 2 2 0
16001 I33811.TW 0 0 2 2 2
16002 I33810.TW 0 0 2 2 0
16003 NEO186.AG.TW 0 0 1 2 2
16004 I2635.AG.TW 0 0 1 2 2
16005 I8438.AG.TW 0 0 1 2 2
16006 I42319.TW 0 0 1 2 2
16007 I42320.TW 0 0 2 2 2
16008 I30898.TW 0 0 2 2 2
16009 I42654.TW 0 0 2 2 2
16010 I42656.TW 0 0 2 2 2
16011 GRO007.TW 0 0 1 2 0
16012 hoe001.SG 0 0 2 2 NA
16013 hoe002.SG 0 0 1 2 2
16014 hoe003.SG 0 0 1 2 2
16015 hoe004.SG 0 0 2 2 2
16016 hoe005.SG 0 0 2 2 2
16017 stp001.SG 0 0 1 2 2
16018 tev001.SG 0 0 1 2 2
16019 tev002_France.SG 0 0 2 2 NA
16020 tev003_France.SG 0 0 1 2 2
16021 LEU007.AG 0 0 1 2 2
16022 LEU017.AG 0 0 1 2 2
16023 LEU018.AG 0 0 2 2 2
16024 LEU021.AG 0 0 1 2 NA
16025 LEU023.AG 0 0 2 2 2
16026 LEU024.AG 0 0 1 2 2
16027 LEU025.AG 0 0 1 2 0
16028 LEU02651.AG 0 0 0 2 2
16029 LEU027.AG 0 0 1 2 2
16030 LEU029.AG 0 0 2 2 NA
16031 LEU008.AG 0 0 1 2 NA
16032 LEU030.AG 0 0 2 2 NA
16033 LEU031.AG 0 0 1 2 2
16034 LEU032.AG 0 0 2 2 2
16035 LEU033.AG 0 0 1 2 2
16036 LEU034.AG 0 0 1 2 NA
16037 LEU035.AG 0 0 2 2 2
16038 LEU036.AG 0 0 2 2 NA
16039 LEU037.AG 0 0 2 2 NA
16040 LEU038.AG 0 0 2 2 2
16041 LEU039.AG 0 0 2 2 2
16042 LEU009.AG 0 0 1 2 2
16043 LEU040.AG 0 0 1 2 2
16044 LEU041.AG 0 0 1 2 2
16045 LEU044.AG 0 0 2 2 2
16046 LEU046.AG 0 0 2 2 2
16047 LEU050.AG 0 0 2 2 2
16048 LEU052.AG 0 0 2 2 2
16049 LEU053.AG 0 0 1 2 2
16050 LEU055.AG 0 0 1 2 2
16051 LEU056.AG 0 0 1 2 NA
16052 LEU010.AG 0 0 1 2 2
16053 LEU057.AG 0 0 2 2 2
16054 LEU058.AG 0 0 2 2 2
16055 LEU059.AG 0 0 2 2 2
16056 LEU060.AG 0 0 1 2 0
16057 LEU061.AG 0 0 1 2 NA
16058 LEU063.AG 0 0 2 2 2
16059 LEU064.AG 0 0 1 2 2
16060 LEU065.AG 0 0 1 2 2
16061 LEU011.AG 0 0 1 2 2
16062 LEU012.AG 0 0 1 2 2
16063 LEU013.AG 0 0 2 2 2
16064 LEU014.AG 0 0 2 2 2
16065 LEU015.AG 0 0 1 2 2
16066 LEU016.AG 0 0 2 2 2
16067 WOL001.AG 0 0 1 2 NA
16068 WOL001_d.AG 0 0 1 2 NA
16069 AC16.AG 0 0 0 2 2
16070 DOB001.AG 0 0 1 2 2
16071 DOG001.AG 0 0 1 2 2
16072 DOG002.AG 0 0 1 2 2
16073 DOG003.AG 0 0 1 2 NA
16074 DOG004_d.AG 0 0 1 2 NA
16075 DOG007.AG 0 0 1 2 2
16076 DOG009_d.AG 0 0 1 2 2
16077 DOG010_d.AG 0 0 2 2 NA
16078 DON005.AG 0 0 1 2 NA
16079 ACR001.AG 0 0 1 2 NA
16080 DRI001.AG 0 0 1 2 2
16081 FRL006.AG 0 0 1 2 2
16082 FRL006_d.AG 0 0 1 2 2
16083 FRM001.AG 0 0 2 2 NA
16084 GFW001.AG 0 0 1 2 2
16085 GFW004.AG 0 0 2 2 2
16086 AMI002.AG 0 0 2 2 2
16087 GFW005.AG 0 0 1 2 2
16088 GFW007.AG 0 0 2 2 NA
16089 GFW008.AG 0 0 1 2 NA
16090 GFW009.AG 0 0 1 2 NA
16091 GOY001_d.AG 0 0 1 2 NA
16092 GOY007_d.AG 0 0 1 2 NA
16093 GOY009.AG 0 0 2 2 NA
16094 GOY009_d.AG 0 0 2 2 NA
16095 GOY014.AG 0 0 2 2 NA
16096 GOY014_d.AG 0 0 2 2 NA
16097 IGR001.AG 0 0 1 2 2
16098 JAZ001.AG 0 0 2 2 2
16099 BRM001.AG 0 0 1 2 NA
16100 KRZ001.AG 0 0 2 2 NA
16101 KVH001.AG 0 0 1 2 NA
16102 LMA001_d.AG 0 0 1 2 NA
16103 LPI002_d.AG 0 0 1 2 NA
16104 MAZ001_d.AG 0 0 1 2 NA
16105 MAZ003_d.AG 0 0 1 2 NA
16106 MN2003.AG 0 0 1 2 2
16107 MNN004.AG 0 0 1 2 NA
16108 MNN005.AG 0 0 2 2 2
16109 MNN006.AG 0 0 2 2 2
16110 MNN007.AG 0 0 2 2 NA
16111 MPR001.AG 0 0 2 2 2
16112 CRN001.AG 0 0 1 2 2
16113 MUR005.AG 0 0 1 2 NA
16114 MUR005_d.AG 0 0 1 2 NA
16115 MUR007.AG 0 0 1 2 NA
16116 MUR007_d.AG 0 0 1 2 NA
16117 MUR017_d.AG 0 0 1 2 NA
16118 OKL001.AG 0 0 2 2 2
16119 OKL002.AG 0 0 1 2 2
16120 OST001.AG 0 0 2 2 NA
16121 OST003.AG 0 0 1 2 2
16122 CRN002.AG 0 0 1 2 2
16123 PRD001.AG 0 0 1 2 NA
16124 PRD001_d.AG 0 0 1 2 NA
16125 RIE002_d.AG 0 0 1 2 NA
16126 RIP001.AG 0 0 1 2 2
16127 STO001.AG 0 0 2 2 2
16128 UOO004.AG 0 0 1 2 NA
16129 UOO012.AG 0 0 1 2 NA
16130 CRW001.AG 0 0 2 2 2
16131 UOO033.AG 0 0 1 2 2
16132 UOO049.AG 0 0 1 2 NA
16133 UOO051.AG 0 0 1 2 2
16134 UOO052.AG 0 0 1 2 NA
16135 UOO059.AG 0 0 1 2 NA
16136 VO1001.AG 0 0 1 2 NA
16137 VO1001_d.AG 0 0 1 2 NA
16138 VO1003.AG 0 0 1 2 NA
16139 VO1003_d.AG 0 0 1 2 NA
16140 VO1005.AG 0 0 1 2 NA
16141 VO2001.AG 0 0 1 2 2
16142 VSL002.AG 0 0 1 2 2
16143 VSL003.AG 0 0 1 2 2
16144 VSL003_d.AG 0 0 1 2 NA
16145 VSL004.AG 0 0 1 2 2
16146 VSL004_d.AG 0 0 1 2 NA
16147 WCX002.AG 0 0 2 2 2
16148 WCX002_d.AG 0 0 2 2 NA
16149 WCX004.AG 0 0 2 2 2
16150 WCX004_d.AG 0 0 2 2 NA
16151 Nalchik.SG 0 0 0 2 2
16152 HNJ001.AG 0 0 1 2 NA
16153 HNJ002.AG 0 0 1 2 2
16154 HNJ003.AG 0 0 2 2 2
16155 HNJ004.AG 0 0 2 2 NA
16156 HNJ005.AG 0 0 0 2 NA
16157 HNJ006.AG 0 0 2 2 2
16158 HNJ007.AG 0 0 2 2 NA
16159 HNJ008.AG 0 0 2 2 NA
16160 HNJ009.AG 0 0 2 2 NA
16161 HNJ010.AG 0 0 2 2 2
16162 HNJ011.AG 0 0 1 2 2
16163 HNJ012.AG 0 0 1 2 2
16164 HNJ013.AG 0 0 2 2 2
16165 HNJ014.AG 0 0 1 2 2
16166 HNJ015.AG 0 0 2 2 0
16167 HNJ016.AG 0 0 1 2 2
16168 HNJ025.AG 0 0 1 2 2
16169 HNJ026.AG 0 0 2 2 0
16170 KFJ001.AG 0 0 1 2 2
16171 KFJ002.AG 0 0 1 2 NA
16172 KFJ003.AG 0 0 2 2 NA
16173 KFJ004.AG 0 0 2 2 2
16174 KFJ005.AG 0 0 2 2 2
16175 KFJ006.AG 0 0 2 2 2
16176 KFJ007.AG 0 0 1 2 2
16177 KFJ008.AG 0 0 2 2 NA
16178 KFJ009.AG 0 0 2 2 2
16179 KFJ010.AG 0 0 1 2 2
16180 KFJ011.AG 0 0 2 2 2
16181 KFJ012.AG 0 0 1 2 2
16182 KFJ013.AG 0 0 1 2 2
16183 KFJ016.AG 0 0 1 2 2
16184 KFJ017.AG 0 0 1 2 2
16185 KFJ018.AG 0 0 1 2 2
16186 KFJ019.AG 0 0 0 2 NA
16187 KFJ020.AG 0 0 1 2 2
16188 KFJ021.AG 0 0 1 2 2
16189 KFJ022.AG 0 0 2 2 0
16190 KFJ023.AG 0 0 2 2 2
16191 KFJ024.AG 0 0 1 2 2
16192 KFJ025.AG 0 0 1 2 2
16193 KFJ026.AG 0 0 2 2 NA
16194 KFJ027.AG 0 0 2 2 2
16195 KFJ028.AG 0 0 2 2 2
16196 KFJ029.AG 0 0 2 2 2
16197 KFJ030.AG 0 0 1 2 2
16198 KFJ031.AG 0 0 2 2 2
16199 KFJ032.AG 0 0 2 2 2
16200 KFJ033.AG 0 0 1 2 2
16201 KFJ034.AG 0 0 2 2 2
16202 KFJ035.AG 0 0 2 2 NA
16203 KFJ036.AG 0 0 2 2 2
16204 KFJ037.AG 0 0 2 2 2
16205 KFJ038.AG 0 0 2 2 2
16206 KFJ039.AG 0 0 2 2 2
16207 KFJ040.AG 0 0 1 2 2
16208 KFJ041.AG 0 0 2 2 2
16209 KFJ042.AG 0 0 2 2 2
16210 KFJ043.AG 0 0 2 2 2
16211 KFJ044.AG 0 0 1 2 NA
16212 KFJ045.AG 0 0 2 2 2
16213 KFJ046.AG 0 0 2 2 2
16214 KFJ047.AG 0 0 2 2 2
16215 KFJ048.AG 0 0 1 2 2
16216 KFJ049.AG 0 0 2 2 2
16217 KFJ050.AG 0 0 1 2 2
16218 KFJ051.AG 0 0 2 2 2
16219 KFJ052.AG 0 0 2 2 2
16220 KFJ053.AG 0 0 2 2 2
16221 KFJ054.AG 0 0 2 2 NA
16222 KUP001.AG 0 0 1 2 2
16223 KFP-6.AG 0 0 1 2 2
16224 KUP004.AG 0 0 2 2 2
16225 KUP007.AG 0 0 2 2 2
16226 KUP008.AG 0 0 2 2 NA
16227 KUP009.AG 0 0 1 2 2
16228 KUP010.AG 0 0 1 2 2
16229 KUP011.AG 0 0 1 2 2
16230 KUP012.AG 0 0 1 2 0
16231 KUP013.AG 0 0 1 2 NA
16232 KUP014.AG 0 0 1 2 2
16233 KUP015.AG 0 0 1 2 0
16234 KUP016.AG 0 0 2 2 2
16235 KUP017.AG 0 0 2 2 2
16236 KUP018.AG 0 0 2 2 2
16237 KUP019.AG 0 0 2 2 0
16238 KUP020.AG 0 0 2 2 2
16239 KUP021.AG 0 0 1 2 2
16240 KUP022.AG 0 0 1 2 2
16241 KUP023.AG 0 0 2 2 2
16242 KUP024.AG 0 0 2 2 2
16243 KFP-30a.AG 0 0 1 2 2
16244 KUP026.AG 0 0 1 2 2
16245 KUP027.AG 0 0 1 2 2
16246 RKC001.AG 0 0 2 2 2
16247 RKC002.AG 0 0 1 2 2
16248 RKC003.AG 0 0 1 2 2
16249 RKC004.AG 0 0 2 2 2
16250 RKC005.AG 0 0 1 2 NA
16251 RKC006.AG 0 0 2 2 2
16252 RKC007.AG 0 0 2 2 2
16253 RKC008.AG 0 0 2 2 2
16254 RKC009.AG 0 0 1 2 2
16255 RKC010.AG 0 0 2 2 2
16256 RKC011.AG 0 0 1 2 2
16257 RKC012.AG 0 0 1 2 2
16258 RKC013.AG 0 0 2 2 2
16259 RKC014.AG 0 0 2 2 2
16260 RKC015.AG 0 0 2 2 2
16261 RKC016.AG 0 0 1 2 2
16262 RKC017.AG 0 0 2 2 2
16263 RKC018.AG 0 0 1 2 2
16264 RKC019.AG 0 0 2 2 2
16265 RKC020.AG 0 0 1 2 2
16266 RKC021.AG 0 0 1 2 2
16267 RKC022.AG 0 0 1 2 2
16268 RKC023.AG 0 0 2 2 2
16269 RKC024.AG 0 0 2 2 2
16270 RKC025.AG 0 0 1 2 2
16271 RKC026.AG 0 0 1 2 2
16272 RKC027.AG 0 0 1 2 2
16273 RKC028.AG 0 0 1 2 2
16274 RKC029.AG 0 0 2 2 NA
16275 RKC030.AG 0 0 1 2 2
16276 RKC031.AG 0 0 1 2 2
16277 RKC032.AG 0 0 2 2 2
16278 RKC033.AG 0 0 1 2 2
16279 RKC034.AG 0 0 2 2 2
16280 RKC035.AG 0 0 1 2 2
16281 RKC036.AG 0 0 1 2 2
16282 RKC037.AG 0 0 2 2 2
16283 RKC038.AG 0 0 1 2 2
16284 RKC039.AG 0 0 1 2 2
16285 RKC040.AG 0 0 2 2 2
16286 RKC041.AG 0 0 1 2 2
16287 RKC042.AG 0 0 1 2 2
16288 RKC043.AG 0 0 1 2 0
16289 RKC044.AG 0 0 2 2 NA
16290 RKC045.AG 0 0 1 2 2
16291 RKC046.AG 0 0 1 2 2
16292 RKC047.AG 0 0 1 2 2
16293 RKC048.AG 0 0 2 2 2
16294 RKC049.AG 0 0 2 2 2
16295 RKC050.AG 0 0 1 2 2
16296 RKC051.AG 0 0 1 2 2
16297 RKC052.AG 0 0 1 2 2
16298 RKF002.AG 0 0 2 2 2
16299 RKF003.AG 0 0 2 2 2
16300 RKF004.AG 0 0 2 2 2
16301 RKF005.AG 0 0 2 2 2
16302 RKF006.AG 0 0 2 2 2
16303 RKF007.AG 0 0 1 2 2
16304 RKF009.AG 0 0 2 2 2
16305 RKF010.AG 0 0 1 2 2
16306 RKF011.AG 0 0 2 2 2
16307 RKF012.AG 0 0 1 2 NA
16308 RKF013.AG 0 0 1 2 2
16309 RKF014.AG 0 0 2 2 2
16310 RKF015.AG 0 0 1 2 2
16311 RKF016.AG 0 0 1 2 2
16312 RKF017.AG 0 0 2 2 2
16313 RKF018.AG 0 0 2 2 2
16314 RKF019.AG 0 0 1 2 2
16315 RKF020.AG 0 0 1 2 2
16316 RKF021.AG 0 0 2 2 2
16317 RKF022.AG 0 0 1 2 NA
16318 RKF023.AG 0 0 1 2 2
16319 RKF024.AG 0 0 2 2 NA
16320 RKF025.AG 0 0 2 2 2
16321 RKF026.AG 0 0 1 2 2
16322 RKF027.AG 0 0 1 2 2
16323 RKF028.AG 0 0 2 2 2
16324 RKF029.AG 0 0 1 2 0
16325 RKF031.AG 0 0 1 2 0
16326 RKF032.AG 0 0 1 2 2
16327 RKF033.AG 0 0 1 2 2
16328 RKF034.AG 0 0 1 2 2
16329 RKF035.AG 0 0 2 2 NA
16330 RKF036.AG 0 0 1 2 2
16331 RKF037.AG 0 0 2 2 2
16332 RKF038.AG 0 0 1 2 2
16333 RKF039.AG 0 0 2 2 0
16334 RKF040.AG 0 0 1 2 2
16335 RKF041.AG 0 0 1 2 2
16336 RKF042.AG 0 0 1 2 2
16337 RKF043.AG 0 0 2 2 2
16338 RKF044.AG 0 0 2 2 2
16339 RKF045.AG 0 0 2 2 0
16340 RKF046.AG 0 0 1 2 2
16341 RKF047.AG 0 0 1 2 0
16342 RKF048.AG 0 0 2 2 NA
16343 RKF049.AG 0 0 2 2 2
16344 RKF050.AG 0 0 1 2 2
16345 RKF052.AG 0 0 1 2 2
16346 RKF053.AG 0 0 1 2 2
16347 RKF054.AG 0 0 1 2 2
16348 RKF055.AG 0 0 2 2 2
16349 RKF056.AG 0 0 2 2 NA
16350 RKF057.AG 0 0 2 2 2
16351 RKF059.AG 0 0 2 2 NA
16352 RKF060.AG 0 0 1 2 NA
16353 RKF061.AG 0 0 2 2 2
16354 RKF062.AG 0 0 1 2 2
16355 RKF063.AG 0 0 2 2 0
16356 RKF064.AG 0 0 1 2 2
16357 RKF066.AG 0 0 2 2 2
16358 RKF067.AG 0 0 2 2 2
16359 RKF068.AG 0 0 1 2 NA
16360 RKF069.AG 0 0 2 2 2
16361 RKF071.AG 0 0 1 2 NA
16362 RKF072.AG 0 0 2 2 2
16363 RKF073.AG 0 0 1 2 NA
16364 RKF074.AG 0 0 1 2 2
16365 RKF076.AG 0 0 1 2 2
16366 RKF077.AG 0 0 1 2 2
16367 RKF078.AG 0 0 2 2 2
16368 RKF079.AG 0 0 1 2 NA
16369 RKF080.AG 0 0 1 2 2
16370 RKF081.AG 0 0 2 2 2
16371 RKF082.AG 0 0 1 2 NA
16372 RKF083.AG 0 0 2 2 0
16373 RKF084.AG 0 0 2 2 0
16374 RKF085.AG 0 0 2 2 NA
16375 RKF086.AG 0 0 2 2 2
16376 RKF087.AG 0 0 1 2 2
16377 RKF088.AG 0 0 1 2 2
16378 RKF089.AG 0 0 2 2 2
16379 RKF090.AG 0 0 1 2 NA
16380 RKF091.AG 0 0 2 2 2
16381 RKF092.AG 0 0 1 2 2
16382 RKF093.AG 0 0 2 2 2
16383 RKF094.AG 0 0 1 2 NA
16384 RKF095.AG 0 0 1 2 2
16385 RKF096.AG 0 0 2 2 NA
16386 RKF097.AG 0 0 2 2 2
16387 RKF098.AG 0 0 1 2 2
16388 RKF099.AG 0 0 1 2 2
16389 RKF100.AG 0 0 1 2 2
16390 RKF101.AG 0 0 2 2 2
16391 RKF102.AG 0 0 2 2 2
16392 RKF103.AG 0 0 2 2 2
16393 RKF104.AG 0 0 1 2 2
16394 RKF105.AG 0 0 2 2 2
16395 RKF106.AG 0 0 1 2 2
16396 RKF107.AG 0 0 1 2 2
16397 RKF108.AG 0 0 2 2 2
16398 RKF109.AG 0 0 1 2 2
16399 RKF110.AG 0 0 1 2 2
16400 RKF113.AG 0 0 2 2 2
16401 RKF114.AG 0 0 1 2 NA
16402 RKF115.AG 0 0 1 2 2
16403 RKF116.AG 0 0 2 2 2
16404 RKF117.AG 0 0 1 2 2
16405 RKF118.AG 0 0 1 2 2
16406 RKF119.AG 0 0 1 2 2
16407 RKF120.AG 0 0 2 2 2
16408 RKF121.AG 0 0 1 2 2
16409 RKF122.AG 0 0 1 2 2
16410 RKF123.AG 0 0 0 2 NA
16411 RKF124.AG 0 0 1 2 2
16412 RKF126.AG 0 0 1 2 NA
16413 RKF127.AG 0 0 1 2 2
16414 RKF128.AG 0 0 2 2 NA
16415 RKF129.AG 0 0 1 2 2
16416 RKF130.AG 0 0 2 2 NA
16417 RKF131.AG 0 0 1 2 2
16418 RKF132.AG 0 0 2 2 2
16419 RKF133.AG 0 0 2 2 0
16420 RKF134.AG 0 0 2 2 2
16421 RKF135.AG 0 0 2 2 0
16422 RKF137.AG 0 0 1 2 2
16423 RKF138.AG 0 0 2 2 2
16424 RKF139.AG 0 0 1 2 0
16425 RKF140.AG 0 0 2 2 2
16426 RKF141.AG 0 0 1 2 0
16427 RKF142.AG 0 0 1 2 2
16428 RKF143.AG 0 0 2 2 2
16429 RKF144.AG 0 0 2 2 2
16430 RKF145.AG 0 0 1 2 2
16431 RKF146.AG 0 0 2 2 NA
16432 RKF147.AG 0 0 1 2 2
16433 RKF148.AG 0 0 1 2 2
16434 RKF149.AG 0 0 2 2 NA
16435 RKF150.AG 0 0 2 2 0
16436 RKF151.AG 0 0 2 2 2
16437 RKF152.AG 0 0 1 2 2
16438 RKF153.AG 0 0 2 2 2
16439 RKF154.AG 0 0 1 2 2
16440 RKF155.AG 0 0 1 2 2
16441 RKF156.AG 0 0 1 2 2
16442 RKF157.AG 0 0 1 2 0
16443 RKF158.AG 0 0 2 2 0
16444 RKF159.AG 0 0 2 2 2
16445 RKF160.AG 0 0 1 2 2
16446 RKF161.AG 0 0 2 2 2
16447 RKF162.AG 0 0 2 2 2
16448 RKF163.AG 0 0 1 2 2
16449 RKF164.AG 0 0 1 2 2
16450 RKF166.AG 0 0 2 2 NA
16451 RKF167.AG 0 0 2 2 NA
16452 RKF168.AG 0 0 1 2 NA
16453 RKF169.AG 0 0 2 2 2
16454 RKF170.AG 0 0 1 2 0
16455 RKF171.AG 0 0 1 2 NA
16456 RKF172.AG 0 0 1 2 2
16457 RKF173.AG 0 0 1 2 2
16458 RKF174.AG 0 0 2 2 2
16459 RKF175.AG 0 0 1 2 2
16460 RKF176.AG 0 0 1 2 2
16461 RKF177.AG 0 0 2 2 2
16462 RKF178.AG 0 0 2 2 2
16463 RKF179.AG 0 0 2 2 2
16464 RKF180.AG 0 0 1 2 2
16465 RKF181.AG 0 0 1 2 2
16466 RKF182.AG 0 0 1 2 2
16467 RKF183.AG 0 0 1 2 2
16468 RKF184.AG 0 0 1 2 2
16469 RKF185.AG 0 0 2 2 0
16470 RKF186.AG 0 0 1 2 2
16471 RKF187.AG 0 0 2 2 NA
16472 RKF188.AG 0 0 2 2 2
16473 RKF189.AG 0 0 2 2 2
16474 RKF190.AG 0 0 2 2 2
16475 RKF191.AG 0 0 1 2 2
16476 RKF192.AG 0 0 1 2 2
16477 RKF193.AG 0 0 1 2 2
16478 RKF194.AG 0 0 1 2 2
16479 RKF195.AG 0 0 2 2 2
16480 RKF196.AG 0 0 1 2 2
16481 RKF197.AG 0 0 2 2 2
16482 RKF198.AG 0 0 1 2 2
16483 RKF199.AG 0 0 1 2 2
16484 RKF200.AG 0 0 1 2 2
16485 RKF201.AG 0 0 1 2 2
16486 RKF202.AG 0 0 2 2 2
16487 RKF203.AG 0 0 2 2 NA
16488 RKF204.AG 0 0 2 2 NA
16489 RKF205.AG 0 0 2 2 2
16490 RKF206.AG 0 0 2 2 2
16491 RKF207.AG 0 0 2 2 2
16492 RKF208.AG 0 0 2 2 0
16493 RKF209.AG 0 0 2 2 2
16494 RKF210.AG 0 0 1 2 2
16495 RKF211.AG 0 0 2 2 2
16496 RKF212.AG 0 0 2 2 NA
16497 RKF213.AG 0 0 1 2 0
16498 RKF214.AG 0 0 1 2 NA
16499 RKF217.AG 0 0 1 2 2
16500 RKF218.AG 0 0 1 2 2
16501 RKF219.AG 0 0 1 2 NA
16502 RKF220.AG 0 0 1 2 2
16503 RKF221.AG 0 0 2 2 NA
16504 RKF222.AG 0 0 2 2 2
16505 RKF223.AG 0 0 1 2 2
16506 RKF224.AG 0 0 1 2 2
16507 RKF225.AG 0 0 1 2 NA
16508 RKF226.AG 0 0 1 2 2
16509 RKF227.AG 0 0 1 2 NA
16510 RKF228.AG 0 0 2 2 2
16511 RKF229.AG 0 0 2 2 NA
16512 RKF230.AG 0 0 1 2 2
16513 RKF231.AG 0 0 1 2 2
16514 RKF233.AG 0 0 1 2 2
16515 RKF234.AG 0 0 2 2 2
16516 RKF235.AG 0 0 2 2 2
16517 RKF236.AG 0 0 1 2 NA
16518 RKF237.AG 0 0 1 2 2
16519 RKF238.AG 0 0 2 2 2
16520 RKF240.AG 0 0 2 2 2
16521 RKF241.AG 0 0 1 2 2
16522 RKF242.AG 0 0 1 2 2
16523 RKF243.AG 0 0 1 2 2
16524 RKF244.AG 0 0 1 2 NA
16525 RKF245.AG 0 0 1 2 2
16526 RKF246.AG 0 0 2 2 2
16527 RKF247.AG 0 0 1 2 2
16528 RKF248.AG 0 0 1 2 0
16529 RKF249.AG 0 0 2 2 2
16530 RKF250.AG 0 0 2 2 2
16531 RKF251.AG 0 0 2 2 2
16532 RKF252.AG 0 0 1 2 NA
16533 RKF253.AG 0 0 1 2 2
16534 RKF254.AG 0 0 2 2 2
16535 RKF255.AG 0 0 1 2 2
16536 RKF256.AG 0 0 2 2 2
16537 RKF257.AG 0 0 2 2 2
16538 RKF258.AG 0 0 1 2 2
16539 RKF259.AG 0 0 2 2 2
16540 RKF260.AG 0 0 2 2 0
16541 RKF261.AG 0 0 1 2 NA
16542 RKF262.AG 0 0 1 2 2
16543 RKF263.AG 0 0 1 2 2
16544 RKF264.AG 0 0 2 2 2
16545 RKF265.AG 0 0 1 2 2
16546 RKF266.AG 0 0 2 2 0
16547 RKF267.AG 0 0 2 2 NA
16548 RKF268.AG 0 0 1 2 2
16549 RKF269.AG 0 0 2 2 NA
16550 RKF270.AG 0 0 2 2 2
16551 RKF271.AG 0 0 2 2 2
16552 RKF272.AG 0 0 2 2 2
16553 RKF273.AG 0 0 1 2 2
16554 RKF274.AG 0 0 1 2 2
16555 RKF275.AG 0 0 1 2 2
16556 RKF276.AG 0 0 2 2 0
16557 RKF278.AG 0 0 2 2 2
16558 RKF279.AG 0 0 2 2 NA
16559 RKO001.AG 0 0 1 2 NA
16560 RKO002.AG 0 0 1 2 0
16561 RKO003.AG 0 0 1 2 2
16562 RKO004.AG 0 0 1 2 NA
16563 RKO005.AG 0 0 1 2 2
16564 RKO006.AG 0 0 2 2 2
16565 RKO007.AG 0 0 1 2 2
16566 RKO010.AG 0 0 2 2 2
16567 RKO012.AG 0 0 1 2 2
16568 RKO013.AG 0 0 2 2 0
16569 RKO014.AG 0 0 2 2 2
16570 RKO015.AG 0 0 1 2 2
16571 RKO016.AG 0 0 1 2 2
16572 RKO018.AG 0 0 1 2 2
16573 RKO019.AG 0 0 1 2 2
16574 RKO020.AG 0 0 1 2 NA
16575 RKO021.AG 0 0 1 2 2
16576 DevilsGate.SG 0 0 2 2 NA
16577 UN19.SG 0 0 1 2 NA
16578 MNN001.002.AG 0 0 2 2 2
16579 DUN001.AG 0 0 1 2 0
16580 GFW002.003.AG 0 0 1 2 2
16581 CSP002.AG 0 0 2 2 2
16582 ADN009.AG 0 0 1 2 2
16583 ALA110.AG 0 0 1 2 2
16584 HID001.AG 0 0 1 2 2
16585 HID002.AG 0 0 1 2 0
16586 LaBrana1.SG 0 0 1 2 2
16587 JHF05.AG 0 0 0 2 2
16588 R11553.SG 0 0 2 2 2
16589 RISE1280.SG 0 0 1 2 NA
16590 KH150191.AG 0 0 1 2 NA
16591 KH150203.AG 0 0 2 2 2
16592 GLN126.SG 0 0 1 2 NA
16593 GOX287.SG 0 0 1 2 NA
16594 R37.SG 0 0 2 2 2
16595 AHPS102.SG 0 0 0 2 2
16596 VK347.SG 0 0 1 2 0
16597 Th519.WGC.SG 0 0 1 2 NA
16598 MJ-15-32.SG 0 0 1 2 2
16599 I0997.AG 0 0 1 2 2
16600 I10900.AG 0 0 1 2 2
16601 I11741.AG 0 0 1 2 2
16602 I12224.AG 0 0 1 2 NA
16603 I20312.AG 0 0 1 2 2
16604 I20893.AG 0 0 1 2 2
16605 I2143.AG 0 0 1 2 2
16606 I8085.AG 0 0 1 2 2
16607 I5070.AG 0 0 1 2 2
16608 I17312.AG 0 0 1 2 NA
16609 I20675.AG 0 0 1 2 0
16610 I15478.AG 0 0 1 2 2
16611 I20830.AG 0 0 1 2 2
16612 I0122.AG 0 0 1 2 2
16613 I19265.AG 0 0 1 2 2
16614 I1685.AG 0 0 1 2 NA
16615 I1560.AG 0 0 1 2 NA
16616 I33867.TW 0 0 0 2 2
16617 I19266.AG 0 0 1 2 2
16618 I10208.TW 0 0 1 2 2
16619 I3320.AG 0 0 1 2 0
16620 I24898.AG 0 0 1 2 2
16621 I5737.AG 0 0 1 2 2
16622 I4274.AG 0 0 1 2 2
16623 I3121.AG 0 0 1 2 2
16624 I6230.AG 0 0 1 2 2
16625 I4355.AG 0 0 1 2 2
16626 I6441.AG.BY 0 0 1 2 2
16627 NEO193.AG.TW 0 0 1 2 2
16628 NEO193.TW 0 0 1 2 2
16629 I1710.AG.TW 0 0 1 2 2
16630 I1710.TW 0 0 1 2 2
16631 I1103.AG.TW 0 0 1 2 2
16632 I1103.TW 0 0 1 2 2
16633 UZZ061.AG 0 0 1 2 2
16634 UZZ040.AG 0 0 1 2 NA
16635 XAN051.AG 0 0 1 2 2
16636 XAN041.AG 0 0 1 2 2
16637 XAN024.AG 0 0 1 2 0
16638 NST001.AG 0 0 1 2 2
16639 APO037.AG 0 0 1 2 NA
16640 AID008.AG 0 0 1 2 2
16641 AID002.AG 0 0 1 2 2
16642 ETM010.AG 0 0 1 2 2
16643 GER003.AG 0 0 1 2 2
16644 JK2804.AG 0 0 1 2 2
16645 TAF014.AG 0 0 1 2 2
16646 TAF011.AG 0 0 1 2 2
16647 TAF010.AG 0 0 1 2 2
16648 TAF009.AG 0 0 1 2 2
16649 TSA005.AG 0 0 1 2 2
16650 BUL002.AG 0 0 1 2 2
16651 GoyetQ-2.AG 0 0 1 2 2
16652 S153_S183.AG 0 0 1 2 0
16653 M354.AG 0 0 1 2 2
16654 atp12-1420.SG 0 0 1 2 2
16655 atp002.SG 0 0 1 2 2
16656 Sumidouro6.SG 0 0 1 2 2
16657 Sumidouro5.SG 0 0 1 2 2
16658 Sumidouro4.SG 0 0 1 2 NA
16659 SZF-26.SG 0 0 0 2 2
16660 VK534.SG 0 0 1 2 2
16661 VK394.SG 0 0 1 2 NA
16662 VK344.SG 0 0 1 2 NA
16663 VK343.SG 0 0 1 2 2
16664 VK264.SG 0 0 1 2 2
16665 VK129.SG 0 0 1 2 0
16666 ERS1790733.SG 0 0 1 2 2
16667 OC.SG 0 0 1 2 2
16668 DA45.SG 0 0 1 2 0
16669 DA43.SG 0 0 1 2 2
16670 DA41.SG 0 0 1 2 2
16671 DA30.SG 0 0 1 2 2
16672 DA27.SG 0 0 1 2 2
16673 DA204.SG 0 0 1 2 NA
16674 DA144.SG 0 0 1 2 2
16675 DA381.SG 0 0 1 2 2
16676 SZ5.SG 0 0 1 2 0
16677 I0861.AG.BY 0 0 1 2 NA
16678 I1290.AG.BY 0 0 2 2 2
16679 I1198.AG.BY 0 0 2 2 NA
16680 I1190.AG.BY 0 0 2 2 2
16681 I0238.AG.BY 0 0 1 2 NA
16682 I0040.AG.BY 0 0 1 2 2
16683 I2483.AG.BY 0 0 1 2 2
16684 I2261.AG.BY 0 0 2 2 2
16685 I1733.AG.BY 0 0 2 2 NA
16686 I1577.AG.BY 0 0 1 2 2
16687 I1369.AG.BY 0 0 2 2 NA
16688 I1192.AG.BY 0 0 1 2 NA
16689 I0626.AG.BY 0 0 1 2 NA
16690 I0595.AG.BY 0 0 1 2 NA
16691 I0308.AG.BY 0 0 2 2 2
16692 I1945.AG.TW.BY 0 0 1 2 NA
16693 I28394.AG 0 0 2 2 2
16694 I28388.AG 0 0 1 2 2
16695 I20533.AG 0 0 1 2 2
16696 I25555.AG 0 0 1 2 NA
16697 I35517.TW 0 0 1 2 NA
16698 I24898_d.AG 0 0 1 2 2
16699 I5737_d.AG 0 0 1 2 NA
16700 I3121_d.AG 0 0 1 2 NA
16701 I6230_d.AG 0 0 1 2 NA
16702 I4355_d.AG 0 0 1 2 NA
16703 UZZ061_d.AG 0 0 1 2 NA
16704 UZZ040_d.AG 0 0 1 2 NA
16705 C4779_d.AG 0 0 1 2 NA
16706 XAN051_d.AG 0 0 1 2 2
16707 XAN041_d.AG 0 0 1 2 2
16708 XAN024_d.AG 0 0 1 2 NA
16709 NST001_d.AG 0 0 1 2 NA
16710 APO037_d.AG 0 0 1 2 NA
16711 AID008_d.AG 0 0 1 2 NA
16712 AID002_d.AG 0 0 1 2 2
16713 ETM010_d.AG 0 0 1 2 2
16714 GER003_d.AG 0 0 1 2 NA
16715 JK2804_d.AG 0 0 1 2 2
16716 TAF010_d.AG 0 0 1 2 2
16717 C3324_d.AG 0 0 1 2 NA
16718 TSA005_d.AG 0 0 1 2 NA
16719 TAV011_d.AG 0 0 1 2 NA
16720 GoyetQ-2_d.AG 0 0 1 2 2
16721 S153_S183_d.AG 0 0 1 2 2
16722 M354_d.AG 0 0 1 2 2
16723 LM16_d.SG 0 0 1 2 NA
16724 mur_d.SG 0 0 1 2 NA
16725 esp005_d.SG 0 0 1 2 NA
16726 Sumidouro6_d.SG 0 0 1 2 2
16727 Sumidouro5_d.SG 0 0 1 2 2
16728 Sumidouro4_d.SG 0 0 1 2 NA
16729 SZK-130_d.SG 0 0 1 2 NA
16730 SZF-26_d.SG 0 0 1 2 NA
16731 SH-41_d.SG 0 0 1 2 NA
16732 SH-106_d.SG 0 0 1 2 NA
16733 PV-205_d.SG 0 0 1 2 2
16734 PV-200_d.SG 0 0 1 2 2
16735 PLE-38_d.SG 0 0 1 2 NA
16736 PLE-384_d.SG 0 0 1 2 NA
16737 PLE-23_d.SG 0 0 1 2 NA
16738 PLE-216_d.SG 0 0 1 2 NA
16739 PLE-115_d.SG 0 0 1 2 2
16740 MM-80_d.SG 0 0 1 2 2
16741 KK2-670_d.SG 0 0 1 2 NA
16742 KeF1-10936_d.SG 0 0 1 2 NA
16743 K3-12_d.SG 0 0 1 2 NA
16744 K2-61_d.SG 0 0 1 2 NA
16745 K2-33_d.SG 0 0 1 2 NA
16746 IBE-90_d.SG 0 0 1 2 NA
16747 FU-193_d.SG 0 0 1 2 NA
16748 ARK-19_d.SG 0 0 1 2 NA
16749 VK534_d.SG 0 0 1 2 NA
16750 VK394_d.SG 0 0 1 2 NA
16751 VK344_d.SG 0 0 1 2 NA
16752 VK343_d.SG 0 0 1 2 NA
16753 VK264_d.SG 0 0 1 2 NA
16754 VK129_d.SG 0 0 1 2 NA
16755 sha014_d.SG 0 0 1 2 2
16756 sha004_d.SG 0 0 1 2 2
16757 KH150637_d.SG 0 0 1 2 NA
16758 ERS1790733_d.SG 0 0 1 2 NA
16759 DA45_d.SG 0 0 1 2 2
16760 DA43_d.SG 0 0 1 2 NA
16761 DA41_d.SG 0 0 1 2 NA
16762 DA30_d.SG 0 0 1 2 NA
16763 DA27_d.SG 0 0 1 2 NA
16764 DA144_d.SG 0 0 1 2 NA
16765 DA381_d.SG 0 0 1 2 NA
16766 vbj008_d.SG 0 0 1 2 NA
16767 I40453.TW 0 0 2 2 2
16768 I40458.TW 0 0 2 2 2
16769 I41049.TW 0 0 1 2 2
16770 I41043.TW 0 0 1 2 2
16771 I0679.AG.TW 0 0 2 2 2
16772 I0679.AG 0 0 2 2 2
16773 I0679.TW 0 0 2 2 2
16774 I2529.AG.TW 0 0 1 2 2
16775 I5080.AG.TW 0 0 1 2 2
16776 I5080.TW 0 0 1 2 2
16777 I1563.AG.TW 0 0 2 2 2
16778 I1563.TW 0 0 2 2 2
16779 I1674.AG.TW 0 0 1 2 NA
16780 I1674.TW 0 0 1 2 NA
16781 I1706.AG.TW 0 0 2 2 2
16782 I1706.TW 0 0 2 2 2
16783 I1705.AG.TW 0 0 1 2 2
16784 I1705.TW 0 0 1 2 2
16785 Latvia_MN1.AG.TW 0 0 1 2 2
16786 Latvia_MN1.AG 0 0 1 2 2
16787 Latvia_MN1.TW 0 0 1 2 2
16788 I4630.AG.TW 0 0 1 2 2
16789 I4630.TW 0 0 1 2 2
16790 I2532.AG.TW 0 0 1 2 2
16791 I2532.TW 0 0 1 2 2
16792 I2533.AG.TW 0 0 2 2 2
16793 I2533.TW 0 0 2 2 2
16794 I5269.AG.TW 0 0 1 2 2
16795 I5269.TW 0 0 1 2 2
16796 I0211.AG.TW 0 0 1 2 NA
16797 I0211.AG 0 0 1 2 NA
16798 I0211.TW 0 0 1 2 NA
16799 I0231.AG.TW 0 0 1 2 2
16800 I0231.AG 0 0 1 2 2
16801 I0231.TW 0 0 1 2 2
16802 I5695.AG.TW 0 0 1 2 2
16803 I5695.TW 0 0 1 2 2
16804 I0409.AG.TW 0 0 2 2 2
16805 I0409.AG 0 0 2 2 2
16806 I0409.TW 0 0 2 2 NA
16807 I8369.AG.TW 0 0 2 2 2
16808 I8369.AG 0 0 2 2 2
16809 I8369.TW 0 0 2 2 2
16810 I8366.AG.TW 0 0 1 2 2
16811 I8366.TW 0 0 1 2 2
16812 I4635.AG.TW 0 0 2 2 2
16813 I4635.TW 0 0 2 2 2
16814 I2450.AG.TW 0 0 2 2 2
16815 I2450.TW 0 0 2 2 2
16816 I2443.AG.TW 0 0 2 2 2
16817 I2443.AG 0 0 2 2 2
16818 I2443.TW 0 0 2 2 2
16819 I2454.AG.TW 0 0 2 2 2
16820 I2454.TW 0 0 2 2 2
16821 I13635.AG 0 0 1 2 2
16822 I13635.TW 0 0 1 2 2
16823 R19.AG.TW 0 0 1 2 2
16824 R19.AG 0 0 1 2 2
16825 R19.TW 0 0 1 2 2
16826 I13028.AG.TW 0 0 1 2 2
16827 I13028.TW 0 0 1 2 2
16828 I13027.AG.TW 0 0 2 2 2
16829 I13027.TW 0 0 2 2 2
16830 I24215.AG.TW 0 0 2 2 2
16831 I24215.AG 0 0 2 2 2
16832 I24215.TW 0 0 2 2 2
16833 I10545.AG.TW 0 0 1 2 2
16834 I10545.TW 0 0 1 2 2
16835 I10547.AG.TW 0 0 2 2 2
16836 I10547.TW 0 0 2 2 2
16837 I10542.AG.TW 0 0 1 2 2
16838 I10542.TW 0 0 1 2 2
16839 I13635_d.AG.TW 0 0 1 2 NA
16840 GRO005.TW 0 0 1 2 2
16841 AS_EMT.SG 0 0 2 2 2
16842 MH1_LT.SG 0 0 1 2 NA
16843 MH2_LT.SG 0 0 2 2 NA
16844 MH3_LT.SG 0 0 1 2 NA
16845 lc8544.SG 0 0 2 2 NA
16846 Iceman.SG 0 0 1 2 2
16847 CGG100317.SG 0 0 2 2 0
16848 CGG100336.SG 0 0 1 2 NA
16849 CGG100341.SG 0 0 1 2 NA
16850 CGG100415.SG 0 0 1 2 0
16851 CGG100431.SG 0 0 1 2 NA
16852 CGG100434.SG 0 0 2 2 NA
16853 CGG100441.SG 0 0 1 2 NA
16854 CGG100442.SG 0 0 1 2 NA
16855 CGG100445.SG 0 0 1 2 0
16856 CGG100447.SG 0 0 1 2 NA
16857 CGG100451.SG 0 0 2 2 NA
16858 CGG100452.SG 0 0 2 2 NA
16859 CGG100453.SG 0 0 1 2 NA
16860 CGG100454.SG 0 0 1 2 0
16861 CGG100456.SG 0 0 2 2 NA
16862 CGG100460.SG 0 0 2 2 NA
16863 CGG100472.SG 0 0 2 2 NA
16864 CGG100481.SG 0 0 2 2 NA
16865 CGG100492.SG 0 0 1 2 NA
16866 CGG100493.SG 0 0 1 2 0
16867 CGG100497.SG 0 0 2 2 NA
16868 CGG100498.SG 0 0 1 2 0
16869 CGG100501.SG 0 0 2 2 NA
16870 CGG100507.SG 0 0 2 2 NA
16871 CGG100510.SG 0 0 1 2 NA
16872 CGG100512.SG 0 0 1 2 0
16873 CGG100513.SG 0 0 2 2 NA
16874 CGG100519.SG 0 0 2 2 NA
16875 CGG100530.SG 0 0 2 2 NA
16876 CGG100535.SG 0 0 2 2 NA
16877 CGG100539.SG 0 0 2 2 NA
16878 CGG100545.SG 0 0 2 2 NA
16879 CGG100651.SG 0 0 2 2 NA
16880 CGG100653.SG 0 0 1 2 NA
16881 CGG100678.SG 0 0 1 2 NA
16882 CGG100679.SG 0 0 1 2 0
16883 CGG100682.SG 0 0 1 2 NA
16884 CGG100683.SG 0 0 1 2 NA
16885 CGG100686.SG 0 0 1 2 0
16886 CGG100687.SG 0 0 1 2 NA
16887 CGG100689.SG 0 0 1 2 NA
16888 CGG100691.SG 0 0 1 2 NA
16889 CGG100692.SG 0 0 2 2 0
16890 CGG100700.SG 0 0 2 2 NA
16891 CGG100747.SG 0 0 2 2 NA
16892 CGG100748.SG 0 0 2 2 2
16893 CGG100749.SG 0 0 1 2 NA
16894 CGG100750.SG 0 0 1 2 2
16895 CGG100751.SG 0 0 1 2 NA
16896 CGG100759.SG 0 0 1 2 0
16897 CGG100797.SG 0 0 1 2 NA
16898 CGG100802.SG 0 0 2 2 NA
16899 CGG100820.SG 0 0 2 2 NA
16900 CGG100908.SG 0 0 2 2 NA
16901 CGG100914.SG 0 0 2 2 NA
16902 CGG100918.SG 0 0 1 2 NA
16903 CGG100920.SG 0 0 1 2 NA
16904 CGG100921.SG 0 0 2 2 NA
16905 CGG100926.SG 0 0 1 2 NA
16906 CGG100951.SG 0 0 1 2 NA
16907 CGG101680.SG 0 0 2 2 NA
16908 CGG101689.SG 0 0 1 2 NA
16909 CGG101691.SG 0 0 2 2 NA
16910 CGG101808.SG 0 0 1 2 NA
16911 CGG101809.SG 0 0 1 2 NA
16912 CGG101811.SG 0 0 2 2 NA
16913 CGG101813.SG 0 0 2 2 NA
16914 CGG101822.SG 0 0 2 2 0
16915 CGG101825.SG 0 0 1 2 NA
16916 CGG101827.SG 0 0 1 2 NA
16917 CGG101829.SG 0 0 2 2 NA
16918 CGG101833.SG 0 0 2 2 NA
16919 CGG101835.SG 0 0 1 2 NA
16920 CGG101837.SG 0 0 1 2 NA
16921 CGG101838.SG 0 0 1 2 0
16922 CGG101839.SG 0 0 1 2 NA
16923 CGG101842.SG 0 0 1 2 NA
16924 CGG101843.SG 0 0 1 2 NA
16925 CGG101845.SG 0 0 2 2 NA
16926 CGG101850.SG 0 0 2 2 NA
16927 CGG101854.SG 0 0 1 2 NA
16928 CGG101855.SG 0 0 1 2 NA
16929 CGG101857.SG 0 0 2 2 NA
16930 CGG101864.SG 0 0 1 2 0
16931 CGG101873.SG 0 0 1 2 NA
16932 GD1-1.AG 0 0 2 2 2
16933 GD1-3.AG 0 0 1 2 NA
16934 GD1-4.AG 0 0 2 2 2
16935 GD2-2.AG 0 0 2 2 2
16936 GD2-4.AG 0 0 1 2 0
16937 TK4-2.AG 0 0 1 2 2
16938 TK4-5.AG 0 0 1 2 NA
16939 TK5-2.AG 0 0 1 2 NA
16940 TK5-8.AG 0 0 2 2 2
16941 BOY001.AG 0 0 1 2 2
16942 BOY008.AG 0 0 1 2 NA
16943 BOY009.AG 0 0 1 2 2
16944 BOY014.AG 0 0 2 2 NA
16945 I18794_alt.AG 0 0 1 2 NA
16946 KTL001.AG 0 0 1 2 2
16947 KTL002.AG 0 0 2 2 2
16948 KTL003.AG 0 0 2 2 2
16949 KTL004.AG 0 0 2 2 2
16950 KTL005.AG 0 0 1 2 2
16951 KTL006.AG 0 0 1 2 2
16952 KTL007.AG 0 0 2 2 2
16953 KTL008.AG 0 0 2 2 2
16954 MAJ002.AG 0 0 2 2 2
16955 MAJ003.AG 0 0 1 2 2
16956 MAJ004.AG 0 0 2 2 2
16957 MAJ008.AG 0 0 2 2 2
16958 MAJ009.AG 0 0 1 2 2
16959 MAJ017.AG 0 0 1 2 2
16960 MAJ019.AG 0 0 2 2 2
16961 MAJ020.AG 0 0 2 2 2
16962 MAJ023.AG 0 0 2 2 2
16963 PIE003.AG 0 0 2 2 2
16964 PIE004.AG 0 0 1 2 2
16965 PIE005.AG 0 0 1 2 2
16966 PIE006.AG 0 0 2 2 NA
16967 PIE008.AG 0 0 2 2 2
16968 PIE009.AG 0 0 1 2 NA
16969 PIE010.AG 0 0 2 2 NA
16970 PIE012.AG 0 0 2 2 2
16971 PIE013.AG 0 0 1 2 2
16972 PIE014.AG 0 0 2 2 2
16973 PIE015.AG 0 0 1 2 2
16974 PIE017.AG 0 0 1 2 2
16975 PIE018.AG 0 0 2 2 NA
16976 PIE019.AG 0 0 1 2 2
16977 PIE022.AG 0 0 1 2 NA
16978 PIE023.AG 0 0 1 2 2
16979 PIE025.AG 0 0 1 2 2
16980 PIE026.AG 0 0 1 2 NA
16981 PIE028.AG 0 0 1 2 2
16982 PIE029.AG 0 0 1 2 2
16983 PIE030.AG 0 0 2 2 NA
16984 PIE032.AG 0 0 1 2 NA
16985 PIE033.AG 0 0 1 2 2
16986 PIE034.AG 0 0 2 2 2
16987 PIE035.AG 0 0 2 2 NA
16988 PIE037.AG 0 0 1 2 2
16989 PIE038.AG 0 0 2 2 2
16990 PIE039.AG 0 0 2 2 2
16991 PIE041.AG 0 0 2 2 2
16992 PIE042.AG 0 0 1 2 NA
16993 PIE043.AG 0 0 2 2 2
16994 PIE044.AG 0 0 1 2 NA
16995 PIE048.AG 0 0 2 2 NA
16996 PIE050.AG 0 0 1 2 2
16997 PIE053.AG 0 0 2 2 2
16998 PIE054.AG 0 0 1 2 2
16999 PIE057.AG 0 0 1 2 2
17000 PIE058.AG 0 0 1 2 2
17001 PIE06061.AG 0 0 1 2 2
17002 PIE062.AG 0 0 1 2 NA
17003 PIE063.AG 0 0 1 2 2
17004 PIE064.AG 0 0 1 2 NA
17005 PIE065.AG 0 0 2 2 2
17006 PIE069.AG 0 0 2 2 NA
17007 PIE071631.AG 0 0 1 2 2
17008 PIE074.AG 0 0 2 2 2
17009 PIE075.AG 0 0 2 2 NA
17010 PIE076.AG 0 0 1 2 2
17011 PIE077.AG 0 0 2 2 2
17012 PIE078.AG 0 0 1 2 2
17013 PTK001.AG 0 0 1 2 2
17014 PTK003.AG 0 0 1 2 2
17015 PTK004.AG 0 0 1 2 NA
17016 PTK005.AG 0 0 1 2 NA
17017 UBK003.AG 0 0 2 2 NA
17018 UBK006.AG 0 0 1 2 NA
17019 USV004.AG 0 0 2 2 2
17020 USV005.AG 0 0 2 2 2
17021 VAR002.AG 0 0 2 2 NA
17022 VAR003.AG 0 0 2 2 2
17023 VAR004.AG 0 0 1 2 2
17024 VAR006.AG 0 0 1 2 NA
17025 VAR008.AG 0 0 1 2 2
17026 VAR009.AG 0 0 1 2 2
17027 VAR010.AG 0 0 1 2 2
17028 VAR011.AG 0 0 1 2 2
17029 VAR012.AG 0 0 2 2 2
17030 VAR016.AG 0 0 1 2 NA
17031 VAR017.AG 0 0 2 2 2
17032 VAR018.AG 0 0 1 2 2
17033 VAR019.AG 0 0 1 2 NA
17034 VAR020.AG 0 0 1 2 2
17035 VAR021.AG 0 0 2 2 2
17036 VAR022.AG 0 0 1 2 2
17037 VAR023_ANI160.AG 0 0 1 2 NA
17038 VAR026.AG 0 0 1 2 NA
17039 VAR027.AG 0 0 2 2 NA
17040 VAR030.AG 0 0 1 2 2
17041 VAR032.AG 0 0 1 2 2
17042 VAR033.AG 0 0 2 2 2
17043 VAR034.AG 0 0 2 2 2
17044 YUN001.AG 0 0 2 2 2
17045 YUN003_049.AG 0 0 2 2 2
17046 YUN005.AG 0 0 2 2 2
17047 YUN006_031.AG 0 0 2 2 2
17048 YUN007.AG 0 0 1 2 2
17049 YUN009.AG 0 0 1 2 2
17050 YUN012.AG 0 0 2 2 2
17051 YUN013.AG 0 0 1 2 2
17052 YUN014.AG 0 0 2 2 2
17053 YUN015.AG 0 0 1 2 NA
17054 YUN019.AG 0 0 2 2 2
17055 YUN021.AG 0 0 2 2 2
17056 YUN025.AG 0 0 2 2 2
17057 YUN026.AG 0 0 1 2 2
17058 YUN028.AG 0 0 2 2 2
17059 YUN033.AG 0 0 2 2 2
17060 YUN034.AG 0 0 2 2 2
17061 YUN035.AG 0 0 2 2 NA
17062 YUN036.AG 0 0 2 2 NA
17063 YUN037.AG 0 0 1 2 2
17064 YUN038.AG 0 0 1 2 2
17065 YUN039.AG 0 0 2 2 NA
17066 YUN041.AG 0 0 2 2 2
17067 YUN042.AG 0 0 2 2 2
17068 YUN043.AG 0 0 2 2 2
17069 YUN044.AG 0 0 2 2 NA
17070 YUN045.AG 0 0 2 2 NA
17071 YUN048.AG 0 0 1 2 NA
17072 GoyetQ116-1.AG 0 0 1 2 2
17073 GoyetQ56-16_d.AG 0 0 2 2 NA
17074 BerryAuBac.AG 0 0 1 2 2
17075 LesCloseaux13_d.AG 0 0 2 2 2
17076 Ranchot88_d.AG 0 0 2 2 2
17077 Ofnet_d.AG 0 0 2 2 NA
17078 Villabruna_alt.AG.BY.AA 0 0 1 2 2
17079 Paglicci108_d.AG 0 0 2 2 NA
17080 Paglicci133.AG 0 0 1 2 NA
17081 Kostenki12.AG.BY.AA 0 0 1 2 NA
17082 Kostenki14_d.AG.BY.AA 0 0 1 2 2
17083 I0061.SG 0 0 1 2 2
17084 Brillenhohle_d.AG 0 0 1 2 NA
17085 Burkhardtshohle_d.AG 0 0 1 2 2
17086 CIO001_d.AG 0 0 1 2 NA
17087 Chaudardes1_d.AG 0 0 1 2 NA
17088 Vestonice15_d.AG 0 0 1 2 NA
17089 GoyetQ53-1_d.AG 0 0 2 2 NA
17090 IGR001_d.AG 0 0 1 2 NA
17091 LRO001_d.AG 0 0 1 2 NA
17092 Paglicci133_d.AG 0 0 1 2 NA
17093 BRM001_d.AG 0 0 1 2 NA
17094 Bockstein.AG 0 0 2 2 NA
17095 Brillenhohle.AG 0 0 1 2 2
17096 Burkhardtshohle.AG 0 0 1 2 2
17097 CIO001.AG 0 0 1 2 NA
17098 Chaudardes1.AG 0 0 1 2 2
17099 DOG009.AG 0 0 1 2 0
17100 DOG010.AG 0 0 2 2 2
17101 Vestonice15.AG 0 0 1 2 2
17102 GOY001.AG 0 0 1 2 0
17103 GOY007.AG 0 0 1 2 NA
17104 GoyetQ376-19.AG 0 0 2 2 NA
17105 GoyetQ376-3.AG 0 0 1 2 NA
17106 GoyetQ53-1.AG 0 0 2 2 NA
17107 HohleFels10_79.AG 0 0 1 2 NA
17108 HohleFels49.AG 0 0 1 2 2
17109 AMI001.AG 0 0 2 2 2
17110 LMA001.AG 0 0 1 2 NA
17111 RIE002.AG 0 0 1 2 2
17112 LRO001.AG 0 0 1 2 NA
17113 LPI002.AG 0 0 1 2 2
17114 MAF001.AG 0 0 1 2 NA
17115 MAZ001.AG 0 0 1 2 2
17116 MAZ003.AG 0 0 1 2 2
17117 MUR002.AG 0 0 2 2 NA
17118 ORM001.AG 0 0 2 2 2
17119 OST002.AG 0 0 1 2 2
17120 PA12.AG 0 0 2 2 2
17121 Paglicci133_alt.AG 0 0 1 2 NA
17122 GER002.AG 0 0 1 2 NA
17123 Rigney1.AG 0 0 2 2 NA
17124 TTK001.AG 0 0 1 2 NA
17125 UOO023.AG 0 0 2 2 2
17126 UOO035.056.AG 0 0 2 2 NA
17127 I2110.AG 0 0 1 2 2
17128 I10872.AG 0 0 1 2 2
17129 I4207.AG 0 0 1 2 NA
17130 prs008/009.SG 0 0 1 2 2
17131 prs008/009_d.SG 0 0 1 2 NA
17132 prs013/014.SG 0 0 1 2 2
17133 prs013/014_d.SG 0 0 1 2 NA
17134 ARM002.AG 0 0 1 2 2
17135 I12686.AG 0 0 1 2 2
17136 I12686.AG.TW 0 0 1 2 2
17137 I12686.TW 0 0 1 2 2
17138 I17968.AG.TW 0 0 2 2 NA
17139 I17968.TW 0 0 2 2 NA
17140 I19023.AG 0 0 1 2 NA
17141 I19023.AG.TW 0 0 1 2 NA
17142 I19023.TW 0 0 1 2 NA
17143 I21109.AG 0 0 1 2 NA
17144 I22203.AG.TW 0 0 1 2 2
17145 I22203.TW 0 0 1 2 2
17146 I22204.AG.TW 0 0 1 2 2
17147 I22204.TW 0 0 1 2 2
17148 I22205.AG.TW 0 0 2 2 2
17149 I22205.TW 0 0 2 2 2
17150 I24085.AG.TW 0 0 1 2 2
17151 I24085.TW 0 0 1 2 2
17152 I24088.AG.TW 0 0 1 2 2
17153 I24088.TW 0 0 1 2 2
17154 I24091.AG.TW 0 0 1 2 2
17155 I24091.TW 0 0 1 2 2
17156 I25334.AG 0 0 1 2 2
17157 I2385.AG 0 0 1 2 2
17158 VEK007.AG 0 0 1 2 2
17159 I0708.DG 0 0 1 2 2
17160 I1053.DG 0 0 1 2 2
17161 I10871.DG 0 0 1 2 2
17162 I1116.DG 0 0 1 2 2
17163 I14879.DG 0 0 1 2 2
17164 NE6.DG 0 0 1 2 2
17165 KO1.DG 0 0 1 2 2
17166 I1583.DG 0 0 1 2 2
17167 I1631.DG 0 0 2 2 2
17168 I1632.DG 0 0 1 2 2
17169 I1633.DG 0 0 2 2 2
17170 I1734.DG 0 0 1 2 2
17171 I1960.DG 0 0 2 2 2
17172 I1961.DG 0 0 1 2 2
17173 I1962.DG 0 0 1 2 2
17174 I1965.DG 0 0 1 2 2
17175 I2105.DG 0 0 2 2 2
17176 I2134.DG 0 0 1 2 2
17177 I2139.DG 0 0 2 2 2
17178 I2445.DG 0 0 1 2 2
17179 I2510.DG 0 0 1 2 2
17180 I2514.DG 0 0 1 2 2
17181 I2520.DG 0 0 1 2 2
17182 I2861.DG 0 0 2 2 1
17183 I2935.DG 0 0 1 2 2
17184 I2978.DG 0 0 1 2 2
17185 I2980.DG 0 0 2 2 2
17186 I3123.DG 0 0 1 2 2
17187 I3133.DG 0 0 1 2 2
17188 I3255.DG 0 0 2 2 2
17189 I3388.DG 0 0 2 2 2
17190 I3758.DG 0 0 2 2 2
17191 I3949.DG 0 0 1 2 2
17192 I3950.DG 0 0 1 2 2
17193 I4315.DG 0 0 1 2 2
17194 I4432.DG 0 0 1 2 2
17195 I4438.DG 0 0 1 2 2
17196 I4529.DG 0 0 1 2 2
17197 I4532.DG 0 0 1 2 2
17198 I4596.DG 0 0 1 2 2
17199 I4634.DG 0 0 2 2 2
17200 I4873.DG 0 0 2 2 2
17201 I4875.DG 0 0 2 2 2
17202 I4877.DG 0 0 2 2 2
17203 I4878.DG 0 0 1 2 2
17204 I4893.DG 0 0 1 2 2
17205 I4914.DG 0 0 1 2 2
17206 I4916.DG 0 0 1 2 2
17207 I5077.DG 0 0 1 2 2
17208 I5105.DG 0 0 1 2 2
17209 I5233.DG 0 0 2 2 2
17210 I5235.DG 0 0 1 2 2
17211 I5236.DG 0 0 1 2 2
17212 I5273.DG 0 0 1 2 2
17213 I5279.DG 0 0 1 2 2
17214 I5319.DG 0 0 1 2 2
17215 I5725.DG 0 0 1 2 2
17216 I5742.DG 0 0 2 2 2
17217 I5743.DG 0 0 2 2 2
17218 I5748.DG 0 0 1 2 2
17219 I5838.DG 0 0 1 2 2
17220 mota.DG 0 0 1 2 2
17221 I6714.DG 0 0 1 2 2
17222 I6729.DG 0 0 1 2 2
17223 I7421.DG 0 0 1 2 2
17224 I0231.SG 0 0 1 2 2
17225 I3255.SG 0 0 2 2 2
17226 I3313.SG 0 0 2 2 2
17227 I3387.SG 0 0 1 2 2
17228 I3388.SG 0 0 2 2 2
17229 I3389.SG 0 0 1 2 2
17230 I3390.SG 0 0 2 2 2
17231 I3392.SG 0 0 1 2 0
17232 I3394.SG 0 0 1 2 2
17233 I3395.SG 0 0 2 2 2
17234 I3396.SG 0 0 1 2 2
17235 I3433.SG 0 0 2 2 2
17236 I3566.SG 0 0 1 2 0
17237 I3567.SG 0 0 1 2 0
17238 I3758.SG 0 0 2 2 2
17239 I1290.SG 0 0 2 2 NA
17240 I3911.SG 0 0 1 2 2
17241 I3949.SG 0 0 1 2 2
17242 I3950.SG 0 0 1 2 2
17243 I3951.SG 0 0 2 2 2
17244 I3952.SG 0 0 1 2 2
17245 I3954.SG 0 0 2 2 2
17246 I4062.SG 0 0 2 2 2
17247 I4063.SG 0 0 2 2 NA
17248 I4071.SG 0 0 2 2 2
17249 I4073.SG 0 0 1 2 2
17250 I4075.SG 0 0 2 2 2
17251 I4089.SG 0 0 1 2 2
17252 I4109.SG 0 0 2 2 2
17253 I4229.SG 0 0 1 2 2
17254 I4233.SG 0 0 1 2 2
17255 I4241.SG 0 0 1 2 2
17256 I4315.SG 0 0 1 2 2
17257 I4432.SG 0 0 1 2 2
17258 I4434.SG 0 0 1 2 2
17259 I4435.SG 0 0 2 2 2
17260 I4436.SG 0 0 1 2 2
17261 I4437.SG 0 0 2 2 2
17262 I4438.SG 0 0 1 2 2
17263 I4439.SG 0 0 1 2 2
17264 I4440.SG 0 0 1 2 2
17265 I4441.SG 0 0 1 2 2
17266 I4529.SG 0 0 1 2 2
17267 I4532.SG 0 0 1 2 2
17268 I4533.SG 0 0 1 2 2
17269 I4550.SG 0 0 1 2 2
17270 I4551.SG 0 0 1 2 2
17271 I4552.SG 0 0 2 2 2
17272 I4553.SG 0 0 1 2 2
17273 I4562.SG 0 0 2 2 2
17274 I4582.SG 0 0 2 2 2
17275 NE7.SG 0 0 1 2 2
17276 I4595.SG 0 0 2 2 2
17277 I4596.SG 0 0 1 2 2
17278 Latvia_HG3.SG 0 0 1 2 2
17279 Latvia_HG1.SG 0 0 2 2 2
17280 I4634.SG 0 0 2 2 2
17281 I4773.SG 0 0 1 2 2
17282 I4784.SG 0 0 1 2 2
17283 NE6.SG 0 0 1 2 2
17284 I4803.SG 0 0 1 2 2
17285 I4873.SG 0 0 2 2 2
17286 I4874.SG 0 0 2 2 2
17287 I4875.SG 0 0 2 2 2
17288 I4876.SG 0 0 2 2 2
17289 I4877.SG 0 0 2 2 2
17290 I4878.SG 0 0 1 2 2
17291 NE2.SG 0 0 2 2 2
17292 I4880.SG 0 0 1 2 2
17293 I4881.SG 0 0 1 2 2
17294 I4882.SG 0 0 1 2 2
17295 I4888.SG 0 0 1 2 2
17296 I4889.SG 0 0 1 2 2
17297 I4892.SG 0 0 2 2 2
17298 I4893.SG 0 0 1 2 2
17299 I4910.SG 0 0 2 2 2
17300 I4914.SG 0 0 1 2 2
17301 BR1.SG 0 0 2 2 2
17302 I4915.SG 0 0 1 2 2
17303 I4916.SG 0 0 1 2 2
17304 I4917.SG 0 0 2 2 2
17305 I4918.SG 0 0 2 2 2
17306 I5069.SG 0 0 2 2 2
17307 I5070.SG 0 0 1 2 2
17308 I5077.SG 0 0 1 2 2
17309 I5078.SG 0 0 1 2 2
17310 I5079.SG 0 0 2 2 2
17311 KO1.SG 0 0 1 2 2
17312 I0707.SG 0 0 2 2 2
17313 I5099.SG 0 0 2 2 2
17314 I5100.SG 0 0 2 2 2
17315 I5101.SG 0 0 2 2 2
17316 I5102.SG 0 0 1 2 2
17317 I5104.SG 0 0 1 2 2
17318 I5105.SG 0 0 1 2 2
17319 I5107.SG 0 0 2 2 2
17320 I5108.SG 0 0 2 2 2
17321 I5109.SG 0 0 2 2 2
17322 I5110.SG 0 0 1 2 NA
17323 I5114.SG 0 0 2 2 2
17324 I5115.SG 0 0 2 2 2
17325 I5119.SG 0 0 2 2 2
17326 I5126.SG 0 0 2 2 2
17327 I5232.SG 0 0 1 2 2
17328 I5233.SG 0 0 2 2 2
17329 I5234.SG 0 0 2 2 NA
17330 I5235.SG 0 0 1 2 2
17331 I5236.SG 0 0 1 2 2
17332 I5237.SG 0 0 1 2 2
17333 I5238.SG 0 0 2 2 2
17334 I5239.SG 0 0 2 2 2
17335 I5240.SG 0 0 1 2 NA
17336 I5242.SG 0 0 2 2 2
17337 I5243.SG 0 0 1 2 2
17338 I5244.SG 0 0 2 2 2
17339 I5269.SG 0 0 1 2 2
17340 I5273.SG 0 0 1 2 2
17341 I1580.SG 0 0 2 2 2
17342 I5277.SG 0 0 1 2 2
17343 I5279.SG 0 0 1 2 2
17344 I5319.SG 0 0 1 2 2
17345 I5407.SG 0 0 2 2 2
17346 I5687.SG 0 0 1 2 2
17347 I5692.SG 0 0 2 2 2
17348 I5693.SG 0 0 2 2 2
17349 I5696.SG 0 0 1 2 2
17350 I5698.SG 0 0 2 2 2
17351 I1581.SG 0 0 2 2 2
17352 I5725.SG 0 0 1 2 2
17353 I5727.SG 0 0 2 2 2
17354 I5728.SG 0 0 2 2 2
17355 I5729.SG 0 0 1 2 2
17356 I5742.SG 0 0 2 2 2
17357 I5743.SG 0 0 2 2 2
17358 I5748.SG 0 0 1 2 2
17359 I5769.SG 0 0 2 2 2
17360 I1583.SG 0 0 1 2 2
17361 I5838.SG 0 0 1 2 2
17362 mota.SG 0 0 1 2 2
17363 I6059.SG 0 0 2 2 2
17364 I6062.SG 0 0 1 2 2
17365 I6066.SG 0 0 1 2 2
17366 I6067.SG 0 0 1 2 2
17367 I6068.SG 0 0 1 2 2
17368 I6102.SG 0 0 2 2 2
17369 I6104.SG 0 0 1 2 2
17370 I1631.SG 0 0 2 2 2
17371 I6105.SG 0 0 2 2 2
17372 I6107.SG 0 0 1 2 2
17373 I1632.SG 0 0 1 2 2
17374 I6405.SG 0 0 1 2 2
17375 I6408.SG 0 0 1 2 2
17376 I6413.SG 0 0 2 2 2
17377 I6579.SG 0 0 2 2 2
17378 I6583.SG 0 0 2 2 2
17379 I6696.SG 0 0 1 2 NA
17380 I6703.SG 0 0 1 2 2
17381 I1633.SG 0 0 2 2 2
17382 I6714.SG 0 0 1 2 2
17383 I6716.SG 0 0 2 2 2
17384 I6718.SG 0 0 1 2 2
17385 I6727.SG 0 0 1 2 0
17386 I6728.SG 0 0 1 2 2
17387 I6729.SG 0 0 1 2 2
17388 I6730.SG 0 0 2 2 2
17389 I6731.SG 0 0 1 2 2
17390 I6733.SG 0 0 1 2 2
17391 I6735.SG 0 0 1 2 2
17392 I6736.SG 0 0 1 2 2
17393 I6737.SG 0 0 1 2 2
17394 I6738.SG 0 0 1 2 2
17395 I6740.SG 0 0 1 2 2
17396 I6741.SG 0 0 1 2 2
17397 I1730.SG 0 0 1 2 NA
17398 I0708.SG 0 0 1 2 2
17399 I6916.SG 0 0 2 2 NA
17400 I6918.SG 0 0 1 2 2
17401 I6919.SG 0 0 2 2 NA
17402 I6958.SG 0 0 1 2 2
17403 I6963.SG 0 0 1 2 2
17404 I1732.SG 0 0 2 2 2
17405 I6999.SG 0 0 1 2 2
17406 I7042.SG 0 0 1 2 2
17407 I7043.SG 0 0 1 2 2
17408 I7045.SG 0 0 2 2 2
17409 I7126.SG 0 0 1 2 2
17410 I7127.SG 0 0 1 2 2
17411 I7128.SG 0 0 2 2 2
17412 I1734.SG 0 0 1 2 2
17413 I7129.SG 0 0 2 2 2
17414 I7130.SG 0 0 2 2 2
17415 I7132.SG 0 0 2 2 2
17416 I7133.SG 0 0 2 2 2
17417 I7134.SG 0 0 1 2 2
17418 I7136.SG 0 0 1 2 2
17419 I7137.SG 0 0 1 2 2
17420 I7186.SG 0 0 2 2 2
17421 I1738.SG 0 0 1 2 2
17422 I7187.SG 0 0 1 2 2
17423 I7188.SG 0 0 2 2 2
17424 I7189.SG 0 0 2 2 2
17425 I7191.SG 0 0 2 2 2
17426 I7192.SG 0 0 1 2 2
17427 I7193.SG 0 0 2 2 2
17428 I7194.SG 0 0 2 2 2
17429 I7198.SG 0 0 2 2 2
17430 I7211.SG 0 0 2 2 2
17431 I7212.SG 0 0 1 2 2
17432 I7213.SG 0 0 2 2 2
17433 I7221.SG 0 0 1 2 2
17434 I7223.SG 0 0 1 2 2
17435 I7224.SG 0 0 1 2 2
17436 I7233.SG 0 0 2 2 2
17437 I7249.SG 0 0 1 2 2
17438 I7272.SG 0 0 1 2 2
17439 I7278.SG 0 0 1 2 2
17440 I7281.SG 0 0 2 2 2
17441 I1763.SG 0 0 1 2 2
17442 I7286.SG 0 0 1 2 2
17443 I7289.SG 0 0 1 2 2
17444 I7399.SG 0 0 2 2 2
17445 I7414.SG 0 0 2 2 2
17446 I7420.SG 0 0 1 2 NA
17447 I7421.SG 0 0 1 2 2
17448 Ukraine_HG1.SG 0 0 1 2 2
17449 I7483.SG 0 0 1 2 2
17450 I7484.SG 0 0 2 2 2
17451 I7486.SG 0 0 1 2 2
17452 I7487.SG 0 0 1 2 2
17453 I7488.SG 0 0 1 2 2
17454 I1838.SG 0 0 2 2 2
17455 I0245.SG 0 0 1 2 2
17456 I7492.SG 0 0 1 2 2
17457 I7554.SG 0 0 1 2 2
17458 I7568.SG 0 0 2 2 2
17459 I7574.SG 0 0 2 2 2
17460 I7580.SG 0 0 2 2 0
17461 I7627.SG 0 0 2 2 2
17462 I1947.SG 0 0 1 2 NA
17463 I8726.SG 0 0 1 2 2
17464 I1959.SG 0 0 1 2 2
17465 I1960.SG 0 0 2 2 2
17466 I0709.SG 0 0 1 2 2
17467 I10871.SG 0 0 1 2 2
17468 I10873.SG 0 0 1 2 NA
17469 I1961.SG 0 0 1 2 2
17470 I11857.SG 0 0 1 2 NA
17471 I11974.SG 0 0 1 2 0
17472 I12961.SG 0 0 1 2 2
17473 I13097.SG 0 0 2 2 2
17474 I13976.SG 0 0 2 2 NA
17475 I1962.SG 0 0 1 2 2
17476 I14738.SG 0 0 2 2 NA
17477 I14740.SG 0 0 2 2 0
17478 I14762.SG 0 0 1 2 2
17479 I14784.SG 0 0 1 2 2
17480 I14788.SG 0 0 1 2 2
17481 I14812.SG 0 0 2 2 2
17482 I1965.SG 0 0 1 2 2
17483 I14847.SG 0 0 1 2 2
17484 I14879.SG 0 0 1 2 2
17485 I14922.SG 0 0 2 2 2
17486 I2062.SG 0 0 1 2 NA
17487 I15132.SG 0 0 2 2 2
17488 I15571.SG 0 0 2 2 2
17489 I15818.SG 0 0 2 2 2
17490 I2069.SG 0 0 2 2 2
17491 I16168.SG 0 0 1 2 2
17492 I2105.SG 0 0 2 2 2
17493 I16530.SG 0 0 1 2 2
17494 I16541.SG 0 0 1 2 2
17495 I16542.SG 0 0 2 2 NA
17496 I16543.SG 0 0 1 2 NA
17497 I16550.SG 0 0 1 2 NA
17498 I2134.SG 0 0 1 2 2
17499 I16559.SG 0 0 2 2 NA
17500 I16560.SG 0 0 1 2 NA
17501 NEO695.SG 0 0 2 2 2
17502 I17183.SG 0 0 1 2 2
17503 I17341.SG 0 0 2 2 2
17504 I17345.SG 0 0 1 2 2
17505 I2137.SG 0 0 2 2 2
17506 I2139.SG 0 0 2 2 2
17507 I2142.SG 0 0 1 2 2
17508 I0745.SG 0 0 1 2 2
17509 I19354.SG 0 0 1 2 2
17510 I20062.SG 0 0 2 2 0
17511 I20076.SG 0 0 2 2 NA
17512 I20188.SG 0 0 1 2 2
17513 I20192.SG 0 0 2 2 NA
17514 I5885.SG 0 0 2 2 2
17515 I21899.SG 0 0 2 2 NA
17516 I2367.SG 0 0 1 2 NA
17517 I2431.SG 0 0 1 2 2
17518 I2443.SG 0 0 2 2 2
17519 I0996.SG 0 0 1 2 2
17520 I2509.SG 0 0 2 2 2
17521 I2510.SG 0 0 1 2 2
17522 I2514.SG 0 0 1 2 2
17523 I2520.SG 0 0 1 2 2
17524 I0705.SG 0 0 1 2 2
17525 I2533.SG 0 0 2 2 2
17526 I2636.SG 0 0 2 2 2
17527 I2637.SG 0 0 1 2 2
17528 I2650.SG 0 0 1 2 2
17529 I1053.SG 0 0 1 2 2
17530 I2659.SG 0 0 2 2 2
17531 I2660.SG 0 0 1 2 2
17532 I2691.SG 0 0 1 2 2
17533 I2859.SG 0 0 1 2 2
17534 I2860.SG 0 0 1 2 0
17535 I2861.SG 0 0 2 2 0
17536 I2932.SG 0 0 1 2 2
17537 I2934.SG 0 0 2 2 2
17538 I2935.SG 0 0 1 2 2
17539 I1098.SG 0 0 2 2 2
17540 I2978.SG 0 0 1 2 2
17541 I2980.SG 0 0 2 2 2
17542 I2981.SG 0 0 2 2 2
17543 I2982.SG 0 0 1 2 2
17544 I2988.SG 0 0 2 2 2
17545 I3122.SG 0 0 2 2 2
17546 I1116.SG 0 0 1 2 2
17547 I3123.SG 0 0 1 2 2
17548 I3125.SG 0 0 1 2 2
17549 I3130.SG 0 0 2 2 2
17550 I3132.SG 0 0 1 2 2
17551 I3133.SG 0 0 1 2 2
17552 I3134.SG 0 0 1 2 2
17553 I3135.SG 0 0 1 2 2
17554 I3136.SG 0 0 2 2 2
17555 I3139.SG 0 0 2 2 NA
17556 I1131.SG 0 0 1 2 2
17557 AA7-738.AG.BY.AA 0 0 1 2 NA
17558 BB7-240.AG.BY.AA 0 0 1 2 2
17559 BK-1653.AG.BY.AA 0 0 2 2 2
17560 CC7-2289.AG.BY.AA 0 0 0 2 NA
17561 CC7-335.AG.BY.AA 0 0 1 2 2
17562 F6-620.AG.BY.AA 0 0 1 2 2
17563 Oase1.AG.BY.AA 0 0 1 2 0
17564 Oase1_d.AG.BY.AA 0 0 1 2 NA
17565 GRO010.TW 0 0 2 2 0
17566 GRO013.TW 0 0 1 2 2
17567 GRO015.TW 0 0 2 2 2
17568 GRO012.TW 0 0 1 2 2
17569 GRO016.TW 0 0 1 2 0
17570 GRO017.TW 0 0 1 2 2
17571 GRO019.TW 0 0 1 2 0
17572 GRO023.TW 0 0 1 2 0
17573 GRO021.TW 0 0 1 2 0
17574 I11828.AG 0 0 1 2 2
17575 I11828.TW 0 0 1 2 2
17576 I20308.AG 0 0 1 2 NA
17577 I22284.AG 0 0 2 2 NA
17578 AVL001.SG 0 0 2 2 NA
17579 CGG105976.SG 0 0 1 2 NA
17580 CGG105983.SG 0 0 1 2 NA
17581 CGG106001.SG 0 0 1 2 NA
17582 CGG106007.SG 0 0 0 2 NA
17583 FIR001.SG 0 0 1 2 NA
17584 fra001.SG 0 0 2 2 NA
17585 FRA002.SG 0 0 1 2 2
17586 FRA003.SG 0 0 2 2 NA
17587 fra004.SG 0 0 1 2 2
17588 FRA005.SG 0 0 1 2 2
17589 FRA006.SG 0 0 2 2 NA
17590 FRA007.SG 0 0 2 2 2
17591 fra009.SG 0 0 1 2 NA
17592 FRA010.SG 0 0 2 2 2
17593 FRA011.SG 0 0 1 2 NA
17594 FRA012.SG 0 0 1 2 2
17595 FRA013.SG 0 0 1 2 2
17596 FRA014.SG 0 0 1 2 2
17597 FRA015.SG 0 0 1 2 NA
17598 FRA020.SG 0 0 1 2 2
17599 FRA021.SG 0 0 1 2 2
17600 FRA022.SG 0 0 1 2 2
17601 FRA023.SG 0 0 2 2 2
17602 FRA024.SG 0 0 1 2 NA
17603 FRA025.SG 0 0 1 2 2
17604 FRA026.SG 0 0 1 2 NA
17605 FRA027.SG 0 0 1 2 2
17606 FRA028.SG 0 0 2 2 NA
17607 FRA029.SG 0 0 2 2 NA
17608 FRA030.SG 0 0 1 2 2
17609 FRA031.SG 0 0 2 2 NA
17610 FRA032.SG 0 0 1 2 NA
17611 FRA034_alt1.SG 0 0 1 2 NA
17612 FRA034.SG 0 0 1 2 NA
17613 FRA035.SG 0 0 1 2 NA
17614 FRA037.SG 0 0 1 2 NA
17615 FRA038.SG 0 0 1 2 NA
17616 FRA039.SG 0 0 1 2 NA
17617 FRA040.SG 0 0 1 2 NA
17618 FRA041.SG 0 0 2 2 NA
17619 FRA042.SG 0 0 1 2 NA
17620 FRA043.SG 0 0 2 2 NA
17621 FRA101.SG 0 0 2 2 2
17622 FRA102.SG 0 0 2 2 NA
17623 FRA103.SG 0 0 2 2 NA
17624 FRA104.SG 0 0 1 2 NA
17625 FRA105.SG 0 0 2 2 NA
17626 FRA106.SG 0 0 1 2 NA
17627 FRA107.SG 0 0 2 2 2
17628 FRA108.SG 0 0 2 2 NA
17629 FRA201.SG 0 0 2 2 NA
17630 FRA202.SG 0 0 1 2 2
17631 FRA301.SG 0 0 1 2 2
17632 FRA302.SG 0 0 2 2 NA
17633 gok020.SG 0 0 1 2 NA
17634 Gok4.SG 0 0 1 2 NA
17635 HJE002.SG 0 0 1 2 NA
17636 HJE003.SG 0 0 1 2 NA
17637 HJE004.SG 0 0 0 2 NA
17638 HJE005.SG 0 0 2 2 NA
17639 HJE006.SG 0 0 2 2 NA
17640 HJE007.SG 0 0 2 2 NA
17641 HJE008.SG 0 0 2 2 NA
17642 HJE009.SG 0 0 1 2 NA
17643 HJE010.SG 0 0 1 2 2
17644 HJE011.SG 0 0 1 2 NA
17645 HJE012.SG 0 0 1 2 2
17646 HJE014.SG 0 0 1 2 NA
17647 HOL001_Sweden.SG 0 0 2 2 NA
17648 HUN001_Sweden.SG 0 0 2 2 NA
17649 HUN002.SG 0 0 1 2 2
17650 LAN001_Sweden.SG 0 0 2 2 2
17651 LAN002.SG 0 0 1 2 NA
17652 LAN003.SG 0 0 2 2 NA
17653 LAN004.SG 0 0 1 2 2
17654 LAN005.SG 0 0 1 2 NA
17655 LAN006.SG 0 0 1 2 2
17656 LAN007.SG 0 0 1 2 2
17657 LAN008.SG 0 0 2 2 2
17658 NAS001.SG 0 0 1 2 NA
17659 NAS002.SG 0 0 1 2 NA
17660 NAS003.SG 0 0 2 2 2
17661 NAS004.SG 0 0 2 2 NA
17662 NAS005.SG 0 0 1 2 NA
17663 ROS001.SG 0 0 1 2 NA
17664 ROS002.SG 0 0 1 2 NA
17665 ROS003.SG 0 0 2 2 2
17666 ROS004.SG 0 0 1 2 NA
17667 ROS007.SG 0 0 1 2 NA
17668 ROS008_Sweden.SG 0 0 2 2 NA
17669 ros012.SG 0 0 2 2 NA
17670 ROS014.SG 0 0 2 2 NA
17671 ROS016.SG 0 0 2 2 2
17672 ROS018.SG 0 0 2 2 2
17673 ROS021.SG 0 0 2 2 NA
17674 ROS023.SG 0 0 2 2 NA
17675 ROS024.SG 0 0 1 2 NA
17676 ROS025_Sweden.SG 0 0 1 2 NA
17677 ROS026.SG 0 0 1 2 2
17678 ROS027.SG 0 0 2 2 2
17679 ROS029.SG 0 0 1 2 NA
17680 ROS030.SG 0 0 2 2 NA
17681 ROS032.SG 0 0 1 2 NA
17682 ROS033.SG 0 0 2 2 NA
17683 ROS036.SG 0 0 2 2 NA
17684 ROS038.SG 0 0 1 2 NA
17685 ROS039.SG 0 0 1 2 NA
17686 YCH001.AG 0 0 1 2 2
17687 YCH001.IM 0 0 1 2 NA
17688 YCH002.AG 0 0 1 2 2
17689 YCH002.IM 0 0 1 2 NA
17690 YCH003.AG 0 0 1 2 2
17691 YCH003.IM 0 0 1 2 NA
17692 YCH004.AG 0 0 1 2 2
17693 YCH004.IM 0 0 1 2 NA
17694 YCH006.AG 0 0 1 2 2
17695 YCH006.IM 0 0 1 2 NA
17696 YCH007.IM 0 0 1 2 NA
17697 YCH008.IM 0 0 1 2 NA
17698 YCH009.AG 0 0 1 2 2
17699 YCH010.IM 0 0 1 2 NA
17700 YCH011.AG 0 0 1 2 2
17701 YCH011.IM 0 0 1 2 NA
17702 YCH012.AG 0 0 1 2 2
17703 YCH012.IM 0 0 1 2 NA
17704 YCH013.AG 0 0 1 2 2
17705 YCH015.AG 0 0 1 2 2
17706 YCH015.IM 0 0 1 2 NA
17707 YCH016.IM 0 0 1 2 NA
17708 YCH017_alt5.AG 0 0 1 2 NA
17709 YCH018.IM 0 0 1 2 NA
17710 YCH017_alt6.AG 0 0 1 2 NA
17711 YCH020.IM 0 0 1 2 NA
17712 YCH021.IM 0 0 1 2 NA
17713 YCH022.AG 0 0 1 2 NA
17714 YCH023.AG 0 0 1 2 2
17715 YCH023.IM 0 0 1 2 NA
17716 YCH024.AG 0 0 1 2 2
17717 YCH024.IM 0 0 1 2 NA
17718 YCH025.AG 0 0 1 2 NA
17719 YCH026.IM 0 0 1 2 NA
17720 YCH027.AG 0 0 1 2 2
17721 YCH027.IM 0 0 1 2 NA
17722 YCH028.IM 0 0 1 2 NA
17723 YCH029.AG 0 0 1 2 NA
17724 YCH030.IM 0 0 1 2 NA
17725 YCH031.AG 0 0 1 2 2
17726 YCH031.IM 0 0 1 2 NA
17727 YCH032.IM 0 0 1 2 NA
17728 YCH033.IM 0 0 1 2 NA
17729 YCH034.AG 0 0 1 2 2
17730 YCH034.IM 0 0 1 2 NA
17731 YCH036.AG 0 0 1 2 2
17732 YCH036.IM 0 0 1 2 NA
17733 YCH037.IM 0 0 1 2 NA
17734 YCH038.AG 0 0 1 2 NA
17735 YCH039.AG 0 0 1 2 2
17736 YCH039.IM 0 0 1 2 NA
17737 YCH040.AG 0 0 1 2 2
17738 YCH040.IM 0 0 1 2 NA
17739 YCH017.AG 0 0 1 2 2
17740 YCH017.IM 0 0 1 2 NA
17741 YCH043.AG 0 0 1 2 2
17742 YCH043.IM 0 0 1 2 NA
17743 YCH044.AG 0 0 1 2 NA
17744 YCH045.AG 0 0 1 2 2
17745 YCH045.IM 0 0 1 2 NA
17746 YCH017_alt3.AG 0 0 1 2 2
17747 YCH048.IM 0 0 1 2 NA
17748 YCH017_alt1.AG 0 0 1 2 2
17749 YCH050.AG 0 0 1 2 2
17750 YCH050.IM 0 0 1 2 NA
17751 YCH051.AG 0 0 1 2 2
17752 YCH051.IM 0 0 1 2 NA
17753 YCH052.AG 0 0 1 2 2
17754 YCH052.IM 0 0 1 2 NA
17755 YCH053.AG 0 0 1 2 2
17756 YCH053.IM 0 0 1 2 NA
17757 YCH055.AG 0 0 1 2 2
17758 YCH055.IM 0 0 1 2 NA
17759 YCH056.IM 0 0 1 2 NA
17760 YCH017_alt4.AG 0 0 1 2 2
17761 YCH058.IM 0 0 1 2 NA
17762 YCH017_alt2.AG 0 0 1 2 2
17763 YCH060.IM 0 0 1 2 NA
17764 YCH063.IM 0 0 1 2 NA
17765 YCH064.AG 0 0 1 2 2
17766 BRB003.SG 0 0 2 2 NA
17767 LHP002.SG 0 0 1 2 2
17768 THL002.SG 0 0 2 2 2
17769 THL003.SG 0 0 2 2 NA
17770 THL004.SG 0 0 2 2 NA
17771 YPN001.SG 0 0 2 2 2
17772 YPN002.SG 0 0 2 2 NA
17773 YPN003.SG 0 0 1 2 2
17774 YPN006.SG 0 0 1 2 2
17775 YPN007.SG 0 0 1 2 2
17776 YPN008.SG 0 0 1 2 2
17777 YPN009.SG 0 0 1 2 NA
17778 YPN010.SG 0 0 2 2 2
17779 YPN011.SG 0 0 1 2 2
17780 YPN012.SG 0 0 2 2 2
17781 YPN013.SG 0 0 2 2 2
17782 YPN014.SG 0 0 1 2 NA
17783 YPN016.SG 0 0 2 2 2
17784 YPN017.SG 0 0 1 2 2
17785 YPN018.SG 0 0 1 2 2
17786 YPN019.SG 0 0 1 2 2
17787 YPN020.SG 0 0 2 2 2
17788 YPN021.SG 0 0 2 2 2
17789 YPN022.SG 0 0 2 2 2
17790 YPN023.SG 0 0 2 2 2
17791 YPN025.SG 0 0 1 2 2
17792 YPN027.SG 0 0 1 2 2
17793 YPN028.SG 0 0 2 2 NA
17794 YPN030.SG 0 0 1 2 2
17795 YPN031.SG 0 0 2 2 2
17796 YPN036.SG 0 0 0 2 NA
17797 SJN001.SG.AG 0 0 1 2 2
17798 SJN002.SG.AG 0 0 1 2 2
17799 SJN003.SG.AG 0 0 1 2 2
17800 M174.SG 0 0 2 2 NA
17801 M35.SG 0 0 2 2 NA
17802 M49.SG 0 0 2 2 2
17803 M167.SG 0 0 1 2 2
17804 M51.SG 0 0 2 2 NA
17805 M40.SG 0 0 1 2 2
17806 ITTQ10.SG 0 0 1 2 NA
17807 ITTQ11.SG 0 0 2 2 2
17808 ITTQ14.SG 0 0 2 2 2
17809 ITTQ19.SG 0 0 1 2 2
17810 ITTQ8.SG 0 0 2 2 2
17811 NAT002.SG 0 0 2 2 2
17812 beethoven_d.SG 0 0 0 2 NA
17813 beethoven.SG 0 0 1 2 0
17814 APG001.AG 0 0 1 2 0
17815 APG002.AG 0 0 2 2 NA
17816 APG003.AG 0 0 0 2 NA
17817 HEU001.AG 0 0 2 2 2
17818 HEU002.AG 0 0 2 2 2
17819 HOC001.AG 0 0 1 2 NA
17820 HOC002.AG 0 0 1 2 NA
17821 HOC003.AG 0 0 1 2 NA
17822 HOC004.AG 0 0 1 2 2
17823 LAN001.AG 0 0 1 2 NA
17824 LWB002.AG 0 0 2 2 0
17825 LWB003.AG 0 0 1 2 2
17826 MBG001.AG 0 0 2 2 NA
17827 MBG003.AG 0 0 0 2 NA
17828 MBG004.AG 0 0 2 2 NA
17829 MBG005.AG 0 0 2 2 2
17830 MBG006.AG 0 0 1 2 NA
17831 MBG007.AG 0 0 2 2 0
17832 MBG008.AG 0 0 1 2 2
17833 MBG009.AG 0 0 2 2 2
17834 MBG010.AG 0 0 2 2 2
17835 MBG011.AG 0 0 0 2 NA
17836 MBG012.AG 0 0 1 2 NA
17837 MBG013.AG 0 0 1 2 NA
17838 MBG014.AG 0 0 1 2 NA
17839 MBG015.AG 0 0 2 2 2
17840 MBG016.AG 0 0 1 2 2
17841 MBG017.AG 0 0 1 2 0
17842 SCN001.AG 0 0 2 2 NA
17843 KPT002.AG.SG 0 0 1 2 2
17844 KPT002.AG 0 0 1 2 2
17845 KPT002.SG 0 0 1 2 2
17846 KPT002_alt.AG.SG 0 0 1 2 2
17847 KPT002_alt.SG 0 0 1 2 NA
17848 I19223.AG.SG 0 0 2 2 NA
17849 I38442.TW 0 0 1 2 NA
17850 I38450.TW 0 0 1 2 NA
17851 I23842.AG.TW 0 0 2 2 2
17852 I23842_d.AG.TW 0 0 2 2 2
17853 I35285.TW 0 0 1 2 2
17854 I35286.TW 0 0 1 2 2
17855 I35287.TW 0 0 1 2 2
17856 I35327.TW 0 0 1 2 2
17857 I35340.TW 0 0 2 2 2
17858 I35342.TW 0 0 1 2 2
17859 I35342_d.TW 0 0 1 2 NA
17860 I35344.TW 0 0 1 2 2
17861 I35345.TW 0 0 1 2 2
17862 I35345_d.TW 0 0 1 2 2
17863 I38121.TW 0 0 1 2 NA
17864 I39210.TW 0 0 2 2 2
17865 I39211.TW 0 0 1 2 2
17866 I41054.TW 0 0 1 2 2
17867 I43882.TW 0 0 1 2 NA
17868 GRO001.TW 0 0 2 2 2
17869 GRO002.TW 0 0 1 2 0
17870 GRO004.TW 0 0 2 2 2
17871 GRO006.TW 0 0 2 2 0
17872 9NP002.AG 0 0 0 2 NA
17873 9NP003.AG 0 0 2 2 NA
17874 9NP004.AG 0 0 1 2 2
17875 AO2001.AG 0 0 2 2 2
17876 ARO006.AG 0 0 1 2 NA
17877 ARO008.AG 0 0 1 2 NA
17878 ARO011.AG 0 0 1 2 NA
17879 ARO012.AG 0 0 0 2 NA
17880 ARO013.AG 0 0 2 2 NA
17881 AY2004.AG 0 0 2 2 2
17882 AY2005.AG 0 0 1 2 2
17883 AY2006.AG 0 0 1 2 NA
17884 BMT001.AG 0 0 2 2 NA
17885 BOE001.AG 0 0 2 2 2
17886 BOE002.AG 0 0 2 2 NA
17887 BOE003.AG 0 0 1 2 2
17888 BOK003.AG 0 0 2 2 NA
17889 BOK004.AG 0 0 2 2 NA
17890 BOK010.AG 0 0 1 2 2
17891 BOK011.AG 0 0 2 2 NA
17892 BOK014.AG 0 0 1 2 NA
17893 BOK015.AG 0 0 2 2 NA
17894 BOK016.AG 0 0 2 2 NA
17895 BOK017.AG 0 0 1 2 2
17896 ERG001.AG 0 0 1 2 NA
17897 ERG005.AG 0 0 2 2 2
17898 ERG007.AG 0 0 1 2 NA
17899 ERG008.AG 0 0 1 2 NA
17900 ERG011.AG 0 0 2 2 NA
17901 ERG012.AG 0 0 1 2 NA
17902 ESY001_ESY002.AG 0 0 2 2 2
17903 ESY003_ESY004.AG 0 0 2 2 2
17904 ESY005.AG 0 0 1 2 2
17905 ESY006_ESY007.AG 0 0 1 2 2
17906 ESY009.AG 0 0 1 2 NA
17907 ESY010.AG 0 0 1 2 NA
17908 GIN001.AG 0 0 1 2 NA
17909 GIN002.AG 0 0 1 2 2
17910 GIN003.AG 0 0 1 2 NA
17911 GIN005.AG 0 0 2 2 NA
17912 GIN006.AG 0 0 1 2 NA
17913 GIN007.AG 0 0 1 2 NA
17914 GIN008.AG 0 0 1 2 NA
17915 GTK001.AG 0 0 1 2 2
17916 ILL001.AG 0 0 1 2 NA
17917 IV3005.AG 0 0 1 2 NA
17918 IV3008.AG 0 0 1 2 2
17919 IV3010.AG 0 0 1 2 NA
17920 KHB003.AG 0 0 2 2 2
17921 KLZ001.AG 0 0 2 2 2
17922 KMK001.AG 0 0 0 2 NA
17923 KMM001.AG 0 0 2 2 NA
17924 KMM002.AG 0 0 1 2 NA
17925 KMM003.AG 0 0 2 2 2
17926 KMM008.AG 0 0 2 2 2
17927 KMM010.AG 0 0 1 2 NA
17928 KMM015.AG 0 0 1 2 NA
17929 KMM022.AG 0 0 1 2 NA
17930 KMM023.AG 0 0 1 2 2
17931 KMM030.AG 0 0 1 2 NA
17932 KMM032.AG 0 0 1 2 2
17933 KMM033.AG 0 0 2 2 2
17934 KMM036.AG 0 0 2 2 NA
17935 KMM038.AG 0 0 1 2 NA
17936 KNK001.AG 0 0 1 2 NA
17937 KNK002.AG 0 0 1 2 2
17938 KNK005.AG 0 0 2 2 2
17939 KNK006.AG 0 0 1 2 NA
17940 KNK007.AG 0 0 1 2 NA
17941 KST001.AG 0 0 1 2 NA
17942 KT6001.AG 0 0 1 2 2
17943 KUG001.AG 0 0 2 2 NA
17944 KUG002.AG 0 0 2 2 2
17945 KUG003.AG 0 0 1 2 2
17946 KUG004.AG 0 0 1 2 2
17947 KUG005.AG 0 0 1 2 NA
17948 KUG006.AG 0 0 1 2 2
17949 KUG007.AG 0 0 1 2 2
17950 KVO008.AG 0 0 1 2 NA
17951 KVO009.AG 0 0 1 2 NA
17952 KVO013.AG 0 0 1 2 NA
17953 LER001.AG 0 0 2 2 2
17954 LER002.AG 0 0 2 2 2
17955 LER003.AG 0 0 2 2 2
17956 LER004.AG 0 0 2 2 2
17957 LER005.AG 0 0 1 2 2
17958 MK5003.AG 0 0 1 2 NA
17959 MK5007.AG 0 0 1 2 NA
17960 MK5014.AG 0 0 2 2 NA
17961 MK5022.AG 0 0 1 2 NA
17962 MK5025.AG 0 0 1 2 NA
17963 NCK001.AG 0 0 1 2 2
17964 NCK001_d.AG 0 0 1 2 NA
17965 NCK002.AG 0 0 2 2 NA
17966 NV3001_NV3002.AG 0 0 1 2 2
17967 NV3003.AG 0 0 1 2 2
17968 PUT001.AG 0 0 2 2 2
17969 SH3001.AG 0 0 2 2 NA
17970 SJG001.AG 0 0 1 2 2
17971 SNG001.AG 0 0 1 2 NA
17972 SUS001.AG 0 0 2 2 NA
17973 SUS003.AG 0 0 1 2 2
17974 SUS005.AG 0 0 1 2 NA
17975 SUS005_d.AG 0 0 1 2 NA
17976 SUS006.AG 0 0 2 2 NA
17977 SUS008.AG 0 0 1 2 NA
17978 SUS009.AG 0 0 1 2 NA
17979 SUS013.AG 0 0 2 2 NA
17980 SUS014.AG 0 0 1 2 2
17981 TIP001.AG 0 0 1 2 2
17982 VGD001.AG 0 0 2 2 NA
17983 VIN001.AG 0 0 2 2 NA
17984 VS2001.AG 0 0 1 2 NA
17985 VS5001.AG 0 0 2 2 2
17986 VS5002.AG 0 0 2 2 NA
17987 XXX001.AG 0 0 2 2 2
17988 ZIM001.AG 0 0 1 2 NA
17989 ZIM002.AG 0 0 1 2 2
17990 ZO1002.AG 0 0 1 2 NA
17991 ZO1004.AG 0 0 2 2 2
17992 ZO1005.AG 0 0 2 2 2
17993 ZO1006.AG 0 0 1 2 NA
17994 ST0004.SG 0 0 0 2 2
17995 ST0006.SG 0 0 0 2 0
17996 ST0008.SG 0 0 0 2 0
17997 ST0009.SG 0 0 0 2 NA
17998 ST0011.SG 0 0 0 2 0
17999 ST0019.SG 0 0 0 2 NA
18000 ST0020.SG 0 0 0 2 0
18001 ST0024.SG 0 0 0 2 0
18002 ST0027.SG 0 0 0 2 0
18003 ST0028.SG 0 0 0 2 NA
18004 ST0032.SG 0 0 0 2 2
18005 ST0035.SG 0 0 0 2 NA
18006 ST0036.SG 0 0 0 2 0
18007 ST0037.SG 0 0 0 2 2
18008 ST0040.SG 0 0 0 2 NA
18009 ST0041.SG 0 0 0 2 NA
18010 ST0042.SG 0 0 0 2 2
18011 ST0043.SG 0 0 0 2 NA
18012 ST0044.SG 0 0 0 2 2
18013 ST0045.SG 0 0 0 2 2
18014 ST0046.SG 0 0 0 2 NA
18015 ST0047.SG 0 0 0 2 0
18016 ST0048.SG 0 0 0 2 NA
18017 ST0049.SG 0 0 0 2 NA
18018 ST0052.SG 0 0 0 2 NA
18019 ST0056.SG 0 0 0 2 0
18020 ST0057.SG 0 0 0 2 0
18021 ST0058.SG 0 0 0 2 2
18022 ST0062.SG 0 0 0 2 2
18023 ST0063.SG 0 0 0 2 0
18024 ST0064.SG 0 0 0 2 NA
18025 ST0069.SG 0 0 0 2 NA
18026 ST0070.SG 0 0 0 2 0
18027 ST0071.SG 0 0 0 2 0
18028 ST0074.SG 0 0 0 2 2
18029 ST0077.SG 0 0 0 2 2
18030 ST0079.SG 0 0 0 2 0
18031 ST0080.SG 0 0 0 2 2
18032 ST0081.SG 0 0 0 2 2
18033 ST0082.SG 0 0 0 2 2
18034 ST0083.SG 0 0 0 2 NA
18035 ST0084.SG 0 0 0 2 NA
18036 ST0085.SG 0 0 0 2 2
18037 ST0091.SG 0 0 0 2 0
18038 ST0092.SG 0 0 0 2 0
18039 ST0101.SG 0 0 0 2 NA
18040 ST0102.SG 0 0 0 2 NA
18041 ST0103.SG 0 0 0 2 NA
18042 ST0119.SG 0 0 0 2 0
18043 ST0121.SG 0 0 0 2 NA
18044 ST0128.SG 0 0 0 2 NA
18045 ST0129.SG 0 0 0 2 2
18046 ST0132.SG 0 0 0 2 2
18047 ST0136.SG 0 0 0 2 0
18048 ST0139.SG 0 0 0 2 NA
18049 ST0140.SG 0 0 0 2 2
18050 ST0141.SG 0 0 0 2 2
18051 ST0146.SG 0 0 0 2 NA
18052 ST0156.SG 0 0 0 2 NA
18053 ST0160.SG 0 0 0 2 0
18054 ST0162.SG 0 0 0 2 NA
18055 ST0186.SG 0 0 0 2 NA
18056 ST0206.SG 0 0 0 2 0
18057 ST0218.SG 0 0 0 2 NA
18058 ST0219.SG 0 0 0 2 0
18059 ST0223.SG 0 0 0 2 0
18060 ST0246.SG 0 0 0 2 NA
18061 ST0251.SG 0 0 0 2 0
18062 ST0253.SG 0 0 0 2 2
18063 ST0273.SG 0 0 0 2 0
18064 ST0277.SG 0 0 0 2 0
18065 ST0287.SG 0 0 0 2 2
18066 ST0292.SG 0 0 0 2 NA
18067 ST0298.SG 0 0 0 2 NA
18068 ST0299.SG 0 0 0 2 0
18069 ST0303.SG 0 0 0 2 NA
18070 ST0321.SG 0 0 0 2 0
18071 ST0323.SG 0 0 0 2 NA
18072 ST0339.SG 0 0 0 2 NA
18073 ST0340.SG 0 0 0 2 NA
18074 ST0348.SG 0 0 0 2 0
18075 ST0372.SG 0 0 0 2 2
18076 ST0388.SG 0 0 0 2 0
18077 ST0400.SG 0 0 0 2 NA
18078 ST0415.SG 0 0 0 2 0
18079 ST0422.SG 0 0 0 2 NA
18080 ST0444.SG 0 0 0 2 NA
18081 ST0475.SG 0 0 0 2 0
18082 ST0484.SG 0 0 0 2 0
18083 ST0485.SG 0 0 0 2 NA
18084 ST0528.SG 0 0 0 2 NA
18085 ST0552.SG 0 0 0 2 NA
18086 ST0557.SG 0 0 0 2 NA
18087 ST0563.SG 0 0 0 2 NA
18088 ST0572.SG 0 0 0 2 NA
18089 ST0611.SG 0 0 0 2 2
18090 ST0632.SG 0 0 0 2 NA
18091 ST0650.SG 0 0 0 2 0
18092 ST0657.SG 0 0 0 2 2
18093 ST0706.SG 0 0 0 2 0
18094 ST0711.SG 0 0 0 2 0
18095 ST0712.SG 0 0 0 2 0
18096 ST0719.SG 0 0 0 2 0
18097 ST0725.SG 0 0 0 2 2
18098 ST0727.SG 0 0 0 2 NA
18099 ST0735.SG 0 0 0 2 2
18100 ST0769.SG 0 0 0 2 2
18101 ST0774.SG 0 0 0 2 NA
18102 ST0784.SG 0 0 0 2 2
18103 ST0786.SG 0 0 0 2 NA
18104 ST0808.SG 0 0 0 2 NA
18105 ST0815.SG 0 0 0 2 NA
18106 ST0830.SG 0 0 0 2 0
18107 ST0832.SG 0 0 0 2 NA
18108 ST0837.SG 0 0 0 2 NA
18109 ST0851.SG 0 0 0 2 NA
18110 ST0871.SG 0 0 0 2 NA
18111 ST0892.SG 0 0 0 2 NA
18112 ST0946.SG 0 0 0 2 2
18113 ST1016.SG 0 0 0 2 2
18114 ST1020.SG 0 0 0 2 NA
18115 ST1027.SG 0 0 0 2 2
18116 ST1031.SG 0 0 0 2 0
18117 ST1036.SG 0 0 0 2 NA
18118 ST1037.SG 0 0 0 2 2
18119 ST1039.SG 0 0 0 2 0
18120 ST1043.SG 0 0 0 2 2
18121 ST1044.SG 0 0 0 2 0
18122 ST1045.SG 0 0 0 2 2
18123 ST1054.SG 0 0 0 2 NA
18124 ST1062.SG 0 0 0 2 0
18125 ST1078.SG 0 0 0 2 NA
18126 ST1080.SG 0 0 0 2 0
18127 ST1179.SG 0 0 0 2 NA
18128 ST1184.SG 0 0 0 2 0
18129 ST1186.SG 0 0 0 2 0
18130 ST1189.SG 0 0 0 2 2
18131 ST1197.SG 0 0 0 2 0
18132 ST1199.SG 0 0 0 2 0
18133 ST1201.SG 0 0 0 2 2
18134 ST1220.SG 0 0 0 2 0
18135 ST1232.SG 0 0 0 2 NA
18136 ST1233.SG 0 0 0 2 0
18137 ST1237.SG 0 0 0 2 2
18138 ST1241.SG 0 0 0 2 NA
18139 ST1245.SG 0 0 0 2 NA
18140 ST1246.SG 0 0 0 2 NA
18141 ST1248.SG 0 0 0 2 0
18142 ST1279.SG 0 0 0 2 0
18143 ST1287.SG 0 0 0 2 NA
18144 ST1289.SG 0 0 0 2 2
18145 ST1298.SG 0 0 0 2 0
18146 ST1307.SG 0 0 0 2 0
18147 ST1308.SG 0 0 0 2 0
18148 ST1318.SG 0 0 0 2 NA
18149 ST1319.SG 0 0 0 2 NA
18150 ST1330.SG 0 0 0 2 NA
18151 ST1331.SG 0 0 0 2 0
18152 ST1334.SG 0 0 0 2 0
18153 ST1335.SG 0 0 0 2 NA
18154 ST1354.SG 0 0 0 2 0
18155 ST1358.SG 0 0 0 2 0
18156 ST1362.SG 0 0 0 2 2
18157 ST1377.SG 0 0 0 2 NA
18158 ST1378.SG 0 0 0 2 2
18159 ST1450.SG 0 0 0 2 2
18160 ST1481.SG 0 0 0 2 2
18161 ST1484.SG 0 0 0 2 0
18162 ST1516.SG 0 0 0 2 2
18163 ST1527.SG 0 0 0 2 2
18164 ST1567.SG 0 0 0 2 NA
18165 ST1574.SG 0 0 0 2 NA
18166 ST1591.SG 0 0 0 2 0
18167 ST1596.SG 0 0 0 2 0
18168 ST1606.SG 0 0 0 2 0
18169 ST1610.SG 0 0 0 2 0
18170 ST1615.SG 0 0 0 2 NA
18171 ST1616.SG 0 0 0 2 NA
18172 ST1626.SG 0 0 0 2 0
18173 ST1633.SG 0 0 0 2 0
18174 ST1635.SG 0 0 0 2 0
18175 ST1688.SG 0 0 0 2 0
18176 ST1695.SG 0 0 0 2 NA
18177 ST1714.SG 0 0 0 2 NA
18178 ST1715.SG 0 0 0 2 2
18179 ST1736.SG 0 0 0 2 NA
18180 ST1743.SG 0 0 0 2 2
18181 ST1753.SG 0 0 0 2 2
18182 ST1761.SG 0 0 0 2 NA
18183 ST1763.SG 0 0 0 2 0
18184 ST1774.SG 0 0 0 2 NA
18185 ST1787.SG 0 0 0 2 NA
18186 ST1788.SG 0 0 0 2 0
18187 ST1791.SG 0 0 0 2 2
18188 ST1798.SG 0 0 0 2 NA
18189 ST1800.SG 0 0 0 2 NA
18190 ST1801.SG 0 0 0 2 0
18191 ST1803.SG 0 0 0 2 0
18192 ST1806.SG 0 0 0 2 NA
18193 ST1807.SG 0 0 0 2 2
18194 ST1838.SG 0 0 0 2 NA
18195 ST1841.SG 0 0 0 2 NA
18196 ST1846.SG 0 0 0 2 0
18197 ST1857.SG 0 0 0 2 2
18198 ST1865.SG 0 0 0 2 NA
18199 ST1867.SG 0 0 0 2 NA
18200 ST1895.SG 0 0 0 2 0
18201 ST1913.SG 0 0 0 2 2
18202 ST1917.SG 0 0 0 2 NA
18203 ST1919.SG 0 0 0 2 2
18204 ST1939.SG 0 0 0 2 NA
18205 ST1941.SG 0 0 0 2 NA
18206 ST1982.SG 0 0 0 2 2
18207 ST1983.SG 0 0 0 2 0
18208 ST1991.SG 0 0 0 2 0
18209 ST2000.SG 0 0 0 2 0
18210 ST2014.SG 0 0 0 2 2
18211 ST2015.SG 0 0 0 2 2
18212 ST2023.SG 0 0 0 2 NA
18213 ST2024.SG 0 0 0 2 2
18214 ST2025.SG 0 0 0 2 0
18215 ST2035.SG 0 0 0 2 NA
18216 ST2043.SG 0 0 0 2 NA
18217 ST2054.SG 0 0 0 2 2
18218 ST2057.SG 0 0 0 2 0
18219 ST2071.SG 0 0 0 2 NA
18220 ST2073.SG 0 0 0 2 0
18221 ST2076.SG 0 0 0 2 NA
18222 ST2084.SG 0 0 0 2 NA
18223 ST2087.SG 0 0 0 2 NA
18224 ST2099.SG 0 0 0 2 2
18225 ST2101.SG 0 0 0 2 2
18226 ST2107.SG 0 0 0 2 NA
18227 ST2111.SG 0 0 0 2 0
18228 ST2114.SG 0 0 0 2 2
18229 ST2115.SG 0 0 0 2 NA
18230 ST2120.SG 0 0 0 2 2
18231 ST2124.SG 0 0 0 2 NA
18232 ST2142.SG 0 0 0 2 2
18233 ST2146.SG 0 0 0 2 NA
18234 ST2161.SG 0 0 0 2 0
18235 ST2162.SG 0 0 0 2 NA
18236 ST2163.SG 0 0 0 2 NA
18237 ST2169.SG 0 0 0 2 0
18238 ST2170.SG 0 0 0 2 2
18239 ST2171.SG 0 0 0 2 NA
18240 ST2207.SG 0 0 0 2 NA
18241 ST2213.SG 0 0 0 2 NA
18242 ST2228.SG 0 0 0 2 2
18243 ST2229.SG 0 0 0 2 0
18244 ST2241.SG 0 0 0 2 0
18245 ST2257.SG 0 0 0 2 2
18246 ST2261.SG 0 0 0 2 2
18247 ST2263.SG 0 0 0 2 2
18248 ST2269.SG 0 0 0 2 0
18249 ST2299.SG 0 0 0 2 NA
18250 ST2310.SG 0 0 0 2 NA
18251 ST2315.SG 0 0 0 2 NA
18252 ST2318.SG 0 0 0 2 NA
18253 ST2320.SG 0 0 0 2 0
18254 ST2326.SG 0 0 0 2 NA
18255 ST2327.SG 0 0 0 2 2
18256 ST2329.SG 0 0 0 2 0
18257 ST2334.SG 0 0 0 2 2
18258 ST2335.SG 0 0 0 2 0
18259 ST2354.SG 0 0 0 2 NA
18260 ST2357.SG 0 0 0 2 NA
18261 ST2358.SG 0 0 0 2 0
18262 ST2363.SG 0 0 0 2 2
18263 ST2364.SG 0 0 0 2 2
18264 ST2378.SG 0 0 0 2 2
18265 ST2390.SG 0 0 0 2 0
18266 ST2391.SG 0 0 0 2 NA
18267 ST2397.SG 0 0 0 2 0
18268 ST2420.SG 0 0 0 2 NA
18269 ST2421.SG 0 0 0 2 NA
18270 ST2428.SG 0 0 0 2 2
18271 ST2431.SG 0 0 0 2 NA
18272 ST2433.SG 0 0 0 2 0
18273 ST2434.SG 0 0 0 2 NA
18274 ST2435.SG 0 0 0 2 0
18275 ST2436.SG 0 0 0 2 NA
18276 ST2439.SG 0 0 0 2 2
18277 ST2452.SG 0 0 0 2 2
18278 ST2455.SG 0 0 0 2 0
18279 ST2457.SG 0 0 0 2 NA
18280 ST2500.SG 0 0 0 2 NA
18281 ST2516.SG 0 0 0 2 0
18282 ST2542.SG 0 0 0 2 NA
18283 ST2551.SG 0 0 0 2 2
18284 ST2552.SG 0 0 0 2 0
18285 ST2637.SG 0 0 0 2 NA
18286 ST2638.SG 0 0 0 2 2
18287 ST2653.SG 0 0 0 2 NA
18288 ST2654.SG 0 0 0 2 NA
18289 ST2666.SG 0 0 0 2 2
18290 ST2689.SG 0 0 0 2 NA
18291 ST2701.SG 0 0 0 2 NA
18292 ST2805.SG 0 0 0 2 0
18293 ST2814.SG 0 0 0 2 NA
18294 ST2819.SG 0 0 0 2 2
18295 ST2835.SG 0 0 0 2 NA
18296 ST2871.SG 0 0 0 2 0
18297 ST2889.SG 0 0 0 2 NA
18298 ST2913.SG 0 0 0 2 0
18299 ST2914.SG 0 0 0 2 0
18300 ST2932.SG 0 0 0 2 2
18301 ST2933.SG 0 0 0 2 NA
18302 ST2937.SG 0 0 0 2 2
18303 ST2945.SG 0 0 0 2 NA
18304 ST2954.SG 0 0 0 2 2
18305 ST2961.SG 0 0 0 2 0
18306 ST2964.SG 0 0 0 2 NA
18307 ST2969.SG 0 0 0 2 NA
18308 ST2978.SG 0 0 0 2 0
18309 ST2981.SG 0 0 0 2 2
18310 ST2983.SG 0 0 0 2 0
18311 ST2985.SG 0 0 0 2 0
18312 ST2988.SG 0 0 0 2 2
18313 ST2992.SG 0 0 0 2 NA
18314 ST2999.SG 0 0 0 2 0
18315 ST3000.SG 0 0 0 2 0
18316 ST3002.SG 0 0 0 2 NA
18317 ST3004.SG 0 0 0 2 NA
18318 ST3006.SG 0 0 0 2 NA
18319 ST3009.SG 0 0 0 2 2
18320 ST3013.SG 0 0 0 2 0
18321 ST3017.SG 0 0 0 2 2
18322 ST3019.SG 0 0 0 2 2
18323 ST3037.SG 0 0 0 2 0
18324 ST3041.SG 0 0 0 2 0
18325 ST3076.SG 0 0 0 2 NA
18326 Mura.SG 0 0 1 2 2
18327 cambridgeshire106.SG 0 0 2 2 NA
18328 cambridgeshire1155.SG 0 0 2 2 NA
18329 cambridgeshire1156.SG 0 0 2 2 NA
18330 cambridgeshire1157.SG 0 0 1 2 NA
18331 cambridgeshire1203.SG 0 0 1 2 NA
18332 cambridgeshire1207.SG 0 0 1 2 NA
18333 cambridgeshire120.SG 0 0 1 2 0
18334 cambridgeshire1217.SG 0 0 1 2 0
18335 cambridgeshire1219.SG 0 0 1 2 NA
18336 cambridgeshire1222.SG 0 0 2 2 NA
18337 cambridgeshire1238.SG 0 0 1 2 NA
18338 cambridgeshire1251.SG 0 0 1 2 NA
18339 cambridgeshire1262.SG 0 0 1 2 NA
18340 cambridgeshire1263.SG 0 0 2 2 NA
18341 cambridgeshire1267.SG 0 0 1 2 NA
18342 cambridgeshire1268.SG 0 0 1 2 2
18343 cambridgeshire1270.SG 0 0 1 2 NA
18344 cambridgeshire1271.SG 0 0 2 2 NA
18345 cambridgeshire1272.SG 0 0 1 2 NA
18346 cambridgeshire1273.SG 0 0 1 2 2
18347 cambridgeshire1274.SG 0 0 1 2 NA
18348 cambridgeshire130.SG 0 0 2 2 NA
18349 cambridgeshire131.SG 0 0 1 2 NA
18350 cambridgeshire154.SG 0 0 2 2 NA
18351 cambridgeshire190.SG 0 0 1 2 NA
18352 cambridgeshire223.SG 0 0 2 2 NA
18353 cambridgeshire259.SG 0 0 2 2 NA
18354 cambridgeshire28.SG 0 0 2 2 NA
18355 cambridgeshire339.SG 0 0 2 2 NA
18356 cambridgeshire347.SG 0 0 1 2 NA
18357 cambridgeshire386.SG 0 0 2 2 NA
18358 cambridgeshire407.SG 0 0 2 2 NA
18359 cambridgeshire409.SG 0 0 2 2 NA
18360 cambridgeshire410.SG 0 0 1 2 0
18361 cambridgeshire411.SG 0 0 1 2 NA
18362 cambridgeshire412.SG 0 0 1 2 0
18363 cambridgeshire414.SG 0 0 2 2 NA
18364 cambridgeshire416.SG 0 0 1 2 0
18365 cambridgeshire417.SG 0 0 2 2 2
18366 cambridgeshire418.SG 0 0 1 2 NA
18367 cambridgeshire439.SG 0 0 2 2 NA
18368 cambridgeshire441.SG 0 0 2 2 NA
18369 cambridgeshire47.SG 0 0 2 2 NA
18370 cambridgeshire495.SG 0 0 2 2 NA
18371 cambridgeshire496.SG 0 0 1 2 NA
18372 cambridgeshire497.SG 0 0 1 2 NA
18373 cambridgeshire498.SG 0 0 1 2 NA
18374 cambridgeshire500.SG 0 0 2 2 NA
18375 cambridgeshire501.SG 0 0 1 2 NA
18376 cambridgeshire502.SG 0 0 1 2 NA
18377 cambridgeshire503.SG 0 0 1 2 NA
18378 cambridgeshire504.SG 0 0 1 2 NA
18379 cambridgeshire505.SG 0 0 1 2 NA
18380 cambridgeshire507.SG 0 0 1 2 NA
18381 cambridgeshire508.SG 0 0 1 2 NA
18382 cambridgeshire510.SG 0 0 1 2 NA
18383 cambridgeshire511.SG 0 0 1 2 0
18384 cambridgeshire512.SG 0 0 1 2 0
18385 cambridgeshire513.SG 0 0 1 2 NA
18386 cambridgeshire514.SG 0 0 1 2 NA
18387 cambridgeshire517.SG 0 0 1 2 NA
18388 cambridgeshire518.SG 0 0 1 2 NA
18389 cambridgeshire519.SG 0 0 1 2 0
18390 cambridgeshire520.SG 0 0 1 2 0
18391 cambridgeshire522.SG 0 0 1 2 NA
18392 cambridgeshire523.SG 0 0 1 2 NA
18393 cambridgeshire524.SG 0 0 1 2 NA
18394 cambridgeshire525.SG 0 0 2 2 NA
18395 cambridgeshire527.SG 0 0 1 2 NA
18396 cambridgeshire53.SG 0 0 1 2 NA
18397 cambridgeshire62.SG 0 0 2 2 0
18398 cambridgeshire68.SG 0 0 1 2 2
18399 cambridgeshire700.SG 0 0 2 2 0
18400 cambridgeshire701.SG 0 0 1 2 NA
18401 cambridgeshire702.SG 0 0 2 2 0
18402 cambridgeshire703.SG 0 0 1 2 NA
18403 cambridgeshire709.SG 0 0 1 2 NA
18404 cambridgeshire710.SG 0 0 1 2 NA
18405 cambridgeshire711.SG 0 0 1 2 NA
18406 cambridgeshire713.SG 0 0 2 2 NA
18407 cambridgeshire714.SG 0 0 2 2 NA
18408 cambridgeshire716.SG 0 0 1 2 NA
18409 cambridgeshire718.SG 0 0 2 2 NA
18410 cambridgeshire719.SG 0 0 2 2 0
18411 cambridgeshire721.SG 0 0 2 2 NA
18412 cambridgeshire723.SG 0 0 1 2 NA
18413 cambridgeshire725.SG 0 0 1 2 NA
18414 cambridgeshire727.SG 0 0 2 2 NA
18415 cambridgeshire730.SG 0 0 1 2 2
18416 cambridgeshire731.SG 0 0 1 2 NA
18417 cambridgeshire732.SG 0 0 2 2 NA
18418 cambridgeshire734.SG 0 0 1 2 NA
18419 cambridgeshire735.SG 0 0 2 2 NA
18420 cambridgeshire738.SG 0 0 1 2 NA
18421 cambridgeshire739.SG 0 0 2 2 NA
18422 cambridgeshire740.SG 0 0 2 2 NA
18423 cambridgeshire741.SG 0 0 2 2 NA
18424 cambridgeshire742.SG 0 0 1 2 NA
18425 cambridgeshire745.SG 0 0 2 2 NA
18426 cambridgeshire746.SG 0 0 1 2 NA
18427 cambridgeshire747.SG 0 0 1 2 2
18428 cambridgeshire748.SG 0 0 2 2 NA
18429 cambridgeshire750.SG 0 0 2 2 NA
18430 cambridgeshire751.SG 0 0 2 2 NA
18431 cambridgeshire752.SG 0 0 2 2 NA
18432 cambridgeshire755.SG 0 0 2 2 NA
18433 cambridgeshire75.SG 0 0 2 2 NA
18434 cambridgeshire762.SG 0 0 2 2 NA
18435 cambridgeshire766.SG 0 0 1 2 NA
18436 cambridgeshire771.SG 0 0 1 2 NA
18437 cambridgeshire775.SG 0 0 2 2 NA
18438 cambridgeshire781.SG 0 0 2 2 NA
18439 cambridgeshire783.SG 0 0 2 2 NA
18440 cambridgeshire793.SG 0 0 2 2 NA
18441 cambridgeshire794.SG 0 0 2 2 NA
18442 cambridgeshire88.SG 0 0 2 2 NA
18443 cambridgeshire905.SG 0 0 1 2 NA
18444 cambridgeshire906.SG 0 0 2 2 NA
18445 cambridgeshire907.SG 0 0 2 2 2
18446 cambridgeshire908.SG 0 0 1 2 NA
18447 cambridgeshire909B.SG 0 0 0 2 NA
18448 cambridgeshire909.SG 0 0 2 2 NA
18449 cambridgeshire90.SG 0 0 2 2 0
18450 cambridgeshire910.SG 0 0 2 2 NA
18451 cambridgeshire911.SG 0 0 2 2 NA
18452 cambridgeshire912.SG 0 0 2 2 2
18453 cambridgeshire913.SG 0 0 2 2 NA
18454 cambridgeshire914.SG 0 0 2 2 NA
18455 cambridgeshire915.SG 0 0 2 2 0
18456 cambridgeshire916.SG 0 0 1 2 NA
18457 cambridgeshire917.SG 0 0 2 2 NA
18458 cambridgeshire918.SG 0 0 1 2 NA
18459 cambridgeshire919.SG 0 0 1 2 NA
18460 cambridgeshire920.SG 0 0 1 2 NA
18461 cambridgeshire923.SG 0 0 1 2 0
18462 cambridgeshire930.SG 0 0 2 2 NA
18463 cambridgeshire931.SG 0 0 1 2 NA
18464 cambridgeshire933.SG 0 0 1 2 NA
18465 cambridgeshire934.SG 0 0 1 2 NA
18466 cambridgeshire935.SG 0 0 1 2 NA
18467 cambridgeshire936.SG 0 0 1 2 NA
18468 cambridgeshire937.SG 0 0 1 2 2
18469 cambridgeshire938.SG 0 0 1 2 NA
18470 cambridgeshire939.SG 0 0 2 2 NA
18471 cambridgeshire942.SG 0 0 1 2 NA
18472 cambridgeshire943.SG 0 0 1 2 0
18473 cambridgeshire944.SG 0 0 1 2 NA
18474 cambridgeshire945.SG 0 0 2 2 0
18475 cambridgeshire946.SG 0 0 2 2 NA
18476 cambridgeshire947.SG 0 0 2 2 NA
18477 cambridgeshire948.SG 0 0 2 2 NA
18478 cambridgeshire950.SG 0 0 1 2 NA
18479 cambridgeshire951.SG 0 0 2 2 NA
18480 cambridgeshire952.SG 0 0 2 2 NA
18481 cambridgeshire953.SG 0 0 2 2 NA
18482 cambridgeshire954.SG 0 0 2 2 NA
18483 cambridgeshire957.SG 0 0 1 2 NA
18484 cambridgeshire969.SG 0 0 2 2 NA
18485 CAM003_Hui.SG 0 0 0 2 0
18486 CAM006.SG 0 0 0 2 NA
18487 CAM007.SG 0 0 0 2 NA
18488 CAM008.SG 0 0 0 2 NA
18489 CAM009.SG 0 0 0 2 2
18490 CAM010.SG 0 0 0 2 0
18491 J02.SG 0 0 0 2 2
18492 J03.SG 0 0 0 2 NA
18493 J06.SG 0 0 0 2 NA
18494 J08.SG 0 0 0 2 0
18495 J10.SG 0 0 0 2 NA
18496 J11_Hui.SG 0 0 0 2 NA
18497 J12.SG 0 0 0 2 0
18498 J13.SG 0 0 0 2 NA
18499 J15.SG 0 0 0 2 NA
18500 J16.SG 0 0 0 2 NA
18501 J17_Hui.SG 0 0 0 2 NA
18502 J19.SG 0 0 0 2 NA
18503 J21.SG 0 0 0 2 0
18504 J22.SG 0 0 0 2 NA
18505 J23.SG 0 0 0 2 NA
18506 J24.SG 0 0 0 2 NA
18507 J25.SG 0 0 0 2 NA
18508 J26.SG 0 0 0 2 NA
18509 J27.SG 0 0 0 2 NA
18510 J29_Hui.SG 0 0 0 2 NA
18511 J30.SG 0 0 0 2 NA
18512 J31.SG 0 0 0 2 NA
18513 J32_Hui.SG 0 0 0 2 0
18514 J33_Hui.SG 0 0 0 2 NA
18515 J34.SG 0 0 0 2 NA
18516 J35.SG 0 0 0 2 NA
18517 J36_Hui.SG 0 0 0 2 NA
18518 J40.SG 0 0 0 2 NA
18519 J41.SG 0 0 0 2 NA
18520 J42.SG 0 0 0 2 2
18521 J43.SG 0 0 0 2 NA
18522 J44.SG 0 0 0 2 0
18523 J45.SG 0 0 0 2 0
18524 J46.SG 0 0 0 2 NA
18525 J48.SG 0 0 0 2 2
18526 J51.SG 0 0 0 2 2
18527 J53.SG 0 0 0 2 NA
18528 J54.SG 0 0 0 2 NA
18529 J57.SG 0 0 0 2 NA
18530 J58_Hui.SG 0 0 0 2 NA
18531 J60.SG 0 0 0 2 NA
18532 J61.SG 0 0 0 2 NA
18533 J62.SG 0 0 0 2 0
18534 J63.SG 0 0 0 2 NA
18535 J64.SG 0 0 0 2 NA
18536 J66.SG 0 0 0 2 2
18537 J67.SG 0 0 0 2 NA
18538 J69.SG 0 0 0 2 NA
18539 J70.SG 0 0 0 2 NA
18540 J71.SG 0 0 0 2 NA
18541 J72.SG 0 0 0 2 NA
18542 J73.SG 0 0 0 2 NA
18543 J74.SG 0 0 0 2 NA
18544 J77.SG 0 0 0 2 0
18545 J78.SG 0 0 0 2 NA
18546 J79.SG 0 0 0 2 NA
18547 J80.SG 0 0 0 2 2
18548 J81.SG 0 0 0 2 NA
18549 J82.SG 0 0 0 2 NA
18550 J83.SG 0 0 0 2 2
18551 J84.SG 0 0 0 2 NA
18552 J85.SG 0 0 0 2 NA
18553 J86.SG 0 0 0 2 NA
18554 J87.SG 0 0 0 2 NA
18555 J89.SG 0 0 0 2 0
18556 JDS104.SG 0 0 0 2 NA
18557 JDS106.SG 0 0 0 2 NA
18558 JDS132.SG 0 0 0 2 NA
18559 JDS136.SG 0 0 0 2 NA
18560 JDS146.SG 0 0 0 2 NA
18561 JDS155.SG 0 0 0 2 NA
18562 NMS032.SG 0 0 0 2 NA
18563 PSN027.SG 0 0 0 2 NA
18564 PSN31_J05.SG 0 0 0 2 0
18565 PSN509.SG 0 0 0 2 0
18566 PSN672.SG 0 0 0 2 NA
18567 STI002.SG 0 0 0 2 NA
18568 STI004.SG 0 0 0 2 NA
18569 STI005A.SG 0 0 0 2 NA
18570 STI006.SG 0 0 0 2 NA
18571 STI007.SG 0 0 0 2 NA
18572 STI008A.SG 0 0 0 2 NA
18573 JHC14.TW 0 0 2 2 NA
18574 JHC20.TW 0 0 2 2 NA
18575 JHC21.TW 0 0 2 2 NA
18576 JHC27.TW 0 0 2 2 NA
18577 JHC28.TW 0 0 1 2 NA
18578 JHC29.TW 0 0 2 2 NA
18579 CDG56.TW 0 0 1 2 NA
18580 CDG60.TW 0 0 2 2 2
18581 CDG71.TW 0 0 2 2 NA
18582 CDG86-1.TW 0 0 2 2 NA
18583 CDG87.TW 0 0 1 2 NA
18584 LDC020.AG 0 0 1 2 2
18585 STR016.AG 0 0 1 2 0
18586 STR025.AG 0 0 1 2 0
18587 STR045.AG 0 0 1 2 0
18588 STR054.AG 0 0 1 2 2
18589 STR067.AG 0 0 1 2 0
18590 STR091.AG 0 0 1 2 0
18591 STR105.AG 0 0 1 2 0
18592 STR122.AG 0 0 1 2 NA
18593 STR129.AG 0 0 1 2 2
18594 STR138.AG 0 0 1 2 2
18595 STR140.AG 0 0 1 2 0
18596 STR162.AG 0 0 2 2 0
18597 STR164.AG 0 0 1 2 2
18598 STR165.AG 0 0 1 2 NA
18599 STR168.AG 0 0 2 2 2
18600 STR170.AG 0 0 2 2 2
18601 STR171.AG 0 0 2 2 2
18602 STR172.AG 0 0 2 2 2
18603 STR176.AG 0 0 1 2 2
18604 STR178.AG 0 0 2 2 0
18605 STR182.AG 0 0 1 2 0
18606 STR185.AG 0 0 2 2 2
18607 STR191.AG 0 0 2 2 0
18608 STR192.AG 0 0 2 2 0
18609 STR196.AG 0 0 1 2 2
18610 STR197.AG 0 0 2 2 2
18611 STR199.AG 0 0 1 2 2
18612 STR204.AG 0 0 2 2 0
18613 STR205.AG 0 0 1 2 0
18614 STR210.AG 0 0 2 2 0
18615 STR216.AG 0 0 2 2 0
18616 STR221.AG 0 0 2 2 0
18617 STR222.AG 0 0 1 2 0
18618 STR225.AG 0 0 2 2 2
18619 STR226.AG 0 0 1 2 0
18620 STR232.AG 0 0 2 2 0
18621 STR233.AG 0 0 2 2 0
18622 STR234.AG 0 0 1 2 0
18623 STR239.AG 0 0 1 2 2
18624 STR248.AG 0 0 1 2 2
18625 B2_B1.SG 0 0 1 2 NA
18626 B2_B3.SG 0 0 2 2 2
18627 B2_B5.SG 0 0 1 2 2
18628 B2_B6.SG 0 0 1 2 2
18629 B2_B7.SG 0 0 1 2 NA
18630 Mandrin_1600.WGC.SG 0 0 1 2 2
18631 fra004_France.SG 0 0 1 2 NA
18632 fra004_France_d.SG 0 0 1 2 NA
18633 fra008_France.SG 0 0 1 2 NA
18634 fra008_France_d.SG 0 0 1 2 NA
18635 fra009_France.SG 0 0 1 2 NA
18636 fra009_France_d.SG 0 0 1 2 NA
18637 fra016_France.SG 0 0 1 2 2
18638 fra017_France.SG 0 0 1 2 NA
18639 fra017_France_d.SG 0 0 1 2 NA
18640 ULG75.SG 0 0 2 2 NA
18641 Lib11al.SG 0 0 1 2 NA
18642 Lib2al.SG 0 0 2 2 NA
18643 Lib40al.SG 0 0 2 2 NA
18644 Lib7al.SG 0 0 1 2 NA
18645 Lib8al.SG 0 0 1 2 NA
18646 Lib9al.SG 0 0 1 2 NA
18647 BOU2.AG 0 0 1 2 NA
18648 BOU12.AG 0 0 1 2 2
18649 BOU13.AG 0 0 2 2 NA
18650 BOU17.SG 0 0 1 2 NA
18651 BOU20.SG 0 0 1 2 NA
18652 BOU21.SG 0 0 1 2 NA
18653 BOU22.SG 0 0 2 2 NA
18654 BOU23.AG 0 0 1 2 NA
18655 BOU24.SG 0 0 1 2 2
18656 BOU25.AG 0 0 1 2 NA
18657 BOU26.AG 0 0 1 2 NA
18658 BOU27.SG 0 0 1 2 NA
18659 BOU28.SG 0 0 1 2 2
18660 BOU29.SG 0 0 2 2 2
18661 BOU30.SG 0 0 1 2 2
18662 BOU31.SG 0 0 1 2 NA
18663 BOU32.AG 0 0 2 2 2
18664 BOU33.AG 0 0 2 2 2
18665 BOU34.SG 0 0 2 2 NA
18666 BOU35.SG 0 0 1 2 NA
18667 BOU36.SG 0 0 2 2 NA
18668 BOU37.AG 0 0 1 2 2
18669 BOU38.SG 0 0 1 2 2
18670 BOU39.SG 0 0 1 2 NA
18671 BOU40.SG 0 0 1 2 NA
18672 BOU42.SG 0 0 1 2 2
18673 BOU43.SG 0 0 1 2 2
18674 BOU44.SG 0 0 1 2 NA
18675 BOU45.AG 0 0 1 2 NA
18676 I17743.AG.TW 0 0 2 2 2
18677 I17743.TW 0 0 2 2 2
18678 I17745.AG.TW 0 0 1 2 2
18679 I17745.TW 0 0 1 2 2
18680 I17747.AG.TW 0 0 1 2 2
18681 I17747.TW 0 0 1 2 2
18682 I30417.TW 0 0 1 2 2
18683 I17267.AG.TW 0 0 2 2 0
18684 I17267.TW 0 0 2 2 0
18685 I23654.AG.TW 0 0 1 2 2
18686 I23654.TW 0 0 1 2 2
18687 CHN001.AG 0 0 1 2 2
18688 CHN008.AG 0 0 1 2 2
18689 CHN010.AG 0 0 1 2 2
18690 CHN012.AG 0 0 1 2 2
18691 CHN016.AG 0 0 1 2 2
18692 UAA001.AG 0 0 1 2 2
18693 I13467.AG 0 0 1 2 2
18694 ULN009.AG 0 0 2 2 2
18695 ULN002.AG 0 0 2 2 2
18696 SUC009.AG 0 0 1 2 2
18697 SEC005.AG 0 0 2 2 2
18698 SEC002.AG 0 0 1 2 2
18699 SEC001.AG 0 0 1 2 2
18700 I2633.AG.TW 0 0 2 2 2
18701 I2633.TW 0 0 2 2 2
18702 I6101.AG.TW 0 0 2 2 2
18703 I6101.TW 0 0 2 2 2
18704 I6103.AG.TW 0 0 1 2 2
18705 I6103.TW 0 0 1 2 NA
18706 SHT002.AG 0 0 1 2 2
18707 I6266.AG.TW 0 0 1 2 2
18708 I6266.TW 0 0 1 2 2
18709 I6268.AG.TW 0 0 1 2 2
18710 I6268.TW 0 0 1 2 NA
18711 I6272.AG.TW 0 0 1 2 2
18712 I6272.TW 0 0 1 2 2
18713 SHU001.AG 0 0 1 2 2
18714 ULZ001.AG 0 0 2 2 2
18715 ULI001.AG 0 0 1 2 2
18716 I8205.AG.TW 0 0 1 2 2
18717 I8205.TW 0 0 1 2 2
18718 I8208.AG.TW 0 0 1 2 2
18719 I8208.TW 0 0 1 2 2
18720 I8209.AG.TW 0 0 1 2 2
18721 I8209.TW 0 0 1 2 2
18722 I8212.AG.TW 0 0 1 2 0
18723 I8212.TW 0 0 1 2 2
18724 I8213.AG.TW 0 0 2 2 2
18725 I8213.TW 0 0 2 2 2
18726 I8340.AG.TW 0 0 2 2 2
18727 I8340.TW 0 0 2 2 2
18728 I8341.AG.TW 0 0 1 2 2
18729 I8341.TW 0 0 1 2 2
18730 I8344.AG.TW 0 0 1 2 2
18731 I8344.TW 0 0 1 2 2
18732 KUM001.AG 0 0 2 2 2
18733 OAI011.AG 0 0 2 2 0
18734 PCV002.AG 0 0 2 2 2
18735 LaBrana1.AG 0 0 1 2 2
18736 I42650_d.TW 0 0 1 2 NA
18737 I42652_d.TW 0 0 1 2 NA
18738 I13899_d.TW 0 0 1 2 2
18739 I16394.AG.TW 0 0 1 2 2
18740 I16394.TW 0 0 1 2 2
18741 I16394.AG 0 0 1 2 NA
18742 I13833.AG.TW 0 0 1 2 2
18743 I2634.AG.TW 0 0 1 2 2
18744 I2634.TW 0 0 1 2 2
18745 I8204.TW 0 0 2 2 2
18746 I8215.AG.TW 0 0 2 2 2
18747 I8215.TW 0 0 2 2 2
18748 I8214.AG.TW 0 0 2 2 2
18749 I8214.TW 0 0 2 2 2
18750 I8211.AG.TW 0 0 1 2 NA
18751 I8211.TW 0 0 1 2 NA
18752 I42651.TW 0 0 2 2 NA
18753 I23655.AG.TW 0 0 1 2 2
18754 I23655.TW 0 0 1 2 2
18755 GRO020.TW 0 0 2 2 0
18756 I18201.TW 0 0 1 2 2
18757 CSK001.AG 0 0 1 2 2
18758 CSK002.AG 0 0 1 2 2
18759 CSK003.AG 0 0 1 2 2
18760 CSK004.AG 0 0 1 2 2
18761 CSK005.AG 0 0 2 2 2
18762 CSK006.AG 0 0 1 2 2
18763 CSK007.AG 0 0 2 2 NA
18764 CSK008.AG 0 0 2 2 2
18765 CSK009.AG 0 0 2 2 2
18766 CSK010.AG 0 0 2 2 NA
18767 CSK011.AG 0 0 2 2 NA
18768 CSK012.AG 0 0 1 2 2
18769 CSK013.AG 0 0 1 2 2
18770 CSK014.AG 0 0 1 2 0
18771 CSK015.AG 0 0 2 2 2
18772 CSK016.AG 0 0 1 2 2
18773 CSK017.AG 0 0 2 2 NA
18774 CSK018.AG 0 0 2 2 2
18775 CSK019.AG 0 0 1 2 0
18776 CSK020.AG 0 0 2 2 0
18777 CSK021.AG 0 0 2 2 0
18778 CSK022.AG 0 0 2 2 2
18779 CSK023.AG 0 0 2 2 2
18780 CSK025.AG 0 0 2 2 2
18781 CSK026.AG 0 0 1 2 NA
18782 CSK028.AG 0 0 2 2 2
18783 CSK029.AG 0 0 2 2 2
18784 CSK030.AG 0 0 1 2 0
18785 CSK031.AG 0 0 1 2 NA
18786 CSK032.AG 0 0 1 2 2
18787 CSK033.AG 0 0 1 2 NA
18788 CSK034.AG 0 0 2 2 2
18789 CSK035.AG 0 0 1 2 2
18790 CSK036.AG 0 0 1 2 2
18791 CSK037.AG 0 0 2 2 2
18792 CSK038.AG 0 0 2 2 2
18793 CSK039.AG 0 0 1 2 2
18794 CSK040.AG 0 0 2 2 2
18795 CSK041.AG 0 0 1 2 2
18796 CSK042.AG 0 0 1 2 2
18797 CSK043.AG 0 0 1 2 NA
18798 CSK044.AG 0 0 1 2 0
18799 CSK045.AG 0 0 1 2 2
18800 CSK046.AG 0 0 1 2 2
18801 CSK047.AG 0 0 1 2 2
18802 CSK048.AG 0 0 1 2 2
18803 CSK049.AG 0 0 2 2 NA
18804 CSK050.AG 0 0 1 2 2
18805 CSK051.AG 0 0 2 2 2
18806 CSK052.AG 0 0 1 2 2
18807 CSK053.AG 0 0 1 2 0
18808 CSK054.AG 0 0 2 2 NA
18809 CSK055.AG 0 0 2 2 0
18810 CSK056.AG 0 0 2 2 2
18811 CSK057.AG 0 0 1 2 2
18812 CSK058.AG 0 0 1 2 2
18813 CSK059.AG 0 0 2 2 2
18814 CSK060.AG 0 0 2 2 2
18815 CSK061.AG 0 0 2 2 2
18816 CSK062.AG 0 0 1 2 2
18817 CSK063.AG 0 0 2 2 0
18818 CSK064.AG 0 0 2 2 2
18819 CSK065.AG 0 0 1 2 NA
18820 CSK066.AG 0 0 2 2 NA
18821 CSK067.AG 0 0 1 2 2
18822 CSK068.AG 0 0 1 2 2
18823 CSK069.AG 0 0 2 2 2
18824 CSK070.AG 0 0 2 2 2
18825 CSK071.AG 0 0 1 2 2
18826 CSK072.AG 0 0 0 2 NA
18827 CSK073.AG 0 0 2 2 2
18828 CSK074.AG 0 0 2 2 2
18829 CSK075.AG 0 0 2 2 NA
18830 CSK076.AG 0 0 2 2 2
18831 CSK079.AG 0 0 1 2 0
18832 CSK080.AG 0 0 2 2 2
18833 CSK081.AG 0 0 2 2 NA
18834 CSK082.AG 0 0 1 2 2
18835 CSK083.AG 0 0 1 2 0
18836 LEO004.AG 0 0 2 2 2
18837 LEO005.AG 0 0 2 2 NA
18838 LEO007.AG 0 0 2 2 2
18839 LEO008.AG 0 0 1 2 2
18840 LEO009.AG 0 0 1 2 2
18841 LEO010.AG 0 0 2 2 2
18842 LEO011.AG 0 0 2 2 2
18843 LEO012.AG 0 0 2 2 2
18844 LEO013.AG 0 0 2 2 NA
18845 LEO014.AG 0 0 2 2 2
18846 LEO015.AG 0 0 1 2 2
18847 LEO016.AG 0 0 2 2 NA
18848 LEO018.AG 0 0 2 2 NA
18849 LEO019.AG 0 0 2 2 2
18850 LEO020.AG 0 0 1 2 2
18851 LEO021.AG 0 0 2 2 NA
18852 LEO022.AG 0 0 2 2 NA
18853 LEO023.AG 0 0 1 2 2
18854 LEO025.AG 0 0 2 2 NA
18855 LEO026.AG 0 0 1 2 2
18856 LEO027.AG 0 0 2 2 2
18857 LEO029.AG 0 0 2 2 NA
18858 LEO030.AG 0 0 2 2 2
18859 LEO031.AG 0 0 1 2 NA
18860 LEO033.AG 0 0 2 2 2
18861 LEO034.AG 0 0 1 2 2
18862 LEO035.AG 0 0 2 2 2
18863 LEO036.AG 0 0 1 2 2
18864 LEO037.AG 0 0 2 2 NA
18865 LEO038.AG 0 0 1 2 2
18866 LEO039.AG 0 0 1 2 2
18867 LEO040.AG 0 0 1 2 NA
18868 LEO041.AG 0 0 2 2 2
18869 LEO042.AG 0 0 2 2 NA
18870 LEO043.AG 0 0 2 2 NA
18871 LEO044.AG 0 0 1 2 2
18872 LEO045.AG 0 0 1 2 NA
18873 LEO046.AG 0 0 2 2 2
18874 LEO047.AG 0 0 1 2 NA
18875 LEO048.AG 0 0 2 2 2
18876 LEO049.AG 0 0 1 2 2
18877 LEO050.AG 0 0 1 2 2
18878 LEO051.AG 0 0 2 2 2
18879 LEO052.AG 0 0 2 2 2
18880 LEO053.AG 0 0 1 2 NA
18881 LEO054.AG 0 0 2 2 2
18882 LEO055.AG 0 0 2 2 2
18883 LEO056.AG 0 0 1 2 2
18884 LEO057.AG 0 0 1 2 NA
18885 LEO058.AG 0 0 1 2 2
18886 LEO059.AG 0 0 2 2 2
18887 LEO060.AG 0 0 2 2 2
18888 LEO061.AG 0 0 2 2 NA
18889 LEO062.AG 0 0 1 2 2
18890 LEO063.AG 0 0 2 2 NA
18891 LEO064.AG 0 0 1 2 NA
18892 LEO065.AG 0 0 2 2 2
18893 LEO066.AG 0 0 1 2 2
18894 LEO067.AG 0 0 1 2 NA
18895 LEO068.AG 0 0 1 2 2
18896 LEO069.AG 0 0 2 2 2
18897 LEO070.AG 0 0 2 2 NA
18898 LEO071.AG 0 0 1 2 2
18899 LEO072.AG 0 0 1 2 2
18900 LEO073.AG 0 0 1 2 2
18901 LEO074.AG 0 0 1 2 2
18902 LEO075.AG 0 0 1 2 2
18903 LEO077.AG 0 0 2 2 0
18904 LEO078.AG 0 0 2 2 2
18905 LEO079.AG 0 0 2 2 2
18906 LEO080.AG 0 0 2 2 2
18907 LEO081.AG 0 0 2 2 2
18908 LEO082.AG 0 0 2 2 2
18909 LEO083.AG 0 0 1 2 2
18910 LEO084.AG 0 0 2 2 NA
18911 LEO085.AG 0 0 1 2 2
18912 LEO086.AG 0 0 2 2 NA
18913 LEO087.AG 0 0 1 2 2
18914 LEO088.AG 0 0 1 2 2
18915 LEO089.AG 0 0 1 2 2
18916 LEO090.AG 0 0 2 2 2
18917 LEO091.AG 0 0 1 2 2
18918 LEO092.AG 0 0 1 2 2
18919 LEO093.AG 0 0 1 2 2
18920 LEO094.AG 0 0 1 2 2
18921 LEO095.AG 0 0 1 2 2
18922 LEO096.AG 0 0 1 2 2
18923 LEO097.AG 0 0 1 2 2
18924 LEO098.AG 0 0 1 2 2
18925 LEO099.AG 0 0 1 2 2
18926 LEO100.AG 0 0 1 2 2
18927 LEO056_alt1.AG 0 0 0 2 NA
18928 LEO102.AG 0 0 1 2 2
18929 LEO103.AG 0 0 2 2 2
18930 LEO104.AG 0 0 1 2 2
18931 LEO105.AG 0 0 1 2 2
18932 LEO106.AG 0 0 1 2 2
18933 LEO107.AG 0 0 2 2 2
18934 LEO108.AG 0 0 1 2 2
18935 LEO109.AG 0 0 1 2 NA
18936 LEO111.AG 0 0 1 2 2
18937 LEO112.AG 0 0 2 2 2
18938 LEO113.AG 0 0 2 2 2
18939 LEO114.AG 0 0 1 2 2
18940 LEO115.AG 0 0 2 2 NA
18941 LEO117.AG 0 0 2 2 0
18942 LEO118.AG 0 0 2 2 2
18943 LEO118_alt3.AG 0 0 0 2 NA
18944 LEO120.AG 0 0 1 2 2
18945 LEO121.AG 0 0 1 2 2
18946 LEO122.AG 0 0 1 2 2
18947 LEO123.AG 0 0 1 2 NA
18948 LEO124.AG 0 0 2 2 0
18949 LEO118_alt1.AG 0 0 2 2 2
18950 LEO126.AG 0 0 2 2 NA
18951 LEO127.AG 0 0 2 2 NA
18952 LEO128.AG 0 0 1 2 2
18953 LEO130.AG 0 0 0 2 NA
18954 LEO131.AG 0 0 2 2 2
18955 LEO132.AG 0 0 1 2 NA
18956 LEO133_alt1.AG 0 0 1 2 NA
18957 LEO133_alt2.AG 0 0 0 2 NA
18958 LEO056_alt3.AG 0 0 1 2 2
18959 LEO133.AG 0 0 1 2 NA
18960 LEO137.AG 0 0 1 2 2
18961 LEO138.AG 0 0 1 2 2
18962 LEO139.AG 0 0 1 2 2
18963 LEO140.AG 0 0 2 2 2
18964 LEO141.AG 0 0 1 2 2
18965 LEO142.AG 0 0 2 2 2
18966 LEO143.AG 0 0 0 2 NA
18967 LEO144.AG 0 0 1 2 NA
18968 LEO145.AG 0 0 2 2 NA
18969 LEO146.AG 0 0 1 2 NA
18970 LEO147.AG 0 0 2 2 NA
18971 LEO148.AG 0 0 2 2 0
18972 LEO149.AG 0 0 2 2 NA
18973 LEO150.AG 0 0 1 2 NA
18974 LEO055_alt1.AG 0 0 0 2 2
18975 LEO152.AG 0 0 2 2 NA
18976 LEO153.AG 0 0 2 2 2
18977 LEO035_alt1.AG 0 0 0 2 2
18978 MGS001.AG 0 0 2 2 2
18979 MGS002.AG 0 0 2 2 2
18980 MGS003.AG 0 0 1 2 2
18981 MGS004.AG 0 0 1 2 NA
18982 MGS006.AG 0 0 1 2 2
18983 MGS007.AG 0 0 2 2 2
18984 MGS008.AG 0 0 2 2 2
18985 MGS009.AG 0 0 1 2 2
18986 MGS010.AG 0 0 1 2 2
18987 MGS011.AG 0 0 2 2 NA
18988 MGS012.AG 0 0 1 2 2
18989 MGS013.AG 0 0 1 2 2
18990 MGS014.AG 0 0 2 2 2
18991 MGS015.AG 0 0 2 2 2
18992 MGS016.AG 0 0 2 2 2
18993 MGS017.AG 0 0 1 2 2
18994 MGS018.AG 0 0 1 2 NA
18995 MGS019.AG 0 0 2 2 2
18996 MGS020.AG 0 0 1 2 2
18997 MGS022.AG 0 0 1 2 0
18998 MGS023.AG 0 0 2 2 2
18999 MGS026.AG 0 0 2 2 2
19000 MGS027.AG 0 0 2 2 2
19001 MGS028.AG 0 0 1 2 2
19002 MGS029.AG 0 0 1 2 2
19003 MGS030.AG 0 0 1 2 0
19004 MGS031.AG 0 0 1 2 2
19005 MGS032.AG 0 0 1 2 0
19006 MGS033.AG 0 0 1 2 2
19007 MGS034.AG 0 0 1 2 2
19008 MGS035.AG 0 0 2 2 2
19009 MGS036.AG 0 0 1 2 0
19010 MGS037.AG 0 0 2 2 2
19011 MGS038.AG 0 0 2 2 2
19012 MGS039.AG 0 0 2 2 2
19013 MGS040.AG 0 0 1 2 NA
19014 MGS041.AG 0 0 1 2 NA
19015 MGS042.AG 0 0 1 2 NA
19016 MGS043.AG 0 0 1 2 NA
19017 MGS044.AG 0 0 2 2 2
19018 MGS046.AG 0 0 2 2 0
19019 MGS047.AG 0 0 0 2 2
19020 MGS048.AG 0 0 1 2 0
19021 MGS049.AG 0 0 1 2 0
19022 MGS050.AG 0 0 2 2 2
19023 MGS051.AG 0 0 1 2 2
19024 MGS052.AG 0 0 2 2 NA
19025 MGS053.AG 0 0 1 2 0
19026 MGS054.AG 0 0 2 2 2
19027 MGS055.AG 0 0 2 2 2
19028 MGS057.AG 0 0 2 2 2
19029 MGS058.AG 0 0 2 2 NA
19030 MGS059.AG 0 0 1 2 2
19031 MGS060.AG 0 0 1 2 2
19032 MGS061.AG 0 0 2 2 NA
19033 MGS062.AG 0 0 1 2 NA
19034 MGS064.AG 0 0 1 2 2
19035 MGS066.AG 0 0 2 2 2
19036 MGS067.AG 0 0 2 2 0
19037 MGS068.AG 0 0 1 2 NA
19038 MGS069.AG 0 0 1 2 0
19039 MGS070.AG 0 0 2 2 2
19040 MGS071.AG 0 0 1 2 2
19041 MGS072.AG 0 0 2 2 NA
19042 MGS073.AG 0 0 2 2 2
19043 MGS074.AG 0 0 2 2 2
19044 MGS075.AG 0 0 1 2 2
19045 MGS076.AG 0 0 1 2 2
19046 MGS077.AG 0 0 1 2 0
19047 MGS078.AG 0 0 1 2 NA
19048 MGS079.AG 0 0 1 2 2
19049 MGS080.AG 0 0 2 2 2
19050 MGS081.AG 0 0 2 2 NA
19051 MGS082.AG 0 0 2 2 NA
19052 MGS083.AG 0 0 2 2 2
19053 MGS084.AG 0 0 2 2 NA
19054 MGS085.AG 0 0 2 2 0
19055 MGS086.AG 0 0 2 2 2
19056 MGS087.AG 0 0 1 2 0
19057 MGS088.AG 0 0 1 2 NA
19058 MGS089.AG 0 0 1 2 NA
19059 MGS090.AG 0 0 1 2 2
19060 MGS091.AG 0 0 2 2 0
19061 MGS092.AG 0 0 1 2 NA
19062 MGS093.AG 0 0 2 2 0
19063 MGS094.AG 0 0 1 2 2
19064 MGS095.AG 0 0 2 2 NA
19065 MGS096.AG 0 0 1 2 NA
19066 MGS097.AG 0 0 2 2 NA
19067 MGS098.AG 0 0 1 2 0
19068 MGS099.AG 0 0 2 2 NA
19069 MGS100.AG 0 0 2 2 2
19070 MGS101.AG 0 0 2 2 NA
19071 MGS102.AG 0 0 1 2 2
19072 MGS103.AG 0 0 2 2 NA
19073 MGS105.AG 0 0 1 2 NA
19074 MGS106.AG 0 0 1 2 2
19075 MGS107.AG 0 0 2 2 2
19076 MGS108.AG 0 0 2 2 2
19077 MGS109.AG 0 0 1 2 NA
19078 MGS110.AG 0 0 1 2 0
19079 MGS111.AG 0 0 2 2 2
19080 MGS112.AG 0 0 1 2 NA
19081 MGS113.AG 0 0 1 2 2
19082 MGS114.AG 0 0 2 2 2
19083 MGS115.AG 0 0 2 2 2
19084 MGS116.AG 0 0 2 2 2
19085 MGS117.AG 0 0 2 2 2
19086 MGS118.AG 0 0 1 2 2
19087 MGS119.AG 0 0 1 2 2
19088 MGS120.AG 0 0 2 2 2
19089 MGS121.AG 0 0 1 2 NA
19090 MGS122.AG 0 0 1 2 NA
19091 MGS123.AG 0 0 1 2 2
19092 MGS124.AG 0 0 1 2 2
19093 MGS125.AG 0 0 2 2 2
19094 MGS126.AG 0 0 2 2 2
19095 MGS127.AG 0 0 2 2 NA
19096 MGS128.AG 0 0 2 2 0
19097 MGS129.AG 0 0 2 2 0
19098 MGS130.AG 0 0 2 2 2
19099 MGS131.AG 0 0 1 2 2
19100 MGS132.AG 0 0 2 2 0
19101 MGS133.AG 0 0 1 2 0
19102 MGS134.AG 0 0 1 2 2
19103 MGS135.AG 0 0 2 2 2
19104 MGS136.AG 0 0 1 2 NA
19105 MGS137.AG 0 0 2 2 NA
19106 MGS138.AG 0 0 1 2 NA
19107 MGS139.AG 0 0 1 2 2
19108 MGS140.AG 0 0 1 2 0
19109 MGS141.AG 0 0 2 2 NA
19110 MGS142.AG 0 0 1 2 2
19111 MGS143.AG 0 0 1 2 2
19112 MGS144.AG 0 0 2 2 2
19113 MGS145.AG 0 0 1 2 NA
19114 MGS146.AG 0 0 1 2 2
19115 MGS147.AG 0 0 1 2 NA
19116 MGS148.AG 0 0 1 2 2
19117 MGS149.AG 0 0 1 2 2
19118 MGS150.AG 0 0 2 2 2
19119 MGS151.AG 0 0 1 2 2
19120 MGS152.AG 0 0 2 2 2
19121 MGS153.AG 0 0 2 2 2
19122 MGS154.AG 0 0 1 2 NA
19123 MGS155.AG 0 0 1 2 NA
19124 MGS156.AG 0 0 1 2 2
19125 MGS157.AG 0 0 1 2 2
19126 MGS158.AG 0 0 2 2 2
19127 MGS159.AG 0 0 1 2 2
19128 MGS160.AG 0 0 1 2 NA
19129 MGS161.AG 0 0 2 2 2
19130 MGS162.AG 0 0 2 2 NA
19131 MGS163.AG 0 0 1 2 2
19132 MGS164.AG 0 0 2 2 NA
19133 MGS165.AG 0 0 2 2 0
19134 MGS167.AG 0 0 2 2 2
19135 MGS168.AG 0 0 1 2 NA
19136 MGS169.AG 0 0 2 2 2
19137 MGS170.AG 0 0 1 2 NA
19138 MGS171.AG 0 0 2 2 NA
19139 MGS173.AG 0 0 2 2 2
19140 MGS174.AG 0 0 2 2 2
19141 MGS175.AG 0 0 1 2 2
19142 MGS176.AG 0 0 1 2 2
19143 MGS177.AG 0 0 2 2 NA
19144 MGS178.AG 0 0 2 2 2
19145 MGS179.AG 0 0 1 2 NA
19146 MGS180.AG 0 0 2 2 2
19147 MGS181.AG 0 0 1 2 NA
19148 MGS182.AG 0 0 2 2 0
19149 MGS183.AG 0 0 2 2 0
19150 MGS184.AG 0 0 2 2 2
19151 MGS185.AG 0 0 2 2 2
19152 MGS186.AG 0 0 1 2 NA
19153 MGS187.AG 0 0 2 2 2
19154 MGS188.AG 0 0 1 2 2
19155 MGS189.AG 0 0 2 2 2
19156 MGS190.AG 0 0 2 2 2
19157 MGS191.AG 0 0 2 2 2
19158 MGS192.AG 0 0 1 2 NA
19159 MGS193.AG 0 0 2 2 NA
19160 MGS194.AG 0 0 1 2 NA
19161 MGS195.AG 0 0 1 2 NA
19162 MGS197.AG 0 0 1 2 0
19163 MGS198.AG 0 0 1 2 2
19164 MGS199.AG 0 0 2 2 2
19165 MGS200.AG 0 0 1 2 2
19166 MGS201.AG 0 0 2 2 0
19167 MGS202.AG 0 0 1 2 2
19168 MGS203.AG 0 0 2 2 2
19169 MGS204.AG 0 0 1 2 2
19170 MGS205.AG 0 0 1 2 0
19171 MGS206.AG 0 0 1 2 0
19172 MGS207.AG 0 0 2 2 2
19173 MGS208.AG 0 0 2 2 NA
19174 MGS209.AG 0 0 1 2 2
19175 MGS210.AG 0 0 2 2 NA
19176 MGS211.AG 0 0 1 2 2
19177 MGS212.AG 0 0 2 2 0
19178 MGS213.AG 0 0 2 2 2
19179 MGS214.AG 0 0 1 2 NA
19180 MGS215.AG 0 0 2 2 2
19181 MGS216.AG 0 0 2 2 NA
19182 MGS217.AG 0 0 1 2 2
19183 MGS218.AG 0 0 1 2 2
19184 MGS219.AG 0 0 1 2 2
19185 MGS220.AG 0 0 1 2 2
19186 MGS221.AG 0 0 1 2 NA
19187 MGS222.AG 0 0 1 2 2
19188 MGS223.AG 0 0 1 2 2
19189 MGS224.AG 0 0 2 2 0
19190 MGS225.AG 0 0 1 2 2
19191 MGS226.AG 0 0 2 2 2
19192 MGS227.AG 0 0 2 2 2
19193 MGS229.AG 0 0 2 2 0
19194 MGS230.AG 0 0 1 2 2
19195 MGS231.AG 0 0 1 2 0
19196 MGS232.AG 0 0 2 2 2
19197 MGS233.AG 0 0 2 2 2
19198 MGS234.AG 0 0 2 2 0
19199 MGS235.AG 0 0 1 2 2
19200 MGS236.AG 0 0 1 2 2
19201 MGS237.AG 0 0 2 2 2
19202 MGS238.AG 0 0 1 2 0
19203 MGS239.AG 0 0 1 2 0
19204 MGS240.AG 0 0 1 2 2
19205 MGS241.AG 0 0 1 2 2
19206 MGS242.AG 0 0 1 2 2
19207 MGS243.AG 0 0 1 2 2
19208 MGS244.AG 0 0 1 2 2
19209 MGS245.AG 0 0 1 2 2
19210 MGS246.AG 0 0 2 2 2
19211 MGS247.AG 0 0 1 2 2
19212 MGS248.AG 0 0 2 2 0
19213 MGS249.AG 0 0 2 2 2
19214 MGS250.AG 0 0 2 2 NA
19215 MGS251.AG 0 0 1 2 NA
19216 MGS252.AG 0 0 1 2 NA
19217 MGS253.AG 0 0 1 2 NA
19218 MGS254.AG 0 0 2 2 NA
19219 MGS255.AG 0 0 2 2 2
19220 MGS257.AG 0 0 1 2 NA
19221 MGS258.AG 0 0 1 2 0
19222 MGS259.AG 0 0 2 2 NA
19223 MGS260.AG 0 0 1 2 2
19224 MGS261.AG 0 0 2 2 2
19225 MGS262.AG 0 0 2 2 2
19226 MGS263.AG 0 0 1 2 0
19227 MGS264.AG 0 0 1 2 2
19228 MGS265.AG 0 0 2 2 2
19229 MGS266.AG 0 0 1 2 2
19230 MGS267.AG 0 0 2 2 2
19231 MGS268.AG 0 0 2 2 2
19232 MGS269.AG 0 0 1 2 2
19233 MGS270.AG 0 0 1 2 2
19234 MGS271.AG 0 0 1 2 0
19235 MGS272.AG 0 0 1 2 NA
19236 MGS273.AG 0 0 1 2 NA
19237 MGS274.AG 0 0 1 2 2
19238 MGS275.AG 0 0 1 2 NA
19239 MGS276.AG 0 0 2 2 2
19240 MGS277.AG 0 0 2 2 0
19241 MGS278.AG 0 0 1 2 NA
19242 MGS279.AG 0 0 2 2 NA
19243 MGS280.AG 0 0 2 2 2
19244 MGS281.AG 0 0 2 2 NA
19245 MGS282.AG 0 0 1 2 NA
19246 MGS283.AG 0 0 1 2 2
19247 MGS284.AG 0 0 2 2 2
19248 MGS285.AG 0 0 1 2 NA
19249 MGS286.AG 0 0 1 2 2
19250 MGS287.AG 0 0 2 2 NA
19251 MGS288.AG 0 0 1 2 NA
19252 MGS289.AG 0 0 2 2 0
19253 MGS290.AG 0 0 2 2 NA
19254 MGS291.AG 0 0 2 2 2
19255 MGS292.AG 0 0 1 2 2
19256 MGS293.AG 0 0 2 2 0
19257 MGS294.AG 0 0 1 2 NA
19258 MGS295.AG 0 0 2 2 2
19259 MGS296.AG 0 0 2 2 NA
19260 MGS297.AG 0 0 2 2 NA
19261 MGS298.AG 0 0 2 2 NA
19262 MGS299.AG 0 0 2 2 0
19263 MGS300.AG 0 0 1 2 NA
19264 MGS301.AG 0 0 2 2 2
19265 MGS302.AG 0 0 2 2 2
19266 MGS303.AG 0 0 1 2 2
19267 MGS304.AG 0 0 2 2 NA
19268 MGS305.AG 0 0 2 2 2
19269 MGS306.AG 0 0 1 2 2
19270 MGS307.AG 0 0 1 2 2
19271 MGS308.AG 0 0 2 2 2
19272 MGS309.AG 0 0 2 2 2
19273 MGS310.AG 0 0 1 2 0
19274 MGS311.AG 0 0 1 2 0
19275 MGS312.AG 0 0 2 2 NA
19276 MGS313.AG 0 0 1 2 NA
19277 MGS315.AG 0 0 1 2 2
19278 MGS316.AG 0 0 1 2 2
19279 MGS317.AG 0 0 1 2 2
19280 MGS318.AG 0 0 2 2 0
19281 MGS319.AG 0 0 1 2 0
19282 MGS320.AG 0 0 2 2 2
19283 MGS321.AG 0 0 1 2 2
19284 MGS322.AG 0 0 1 2 2
19285 MGS323.AG 0 0 1 2 0
19286 MGS324.AG 0 0 2 2 NA
19287 MGS325.AG 0 0 1 2 NA
19288 MGS326.AG 0 0 1 2 2
19289 MGS327.AG 0 0 2 2 2
19290 MGS328.AG 0 0 1 2 2
19291 MGS329.AG 0 0 1 2 NA
19292 MGS330.AG 0 0 1 2 NA
19293 MGS331.AG 0 0 2 2 0
19294 MGS332.AG 0 0 1 2 NA
19295 MGS333.AG 0 0 1 2 NA
19296 MGS332_alt1.AG 0 0 1 2 NA
19297 MGS335.AG 0 0 2 2 NA
19298 MGS339.AG 0 0 2 2 NA
19299 MGS340.AG 0 0 1 2 NA
19300 MGS341.AG 0 0 2 2 NA
19301 MGS342.AG 0 0 1 2 NA
19302 MGS343.AG 0 0 1 2 NA
19303 MGS344.AG 0 0 1 2 NA
19304 MGS345.AG 0 0 1 2 NA
19305 MGS347.AG 0 0 1 2 NA
19306 MGS064_alt1.AG 0 0 1 2 2
19307 MGS349.AG 0 0 1 2 NA
19308 MGS350.AG 0 0 2 2 2
19309 MGS351.AG 0 0 1 2 NA
19310 MGS352_alt1.AG 0 0 1 2 2
19311 MGS353.AG 0 0 2 2 NA
19312 MGS354.AG 0 0 1 2 NA
19313 MGS355.AG 0 0 1 2 NA
19314 MGS356.AG 0 0 1 2 NA
19315 MGS357.AG 0 0 1 2 NA
19316 MGS358.AG 0 0 0 2 NA
19317 MGS359.AG 0 0 1 2 NA
19318 MGS360.AG 0 0 0 2 NA
19319 MGS361.AG 0 0 2 2 NA
19320 MGS362.AG 0 0 1 2 NA
19321 MGS363.AG 0 0 1 2 2
19322 MGS364.AG 0 0 2 2 NA
19323 MGS365.AG 0 0 2 2 NA
19324 MGS366.AG 0 0 2 2 NA
19325 MGS367.AG 0 0 2 2 NA
19326 MGS368.AG 0 0 1 2 NA
19327 MGS369.AG 0 0 2 2 NA
19328 MGS370.AG 0 0 2 2 0
19329 MGS371.AG 0 0 2 2 NA
19330 MGS372.AG 0 0 2 2 NA
19331 MGS373.AG 0 0 1 2 NA
19332 MGS374.AG 0 0 1 2 NA
19333 MGS375.AG 0 0 1 2 NA
19334 MGS376.AG 0 0 1 2 NA
19335 MGS377.AG 0 0 1 2 NA
19336 MGS378.AG 0 0 1 2 NA
19337 MGS379.AG 0 0 2 2 NA
19338 MGS380.AG 0 0 1 2 NA
19339 MGS381.AG 0 0 2 2 NA
19340 MGS383.AG 0 0 1 2 NA
19341 MGS384.AG 0 0 1 2 2
19342 MGS385.AG 0 0 1 2 2
19343 MGS386.AG 0 0 1 2 NA
19344 MGS387.AG 0 0 1 2 NA
19345 MGS389.AG 0 0 2 2 0
19346 MGS390.AG 0 0 2 2 NA
19347 MGS391.AG 0 0 1 2 NA
19348 MGS392.AG 0 0 1 2 2
19349 MGS393.AG 0 0 2 2 2
19350 MGS394.AG 0 0 1 2 0
19351 MGS395.AG 0 0 1 2 NA
19352 MGS396.AG 0 0 1 2 2
19353 MGS398.AG 0 0 2 2 NA
19354 MGS399.AG 0 0 1 2 NA
19355 MGS400.AG 0 0 0 2 NA
19356 MGS401.AG 0 0 1 2 NA
19357 MGS402.AG 0 0 2 2 2
19358 MGS403.AG 0 0 1 2 2
19359 MGS404.AG 0 0 2 2 NA
19360 MGS405.AG 0 0 1 2 NA
19361 MGS406.AG 0 0 2 2 NA
19362 MGS407.AG 0 0 1 2 2
19363 MGS408.AG 0 0 2 2 NA
19364 MGS409.AG 0 0 2 2 NA
19365 MGS410.AG 0 0 1 2 NA
19366 MGS411.AG 0 0 1 2 NA
19367 MGS412.AG 0 0 2 2 NA
19368 MGS413.AG 0 0 2 2 2
19369 MGS414.AG 0 0 1 2 NA
19370 MGS415.AG 0 0 2 2 2
19371 MGS416.AG 0 0 1 2 NA
19372 MGS417.AG 0 0 1 2 NA
19373 MGS418.AG 0 0 1 2 NA
19374 MGS420.AG 0 0 1 2 NA
19375 MGS421.AG 0 0 1 2 2
19376 MGS423.AG 0 0 2 2 0
19377 MGS424.AG 0 0 2 2 0
19378 MGS425.AG 0 0 1 2 NA
19379 MGS426.AG 0 0 1 2 2
19380 MGS427.AG 0 0 1 2 NA
19381 MGS428.AG 0 0 2 2 NA
19382 MGS429.AG 0 0 2 2 NA
19383 MGS431.AG 0 0 0 2 NA
19384 MGS432.AG 0 0 2 2 2
19385 MGS434.AG 0 0 1 2 NA
19386 MGS435.AG 0 0 2 2 NA
19387 MGS436.AG 0 0 2 2 2
19388 MGS437.AG 0 0 2 2 NA
19389 MGS352.AG 0 0 1 2 2
19390 MGS439.AG 0 0 2 2 NA
19391 MGS440.AG 0 0 2 2 NA
19392 MGS441.AG 0 0 0 2 NA
19393 MGS442.AG 0 0 1 2 NA
19394 MGS443.AG 0 0 2 2 NA
19395 MGS444.AG 0 0 1 2 NA
19396 MGS445.AG 0 0 2 2 2
19397 MGS446.AG 0 0 1 2 NA
19398 MGS447.AG 0 0 1 2 2
19399 MGS448.AG 0 0 1 2 NA
19400 MGS449.AG 0 0 1 2 2
19401 MGS450.AG 0 0 1 2 0
19402 MGS451.AG 0 0 1 2 NA
19403 MGS452.AG 0 0 1 2 NA
19404 MGS453.AG 0 0 2 2 0
19405 MGS454.AG 0 0 1 2 NA
19406 MGS456.AG 0 0 2 2 NA
19407 MGS457.AG 0 0 1 2 0
19408 MGS459.AG 0 0 2 2 2
19409 MGS460.AG 0 0 2 2 0
19410 MGS461.AG 0 0 1 2 2
19411 MGS462.AG 0 0 1 2 NA
19412 MGS463.AG 0 0 1 2 2
19413 MGS464.AG 0 0 2 2 NA
19414 MGS465.AG 0 0 2 2 0
19415 MGS466.AG 0 0 1 2 NA
19416 MGS467.AG 0 0 1 2 NA
19417 MGS468.AG 0 0 1 2 NA
19418 MGS469.AG 0 0 0 2 NA
19419 MGS470.AG 0 0 2 2 0
19420 MGS471.AG 0 0 2 2 NA
19421 MGS472.AG 0 0 1 2 NA
19422 MGS473.AG 0 0 2 2 2
19423 MGS474.AG 0 0 2 2 2
19424 MGS475.AG 0 0 0 2 NA
19425 MGS476.AG 0 0 1 2 NA
19426 MGS477.AG 0 0 2 2 NA
19427 MGS478.AG 0 0 1 2 2
19428 MGS480.AG 0 0 1 2 NA
19429 MGS481.AG 0 0 1 2 NA
19430 MGS482.AG 0 0 2 2 2
19431 MGS483.AG 0 0 2 2 2
19432 MGS172.AG 0 0 1 2 2
19433 MGS485.AG 0 0 2 2 NA
19434 MGS486.AG 0 0 1 2 NA
19435 MGS488.AG 0 0 1 2 2
19436 MGS489.AG 0 0 2 2 2
19437 MGS490.AG 0 0 1 2 2
19438 MGS491.AG 0 0 1 2 NA
19439 MLE001.AG 0 0 2 2 2
19440 MLE002.AG 0 0 2 2 0
19441 MLE003.AG 0 0 1 2 2
19442 MLE004.AG 0 0 1 2 2
19443 MLE005.AG 0 0 2 2 0
19444 UKR000.SG 0 0 1 2 NA
19445 UKR001.SG 0 0 0 2 NA
19446 UKR002.SG 0 0 2 2 NA
19447 UKR005_Saag.SG 0 0 2 2 NA
19448 UKR006.SG 0 0 0 2 NA
19449 UKR007.SG 0 0 0 2 NA
19450 UKR008.SG 0 0 0 2 2
19451 UKR012-I.SG 0 0 0 2 2
19452 UKR013.SG 0 0 1 2 2
19453 UKR014.SG 0 0 0 2 NA
19454 UKR016.SG 0 0 0 2 2
19455 UKR017.SG 0 0 1 2 2
19456 UKR018-I.SG 0 0 0 2 0
19457 UKR020.SG 0 0 1 2 2
19458 UKR021-I.SG 0 0 2 2 NA
19459 UKR022.SG 0 0 2 2 NA
19460 UKR024.SG 0 0 0 2 2
19461 UKR027.SG 0 0 0 2 2
19462 UKR028-I.SG 0 0 2 2 NA
19463 UKR035AB.SG 0 0 0 2 NA
19464 UKR036.SG 0 0 0 2 2
19465 UKR039.SG 0 0 0 2 NA
19466 UKR042.SG 0 0 2 2 NA
19467 UKR043-I.SG 0 0 0 2 NA
19468 UKR044.SG 0 0 0 2 NA
19469 UKR045.SG 0 0 2 2 NA
19470 UKR047.SG 0 0 2 2 NA
19471 UKR049.SG 0 0 2 2 NA
19472 UKR051.SG 0 0 0 2 NA
19473 UKR052.SG 0 0 0 2 NA
19474 UKR053.SG 0 0 0 2 NA
19475 UKR055-I.SG 0 0 0 2 NA
19476 UKR056.SG 0 0 0 2 2
19477 UKR063.SG 0 0 0 2 NA
19478 UKR066.SG 0 0 1 2 2
19479 UKR068.SG 0 0 1 2 0
19480 UKR069.SG 0 0 1 2 NA
19481 UKR070.SG 0 0 0 2 NA
19482 UKR074-I.SG 0 0 0 2 2
19483 UKR078.SG 0 0 0 2 2
19484 UKR083.SG 0 0 0 2 2
19485 UKR087_Saag.SG 0 0 2 2 2
19486 UKR088.SG 0 0 2 2 2
19487 UKR089.SG 0 0 0 2 NA
19488 UKR090-I.SG 0 0 0 2 NA
19489 UKR091.SG 0 0 1 2 NA
19490 UKR095.SG 0 0 0 2 2
19491 UKR096.SG 0 0 0 2 NA
19492 UKR101-I.SG 0 0 2 2 2
19493 UKR102-I.SG 0 0 1 2 0
19494 UKR104-I.SG 0 0 1 2 NA
19495 UKR105.SG 0 0 0 2 NA
19496 UKR109.SG 0 0 1 2 NA
19497 UKR110.SG 0 0 1 2 2
19498 UKR111_Saag.SG 0 0 1 2 NA
19499 UKR113_Saag.SG 0 0 1 2 0
19500 UKR114.SG 0 0 0 2 NA
19501 UKR116_Saag.SG 0 0 1 2 2
19502 UKR121.SG 0 0 2 2 NA
19503 UKR122-I.SG 0 0 0 2 NA
19504 UKR123-I.SG 0 0 0 2 NA
19505 UKR125_Saag.SG 0 0 0 2 NA
19506 UKR126.SG 0 0 0 2 NA
19507 UKR128.SG 0 0 0 2 NA
19508 UKR129.SG 0 0 0 2 NA
19509 UKR131.SG 0 0 0 2 NA
19510 UKR132.SG 0 0 0 2 NA
19511 UKR133.SG 0 0 0 2 2
19512 UKR134.SG 0 0 2 2 2
19513 UKR135-I.SG 0 0 1 2 NA
19514 UKR136.SG 0 0 1 2 NA
19515 UKR137.SG 0 0 1 2 NA
19516 UKR138-I.SG 0 0 1 2 NA
19517 UKR139.SG 0 0 2 2 NA
19518 UKR143.SG 0 0 2 2 2
19519 UKR144-I.SG 0 0 2 2 NA
19520 UKR147_Saag.SG 0 0 1 2 NA
19521 UKR149_Saag.SG 0 0 2 2 0
19522 UKR150.SG 0 0 1 2 NA
19523 UKR152.SG 0 0 0 2 NA
19524 UKR153.SG 0 0 0 2 2
19525 UKR153_d.SG 0 0 0 2 NA
19526 UKR160_Saag.SG 0 0 2 2 NA
19527 UKR164.SG 0 0 2 2 0
19528 UKR165.SG 0 0 2 2 NA
19529 UKR166.SG 0 0 0 2 2
19530 UKR167.SG 0 0 1 2 2
19531 UKR168.SG 0 0 0 2 0
19532 UKR169.SG 0 0 0 2 NA
19533 UKR170.SG 0 0 0 2 NA
19534 UKR171.SG 0 0 1 2 NA
19535 UKR174-I.SG 0 0 0 2 NA
19536 LTH01.SG 0 0 2 2 2
19537 MDN01.SG 0 0 2 2 0
19538 WBK01.SG 0 0 2 2 2
19539 WBK02.SG 0 0 1 2 2
19540 WBK03.SG 0 0 1 2 0
19541 WBK04.SG 0 0 2 2 NA
19542 WBK05.SG 0 0 1 2 0
19543 WBK06.SG 0 0 1 2 NA
19544 WBK07.SG 0 0 1 2 2
19545 WBK08.SG 0 0 1 2 2
19546 WBK09.SG 0 0 2 2 2
19547 WBK101.SG 0 0 2 2 0
19548 WBK103.SG 0 0 1 2 2
19549 WBK104.SG 0 0 1 2 NA
19550 WBK105.SG 0 0 1 2 2
19551 WBK106.SG 0 0 1 2 2
19552 WBK107.SG 0 0 1 2 NA
19553 WBK108.SG 0 0 2 2 NA
19554 WBK10.SG 0 0 1 2 NA
19555 WBK11.SG 0 0 2 2 NA
19556 WBK12.SG 0 0 1 2 NA
19557 WBK13.SG 0 0 1 2 2
19558 WBK14.SG 0 0 2 2 0
19559 WBK15.SG 0 0 2 2 0
19560 WBK16.SG 0 0 2 2 2
19561 WBK17.SG 0 0 1 2 NA
19562 WBK18.SG 0 0 1 2 0
19563 WBK191.SG 0 0 1 2 NA
19564 WBK192.SG 0 0 1 2 NA
19565 WBK193.SG 0 0 1 2 NA
19566 WBK194.SG 0 0 2 2 NA
19567 WBK195.SG 0 0 1 2 NA
19568 WBK196.SG 0 0 2 2 NA
19569 WBK19.SG 0 0 2 2 NA
19570 WBK20.SG 0 0 1 2 0
19571 WBK21.SG 0 0 2 2 0
19572 WBK22.SG 0 0 2 2 0
19573 WBK23.SG 0 0 1 2 2
19574 WBK24.SG 0 0 1 2 NA
19575 WBK25.SG 0 0 2 2 2
19576 WBK26.SG 0 0 2 2 2
19577 WBK27.SG 0 0 1 2 NA
19578 WBK28.SG 0 0 2 2 NA
19579 WBK29.SG 0 0 1 2 NA
19580 WBK30.SG 0 0 1 2 NA
19581 WBK31.SG 0 0 2 2 NA
19582 WBK32.SG 0 0 1 2 NA
19583 WBK33.SG 0 0 1 2 0
19584 WBK34.SG 0 0 2 2 NA
19585 WBK35.SG 0 0 2 2 NA
19586 WBK36.SG 0 0 1 2 0
19587 WBK39.SG 0 0 1 2 NA
19588 WBK40.SG 0 0 2 2 NA
19589 WBK41.SG 0 0 1 2 NA
19590 WBK42.SG 0 0 2 2 0
19591 WBK43.SG 0 0 1 2 0
19592 SWA002.AG 0 0 0 2 NA
19593 SWA004.AG 0 0 0 2 NA
19594 BLR001.AG 0 0 0 2 2
19595 SPI001.AG 0 0 0 2 NA
19596 XFLDM114.SG 0 0 2 2 2
19597 XFLDM764.SG 0 0 1 2 2
19598 XFLD438.SG 0 0 1 2 NA
19599 XFLDM850.SG 0 0 1 2 NA
19600 XFLDM19.SG 0 0 1 2 NA
19601 XFLDM635.SG 0 0 2 2 NA
19602 XFLDM682.SG 0 0 2 2 NA
19603 RNI004.AG 0 0 0 2 NA
19604 RNI006.AG 0 0 0 2 NA
19605 RNI010.AG 0 0 0 2 NA
19606 RNI084.AG 0 0 0 2 NA
19607 RNI085.AG 0 0 0 2 NA
19608 RNI087.AG 0 0 0 2 NA
19609 RNI013.SG 0 0 0 2 2
19610 ZKU002.SG 0 0 0 2 2
19611 BAL003_Flink.SG 0 0 2 2 2
19612 LUN004.SG 0 0 1 2 0
19613 salkhit1.AG.BY.AA 0 0 2 2 2
19614 ALA014.AG 0 0 1 2 2
19615 JK2714.AG 0 0 1 2 2
19616 I19260.AG 0 0 2 2 2
19617 EHU002.AG 0 0 1 2 2
19618 ASZK-1.SG 0 0 1 2 NA
19619 SOU001_merge.AG 0 0 2 2 2
19620 ARM001.AG 0 0 2 2 2
19621 BR1.SG.AG 0 0 2 2 2
19622 BR1.AG 0 0 2 2 2
19623 BUL001.AG 0 0 1 2 2
19624 SIJ003.AG 0 0 2 2 2
19625 SA6002.AG 0 0 2 2 2
19626 YAG001.AG 0 0 1 2 2
19627 KUR001.AG 0 0 2 2 2
19628 NE6.SG.AG 0 0 1 2 2
19629 NE6.AG 0 0 1 2 2
19630 NE7.SG.AG 0 0 1 2 2
19631 NE7.AG 0 0 1 2 2
19632 Latvia_HG3.SG.AG.TW 0 0 1 2 2
19633 C785.AG.SG 0 0 1 2 2
19634 I2312.AG 0 0 0 2 2
19635 I2312_d.AG 0 0 1 2 NA
19636 fra001_France.SG 0 0 2 2 0
19637 LEO024.AG 0 0 1 2 NA
19638 LEO028.AG 0 0 2 2 NA
19639 LEO032.AG 0 0 2 2 NA
19640 LEO076.AG 0 0 2 2 NA
19641 LEO130_alt.AG 0 0 2 2 0
19642 MGS005.AG 0 0 1 2 2
19643 MGS045.AG 0 0 1 2 NA
19644 MGS056.AG 0 0 1 2 NA
19645 MGS063.AG 0 0 1 2 NA
19646 MGS072_alt.AG 0 0 2 2 NA
19647 BRE017.AG 0 0 0 2 0
19648 BRE018.AG 0 0 0 2 2
19649 BRE019.AG 0 0 0 2 NA
19650 BRE020.AG 0 0 0 2 2
19651 BRE021.AG 0 0 0 2 NA
19652 BRE022.AG 0 0 0 2 2
19653 BRE023.AG 0 0 0 2 NA
19654 BRE024.AG 0 0 0 2 2
19655 BRE025.AG 0 0 0 2 2
19656 BRE026.AG 0 0 0 2 2
19657 BRE030.AG 0 0 0 2 2
19658 BRE031.AG 0 0 0 2 NA
19659 HDB001.AG 0 0 0 2 NA
19660 HNF016.AG 0 0 0 2 2
19661 HNF019.AG 0 0 0 2 NA
19662 HNF052.AG 0 0 0 2 0
19663 HNF054.AG 0 0 0 2 0
19664 HNF075.AG 0 0 0 2 2
19665 NEP1.SG 0 0 0 2 NA
19666 NEP2.SG 0 0 0 2 NA
19667 PTL002.AG 0 0 0 2 0
19668 PTL003.AG 0 0 0 2 0
19669 PTL004.AG 0 0 0 2 2
19670 PTL013.AG 0 0 0 2 2
19671 TGB005.AG 0 0 0 2 2
19672 TGB013.AG 0 0 0 2 NA
19673 TGB023.AG 0 0 0 2 0
19674 TGH010.AG 0 0 0 2 NA
19675 TGH012.AG 0 0 0 2 0
19676 TGH015.AG 0 0 0 2 2
19677 TGH016.AG 0 0 0 2 0
19678 TGH019.AG 0 0 0 2 0
19679 TGH028.AG 0 0 0 2 2
19680 TGH058.AG 0 0 0 2 2
19681 TGH068.AG 0 0 0 2 2
19682 OAK003.AG 0 0 1 2 2
19683 OAK004.AG 0 0 0 2 NA
19684 OAK006.AG 0 0 2 2 NA
19685 OAK007.AG 0 0 2 2 2
19686 OAK008.AG 0 0 2 2 NA
19687 OAK009.AG 0 0 0 2 NA
19688 OAK010.AG 0 0 2 2 NA
19689 OAK011.AG 0 0 0 2 NA
19690 OAK012.AG 0 0 1 2 2
19691 OAK013.AG 0 0 1 2 2
19692 OAK014.AG 0 0 1 2 NA
19693 OAK015.AG 0 0 0 2 NA
19694 ldo037.SG 0 0 1 2 0
19695 ldo038.SG 0 0 2 2 2
19696 ldo039.SG 0 0 1 2 2
19697 ldo040.SG 0 0 1 2 2
19698 ldo041.SG 0 0 1 2 NA
19699 ldo042.SG 0 0 1 2 NA
19700 ldo043.SG 0 0 1 2 0
19701 ldo044.SG 0 0 2 2 0
19702 ldo045.SG 0 0 2 2 NA
19703 ldo048.SG 0 0 1 2 2
19704 ldo049.SG 0 0 1 2 NA
19705 ldo050.SG 0 0 1 2 2
19706 ldo052.SG 0 0 1 2 NA
19707 ldo054.SG 0 0 2 2 2
19708 ldo055.SG 0 0 1 2 2
19709 ldo057.SG 0 0 1 2 NA
19710 ldo058.SG 0 0 1 2 NA
19711 ldo059.SG 0 0 2 2 2
19712 ldo060.SG 0 0 1 2 2
19713 ldo061.SG 0 0 1 2 NA
19714 ldo062.SG 0 0 1 2 2
19715 ldo066.SG 0 0 1 2 0
19716 ldo160.SG 0 0 1 2 NA
19717 ldo242.SG 0 0 1 2 NA
19718 ldo249.SG 0 0 2 2 NA
19719 ldo252.SG 0 0 2 2 NA
19720 ldo254.SG 0 0 2 2 0
19721 ldo257.SG 0 0 2 2 NA
19722 ldo263.SG 0 0 1 2 2
19723 ldo264.SG 0 0 2 2 0
19724 H6.TW 0 0 1 2 2
19725 M13_WD.TW 0 0 1 2 NA
19726 M16.TW 0 0 2 2 NA
19727 G11-1.TW 0 0 2 2 2
19728 M1.TW 0 0 2 2 2
19729 M32-1.TW 0 0 2 2 NA
19730 M8_WD.TW 0 0 2 2 2
19731 M21.TW 0 0 1 2 2
19732 M63_WCG.TW 0 0 1 2 2
19733 M67-1.TW 0 0 2 2 NA
19734 M10.TW 0 0 1 2 2
19735 M31.TW 0 0 1 2 NA
19736 M5.TW 0 0 2 2 2
19737 M63_DG.TW 0 0 2 2 2
19738 M67.TW 0 0 2 2 NA
19739 M77.TW 0 0 1 2 2
19740 M8_DG.TW 0 0 2 2 2
19741 M110.TW 0 0 1 2 2
19742 M53.TW 0 0 2 2 2
19743 M61-11.TW 0 0 2 2 NA
19744 M13_DG.TW 0 0 2 2 NA
19745 M3.TW 0 0 2 2 2
19746 H393-2.TW 0 0 1 2 NA
19747 M24_Wd.TW 0 0 1 2 NA
19748 M31_Yz.TW 0 0 2 2 2
19749 M91_Yz.TW 0 0 2 2 2
19750 M77_wcg.TW 0 0 1 2 NA
19751 M79_wcg.TW 0 0 1 2 2
19752 M21_Wd.TW 0 0 1 2 2
19753 M71_wcg.TW 0 0 2 2 NA
19754 M64XR_merge.TW 0 0 2 2 2
19755 DCP1.AA 0 0 2 2 NA
19756 Khwit.SG 0 0 1 2 2
19757 Zana.SG 0 0 2 2 2
19758 I11659.AG 0 0 0 2 NA
19759 I11661.AG 0 0 0 2 NA
19760 I11664.AG 0 0 0 2 NA
19761 I11665_alt.AG 0 0 0 2 2
19762 I11669.AG 0 0 0 2 2
19763 I11670.AG 0 0 0 2 0
19764 I11674_alt.AG 0 0 0 2 2
19765 I11675.AG 0 0 0 2 2
19766 I11676.AG 0 0 0 2 2
19767 I11680.AG 0 0 0 2 2
19768 I11682.AG 0 0 0 2 2
19769 I11695.AG 0 0 0 2 2
19770 EphesosOctagonI.SG 0 0 1 2 NA
19771 EV15A.SG 0 0 0 2 NA
19772 EV15B.SG 0 0 0 2 NA
19773 EV16A.SG 0 0 0 2 NA
19774 EV16C.SG 0 0 0 2 NA
19775 EV16D1.SG 0 0 0 2 2
19776 EV16D2.SG 0 0 0 2 NA
19777 EV18.SG 0 0 0 2 NA
19778 EV19.SG 0 0 0 2 NA
19779 EV7A.SG 0 0 0 2 NA
19780 PF10.SG 0 0 0 2 NA
19781 PF11.SG 0 0 0 2 NA
19782 PF16.SG 0 0 0 2 NA
19783 PF17.SG 0 0 0 2 NA
19784 PF19.SG 0 0 0 2 NA
19785 PF1.SG 0 0 0 2 NA
19786 PF20.SG 0 0 0 2 NA
19787 PF24.SG 0 0 0 2 NA
19788 PF26.SG 0 0 0 2 NA
19789 PF28.SG 0 0 0 2 NA
19790 PF32.SG 0 0 0 2 NA
19791 PF36.SG 0 0 0 2 NA
19792 PF5.SG 0 0 0 2 NA
19793 PF7.SG 0 0 0 2 NA
19794 PF9.SG 0 0 0 2 NA
19795 PN101.SG 0 0 0 2 NA
19796 PN103.SG 0 0 0 2 NA
19797 PN105.SG 0 0 0 2 2
19798 PN107_Italy.SG 0 0 0 2 NA
19799 PN10.SG 0 0 0 2 NA
19800 PN125.SG 0 0 0 2 NA
19801 PN127.SG 0 0 0 2 NA
19802 PN128.SG 0 0 0 2 NA
19803 PN135.SG 0 0 0 2 2
19804 PN138.SG 0 0 0 2 2
19805 PN13_Italy.SG 0 0 0 2 NA
19806 PN141.SG 0 0 0 2 2
19807 PN145.SG 0 0 0 2 NA
19808 PN146.SG 0 0 0 2 NA
19809 PN155A.SG 0 0 0 2 NA
19810 PN155B.SG 0 0 0 2 NA
19811 PN157.SG 0 0 0 2 NA
19812 PN158.SG 0 0 0 2 NA
19813 PN162.SG 0 0 0 2 NA
19814 PN168.SG 0 0 0 2 NA
19815 PN171A.SG 0 0 0 2 NA
19816 PN172.SG 0 0 0 2 2
19817 PN174.SG 0 0 0 2 NA
19818 PN176.SG 0 0 0 2 NA
19819 PN177.SG 0 0 0 2 NA
19820 PN179.SG 0 0 0 2 NA
19821 PN180.SG 0 0 0 2 NA
19822 PN183.SG 0 0 0 2 NA
19823 PN20.SG 0 0 0 2 NA
19824 PN22.SG 0 0 0 2 NA
19825 PN24.SG 0 0 0 2 NA
19826 PN29.SG 0 0 0 2 NA
19827 PN35.SG 0 0 0 2 2
19828 PN3.SG 0 0 0 2 NA
19829 PN41.SG 0 0 0 2 NA
19830 PN42.SG 0 0 0 2 2
19831 PN43.SG 0 0 0 2 NA
19832 PN44.SG 0 0 0 2 NA
19833 PN45.SG 0 0 0 2 NA
19834 PN46.SG 0 0 0 2 NA
19835 PN47.SG 0 0 0 2 NA
19836 PN50.SG 0 0 0 2 2
19837 PN51.SG 0 0 0 2 NA
19838 PN52.SG 0 0 0 2 NA
19839 PN54.SG 0 0 0 2 NA
19840 PN55.SG 0 0 0 2 NA
19841 PN56.SG 0 0 0 2 NA
19842 PN57.SG 0 0 0 2 NA
19843 PN62.SG 0 0 0 2 NA
19844 PN6.SG 0 0 0 2 NA
19845 PN78.SG 0 0 0 2 NA
19846 PN79.SG 0 0 0 2 2
19847 PN85.SG 0 0 0 2 NA
19848 PN87.SG 0 0 0 2 NA
19849 PN90.SG 0 0 0 2 NA
19850 PN91.SG 0 0 0 2 2
19851 PN92.SG 0 0 0 2 NA
19852 PNU17.SG 0 0 0 2 NA
19853 PNU76.SG 0 0 0 2 NA
19854 PSD1.SG 0 0 0 2 NA
19855 PSD2.SG 0 0 0 2 NA
19856 PSD4.SG 0 0 0 2 NA
19857 PSD5.SG 0 0 0 2 NA
19858 PSD6.SG 0 0 0 2 NA
19859 BRE445A.SG 0 0 0 2 2
19860 BRE445B.SG 0 0 0 2 NA
19861 BRE445C.SG 0 0 0 2 NA
19862 BRE445D.SG 0 0 0 2 2
19863 BRE445E.SG 0 0 0 2 2
19864 BRE445FK.SG 0 0 0 2 2
19865 BRE445HI.SG 0 0 0 2 2
19866 SMGB54.SG 0 0 0 2 2
19867 EMUI001.AG 0 0 2 2 2
19868 EMUI002.AG 0 0 1 2 2
19869 FORM001.AG 0 0 1 2 2
19870 FORM002.AG 0 0 1 2 2
19871 FORM003.AG 0 0 2 2 2
19872 FORM004.AG 0 0 2 2 2
19873 FORM005.AG 0 0 2 2 2
19874 FORM006.AG 0 0 2 2 2
19875 FORM007.AG 0 0 1 2 2
19876 FORM008.AG 0 0 2 2 NA
19877 FORM009.AG 0 0 2 2 2
19878 GUAN001.AG 0 0 2 2 2
19879 GUAN002.AG 0 0 1 2 2
19880 MUIS001.AG 0 0 1 2 2
19881 PREC001.AG 0 0 1 2 2
19882 PREC002.AG 0 0 1 2 2
19883 PREC003.AG 0 0 1 2 2
19884 PREC004.AG 0 0 2 2 NA
19885 PREC005.AG 0 0 1 2 2
19886 PREC006.AG 0 0 1 2 NA
19887 PREC007.AG 0 0 2 2 2
19888 ZH1540.SG 0 0 2 2 NA
19889 BQ4579.AG 0 0 0 2 2
19890 BQ4580.AG 0 0 0 2 2
19891 BQ4582.AG 0 0 0 2 2
19892 BQ4583.AG 0 0 0 2 2
19893 BQ4584.AG 0 0 0 2 2
19894 BQ4585.AG 0 0 0 2 2
19895 BQ4586.AG 0 0 0 2 2
19896 BQ4587.AG 0 0 0 2 2
19897 BQ4588.AG 0 0 0 2 2
19898 BQ4589.AG 0 0 0 2 2
19899 BQ4609.AG 0 0 0 2 2
19900 BQ4610.AG 0 0 0 2 2
19901 BQ4612.AG 0 0 0 2 2
19902 BQ4613.AG 0 0 0 2 2
19903 BQ4614.AG 0 0 0 2 2
19904 BQ4615.AG 0 0 0 2 2
19905 BQ4618.AG 0 0 0 2 2
19906 BQ4619.AG 0 0 0 2 2
19907 BQ4620.AG 0 0 0 2 2
19908 BQ4621.AG 0 0 0 2 2
19909 BQ4622.AG 0 0 0 2 NA
19910 BQ4623.AG 0 0 0 2 2
19911 BQ4624.AG 0 0 0 2 2
19912 BQ4626.AG 0 0 0 2 2
19913 BQ4627.AG 0 0 0 2 2
19914 BQ4648.AG 0 0 0 2 2
19915 BQ4649.AG 0 0 0 2 2
19916 CZY4652.AG 0 0 0 2 2
19917 CZY4653.AG 0 0 0 2 2
19918 CZY4654.AG 0 0 0 2 2
19919 CZY4656.AG 0 0 0 2 2
19920 CZY4657.AG 0 0 0 2 2
19921 FJ4777.AG 0 0 0 2 NA
19922 FJ4778.AG 0 0 0 2 NA
19923 FJ4779.AG 0 0 0 2 NA
19924 GS1689.AG 0 0 0 2 2
19925 GS1691.AG 0 0 0 2 NA
19926 GS1693.AG 0 0 0 2 NA
19927 HL4785.AG 0 0 0 2 2
19928 HL4786.AG 0 0 0 2 2
19929 HL4788.AG 0 0 0 2 NA
19930 LJZ4592.AG 0 0 0 2 2
19931 LJZ4593.AG 0 0 0 2 2
19932 LJZ4594.AG 0 0 0 2 2
19933 LJZ4595.AG 0 0 0 2 2
19934 LJZ4596.AG 0 0 0 2 2
19935 LJZ4597.AG 0 0 0 2 2
19936 LJZ4598.AG 0 0 0 2 2
19937 LJZ4599.AG 0 0 0 2 2
19938 LJZ4600.AG 0 0 0 2 2
19939 LJZ4601.AG 0 0 0 2 2
19940 LJZ4602.AG 0 0 0 2 2
19941 LJZ4605.AG 0 0 0 2 2
19942 LJZ4606.AG 0 0 0 2 2
19943 LJZ4607.AG 0 0 0 2 2
19944 LJZ4608.AG 0 0 0 2 2
19945 TL4770.AG 0 0 0 2 NA
19946 TL4772.AG 0 0 0 2 2
19947 TL4774.AG 0 0 0 2 NA
19948 TL4775.AG 0 0 0 2 2
19949 TL4776.AG 0 0 0 2 2
19950 TL5192.AG 0 0 0 2 2
19951 TL5193.AG 0 0 0 2 2
19952 XC1711.AG 0 0 0 2 2
19953 XC1715.AG 0 0 0 2 2
19954 XJS4345.AG 0 0 0 2 NA
19955 XJS4353.AG 0 0 0 2 NA
19956 XJS4354.AG 0 0 0 2 NA
19957 XZ3467.AG 0 0 0 2 2
19958 XZ3468.AG 0 0 0 2 2
19959 XZ3469.AG 0 0 0 2 2
19960 XZ3471.AG 0 0 0 2 2
19961 XZ5197.AG 0 0 0 2 2
19962 YJC4338.AG 0 0 0 2 NA
19963 YJC4339.AG 0 0 0 2 2
19964 YJC4340.AG 0 0 0 2 NA
19965 YJC4341.AG 0 0 0 2 2
19966 YJC4659.AG 0 0 0 2 2
19967 YX4790_d.AG 0 0 0 2 NA
19968 YX4793.AG 0 0 0 2 2
19969 YX5194.AG 0 0 0 2 NA
19970 YX5196.AG 0 0 0 2 2
19971 BOO001.SG 0 0 0 2 2
19972 BOO003.SG 0 0 0 2 2
19973 BOO004.SG 0 0 0 2 2
19974 BOO005.SG 0 0 0 2 2
19975 BOO006.SG 0 0 0 2 2
19976 BOO008.AG 0 0 0 2 2
19977 BOO009.AG 0 0 0 2 2
19978 ROT002.AG 0 0 0 2 2
19979 ROT003.AG 0 0 0 2 NA
19980 ROT004.AG 0 0 0 2 NA
19981 ROT006.AG 0 0 0 2 NA
19982 ROT011.AG 0 0 0 2 NA
19983 ROT013.AG 0 0 0 2 NA
19984 ROT015.AG 0 0 0 2 NA
19985 ROT016.AG 0 0 0 2 2
19986 ROT017.AG 0 0 0 2 2
19987 KOS001.SG 0 0 2 2 NA
19988 KOS002.SG 0 0 1 2 NA
19989 KOS003.SG 0 0 2 2 NA
19990 KOS005.SG 0 0 1 2 NA
19991 KOS006.SG 0 0 1 2 2
19992 KOS007.SG 0 0 1 2 NA
19993 KOS008C.SG 0 0 2 2 0
19994 KOS009.SG 0 0 1 2 2
19995 KOS010.SG 0 0 1 2 NA
19996 KOS011.SG 0 0 1 2 2
19997 KOS012.SG 0 0 1 2 2
19998 KOS013.SG 0 0 2 2 NA
19999 KOS015.SG 0 0 1 2 2
20000 KOS016.SG 0 0 1 2 NA
20001 KOS017.SG 0 0 1 2 NA
20002 KOS018.SG 0 0 1 2 NA
20003 KOS022.SG 0 0 1 2 0
20004 KOS024.SG 0 0 1 2 0
20005 KOS026.SG 0 0 1 2 NA
20006 KOS028.SG 0 0 1 2 0
20007 KOS032.SG 0 0 1 2 2
20008 KOS033.SG 0 0 0 2 NA
20009 KOS034.SG 0 0 2 2 0
20010 KOS035A.SG 0 0 2 2 NA
20011 KOS036.SG 0 0 0 2 2
20012 KOS038.SG 0 0 0 2 NA
20013 KOS039.SG 0 0 0 2 NA
20014 OLV021.SG 0 0 0 2 NA
20015 OLV038.SG 0 0 0 2 NA
20016 OLV050.SG 0 0 0 2 2
20017 OLV051.SG 0 0 0 2 0
20018 OLV054.SG 0 0 0 2 NA
20019 OLV055.SG 0 0 0 2 0
20020 OLV056.SG 0 0 0 2 2
20021 OLV058.SG 0 0 0 2 2
20022 OLV065.SG 0 0 0 2 NA
20023 OLV067.SG 0 0 0 2 2
20024 OLV071.SG 0 0 0 2 NA
20025 OLV072.SG 0 0 0 2 NA
20026 WPK001A.SG 0 0 0 2 NA
20027 WPK002.SG 0 0 0 2 0
20028 WPK003.SG 0 0 0 2 2
20029 WPK004.SG 0 0 0 2 0
20030 WPK005.SG 0 0 0 2 0
20031 WPK006.SG 0 0 0 2 2
20032 GBSL1.AG 0 0 1 2 2
20033 GBSL2.AG 0 0 1 2 2
20034 GBSL3.AG 0 0 1 2 2
20035 GBSL5.AG 0 0 1 2 NA
20036 GBSL6.AG 0 0 1 2 2
20037 GBSL7_alt1.AG 0 0 1 2 2
20038 GBSL8.AG 0 0 2 2 2
20039 GBSL9.AG 0 0 1 2 NA
20040 GBSL7_alt4.AG 0 0 1 2 NA
20041 GBSL11_alt1.AG 0 0 2 2 2
20042 GBSL12.AG 0 0 1 2 2
20043 GBSL13_alt2.AG 0 0 2 2 2
20044 GBSL13_alt1.AG 0 0 2 2 2
20045 GBSL11_alt2.AG 0 0 2 2 2
20046 GBSL7_alt2.AG 0 0 1 2 2
20047 GBSL7_alt3.AG 0 0 1 2 NA
20048 GBSL18.AG 0 0 1 2 2
20049 GBSL13_alt3.AG 0 0 2 2 2
20050 Guge.AG 0 0 2 2 2
20051 Laga.AG 0 0 1 2 2
20052 PLDW1.AG 0 0 1 2 2
20053 PLDW9.AG 0 0 2 2 2
20054 PLDW10.AG 0 0 1 2 2
20055 QLSZ2.AG 0 0 1 2 2
20056 QLSZ3.AG 0 0 1 2 2
20057 QLSZ7.AG 0 0 1 2 2
20058 QLSZ8.AG 0 0 1 2 2
20059 QLSZ9.AG 0 0 1 2 2
20060 QLSZ12.AG 0 0 1 2 2
20061 QLSZ13.AG 0 0 2 2 2
20062 SDLG3.AG 0 0 1 2 NA
20063 SDLG5.AG 0 0 2 2 2
20064 SDLG6.AG 0 0 1 2 2
20065 SDLG7.AG 0 0 1 2 2
20066 SDLG8.AG 0 0 2 2 2
20067 SDLG9.AG 0 0 1 2 NA
20068 SDLG10.AG 0 0 2 2 NA
20069 SDLG11.AG 0 0 2 2 NA
20070 SDLG12.AG 0 0 2 2 2
20071 SDLG13.AG 0 0 2 2 2
20072 SDLG14.AG 0 0 1 2 2
20073 SDLG15.AG 0 0 1 2 2
20074 SDLG16.AG 0 0 1 2 2
20075 SDLG17.AG 0 0 2 2 2
20076 SDLG18.AG 0 0 1 2 2
20077 IRN02.TW.SG 0 0 2 2 NA
20078 IRN22.TW.SG 0 0 2 2 2
20079 IRN23.TW 0 0 1 2 NA
20080 IRN24.TW 0 0 1 2 2
20081 IRN25.TW 0 0 1 2 NA
20082 IRN26.SG 0 0 1 2 NA
20083 IRN28.SG 0 0 1 2 NA
20084 IRN31.SG 0 0 1 2 2
20085 IRN34.TW 0 0 1 2 NA
20086 IRN57.SG 0 0 2 2 NA
20087 IRN61.TW 0 0 1 2 NA
20088 IRN65.TW 0 0 1 2 NA
20089 IRN68.TW 0 0 1 2 NA
20090 IRN69.SG 0 0 1 2 NA
20091 IRN77.SG 0 0 1 2 NA
20092 IRN85.TW.SG 0 0 2 2 2
20093 Choskar_A.SG 0 0 2 2 NA
20094 Choskar_B.SG 0 0 2 2 NA
20095 Kanam.SG 0 0 1 2 NA
20096 Kibber.SG 0 0 1 2 NA
20097 Lippa2.SG 0 0 1 2 NA
20098 Sanglung.SG 0 0 1 2 2
20099 Suila.SG 0 0 2 2 2
20100 Tashigang.SG 0 0 2 2 2
20101 KBS31.SG 0 0 1 2 NA
20102 BK9.SG 0 0 1 2 NA
20103 BK10.SG 0 0 1 2 NA
20104 BK11.SG 0 0 2 2 NA
20105 GEN91.SG 0 0 2 2 NA
20106 GEN92.SG 0 0 1 2 NA
20107 GEN93.SG 0 0 1 2 2
20108 GEN94.SG 0 0 1 2 NA
20109 GEN95.SG 0 0 1 2 NA
20110 GEN96.SG 0 0 1 2 NA
20111 BK1.SG 0 0 1 2 NA
20112 GEN97.SG 0 0 1 2 NA
20113 GEN98.SG 0 0 2 2 NA
20114 BK2.SG 0 0 1 2 NA
20115 BK12.SG 0 0 1 2 NA
20116 BK3.SG 0 0 1 2 NA
20117 BK4.SG 0 0 1 2 NA
20118 BK5.SG 0 0 1 2 NA
20119 BK6.SG 0 0 2 2 NA
20120 BK7.SG 0 0 1 2 2
20121 BK8.SG 0 0 1 2 NA
20122 NUE001.SG 0 0 1 2 NA
20123 flo001.SG 0 0 2 2 2
20124 flo003.SG 0 0 2 2 2
20125 flo011.SG 0 0 2 2 2
20126 flo014.SG 0 0 1 2 2
20127 flo018.SG 0 0 1 2 2
20128 flo023.SG 0 0 2 2 2
20129 CGG_2_011889.SG 0 0 2 2 0
20130 CGG_2_015491.SG 0 0 1 2 NA
20131 CGG_2_016034.SG 0 0 1 2 2
20132 CGG_2_017609.SG 0 0 1 2 0
20133 CGG_2_017610.SG 0 0 1 2 NA
20134 CGG_2_017649.SG 0 0 1 2 NA
20135 CGG_2_017681.SG 0 0 2 2 0
20136 CGG_2_017682.SG 0 0 1 2 2
20137 CGG_2_017683.SG 0 0 1 2 NA
20138 CGG_2_017685.SG 0 0 1 2 NA
20139 CGG_2_017687.SG 0 0 2 2 2
20140 CGG_2_017688.SG 0 0 2 2 0
20141 CGG_2_017690.SG 0 0 1 2 2
20142 CGG_2_017691.SG 0 0 1 2 2
20143 CGG_2_017692.SG 0 0 2 2 NA
20144 CGG_2_017694.SG 0 0 1 2 0
20145 CGG_2_018087.SG 0 0 2 2 NA
20146 CGG_2_018558.SG 0 0 1 2 NA
20147 CGG_2_018559.SG 0 0 1 2 2
20148 CGG_2_018914.SG 0 0 2 2 NA
20149 CGG_2_018915.SG 0 0 1 2 NA
20150 CGG_2_018916.SG 0 0 2 2 2
20151 CGG_2_018917.SG 0 0 2 2 2
20152 CGG_2_018918.SG 0 0 2 2 NA
20153 CGG_2_018920.SG 0 0 1 2 NA
20154 CGG_2_018923.SG 0 0 1 2 2
20155 CGG_2_018924.SG 0 0 2 2 2
20156 CGG_2_018926.SG 0 0 2 2 2
20157 CGG_2_018927.SG 0 0 2 2 2
20158 CGG_2_019088.SG 0 0 2 2 0
20159 CGG_2_019090.SG 0 0 1 2 NA
20160 CGG_2_019091.SG 0 0 1 2 0
20161 CGG_2_019200.SG 0 0 1 2 0
20162 CGG_2_019201.SG 0 0 1 2 0
20163 CGG_2_019202.SG 0 0 1 2 NA
20164 CGG_2_019203.SG 0 0 1 2 0
20165 CGG_2_019204.SG 0 0 1 2 0
20166 CGG_2_019205.SG 0 0 1 2 2
20167 CGG_2_019206.SG 0 0 1 2 0
20168 CGG_2_019208.SG 0 0 1 2 NA
20169 CGG_2_019209.SG 0 0 1 2 2
20170 CGG_2_019210.SG 0 0 1 2 2
20171 CGG_2_019211.SG 0 0 1 2 0
20172 CGG_2_019212.SG 0 0 1 2 NA
20173 CGG_2_019213.SG 0 0 2 2 2
20174 CGG_2_019214.SG 0 0 1 2 0
20175 CGG_2_019215.SG 0 0 1 2 NA
20176 CGG_2_019216.SG 0 0 1 2 NA
20177 CGG_2_019338.SG 0 0 2 2 2
20178 CGG_2_019380.SG 0 0 2 2 NA
20179 CGG_2_019437.SG 0 0 2 2 NA
20180 CGG_2_019438.SG 0 0 2 2 0
20181 CGG_2_019439.SG 0 0 2 2 NA
20182 CGG_2_019442.SG 0 0 1 2 2
20183 CGG_2_019645.SG 0 0 1 2 2
20184 CGG_2_019689.SG 0 0 1 2 NA
20185 CGG_2_020723.SG 0 0 1 2 0
20186 CGG_2_020724.SG 0 0 1 2 NA
20187 CGG_2_021419.SG 0 0 1 2 NA
20188 CGG_2_021421.SG 0 0 2 2 2
20189 CGG_2_021451.SG 0 0 1 2 2
20190 CGG_2_021458.SG 0 0 2 2 2
20191 CGG_2_021459.SG 0 0 1 2 NA
20192 CGG_2_021460.SG 0 0 1 2 NA
20193 CGG_2_021461.SG 0 0 1 2 2
20194 CGG_2_021462.SG 0 0 1 2 2
20195 CGG_2_021463.SG 0 0 2 2 NA
20196 CGG_2_021464.SG 0 0 1 2 NA
20197 CGG_2_021472.SG 0 0 2 2 2
20198 CGG_2_021473.SG 0 0 1 2 2
20199 CGG_2_021474.SG 0 0 2 2 2
20200 CGG_2_021475.SG 0 0 1 2 NA
20201 CGG_2_021476.SG 0 0 2 2 2
20202 CGG_2_021478.SG 0 0 1 2 NA
20203 CGG_2_021492.SG 0 0 1 2 NA
20204 CGG_2_021493.SG 0 0 2 2 NA
20205 CGG_2_021494.SG 0 0 2 2 NA
20206 CGG_2_021495.SG 0 0 1 2 2
20207 CGG_2_021496.SG 0 0 1 2 NA
20208 CGG_2_021497.SG 0 0 2 2 NA
20209 CGG_2_021499.SG 0 0 2 2 NA
20210 CGG_2_021500.SG 0 0 1 2 NA
20211 CGG_2_021502.SG 0 0 2 2 NA
20212 CGG_2_021503.SG 0 0 2 2 NA
20213 CGG_2_021504.SG 0 0 2 2 NA
20214 CGG_2_021507.SG 0 0 2 2 NA
20215 CGG_2_021735.SG 0 0 1 2 2
20216 CGG_2_021736.SG 0 0 1 2 2
20217 CGG_2_021737.SG 0 0 2 2 2
20218 CGG_2_021738.SG 0 0 1 2 2
20219 CGG_2_021740.SG 0 0 2 2 NA
20220 CGG_2_021779.SG 0 0 1 2 NA
20221 CGG_2_021839.SG 0 0 1 2 2
20222 CGG_2_021846.SG 0 0 1 2 2
20223 CGG_2_021890.SG 0 0 1 2 2
20224 CGG_2_021896.SG 0 0 2 2 NA
20225 CGG_2_021897.SG 0 0 1 2 2
20226 CGG_2_021898.SG 0 0 2 2 2
20227 CGG_2_021899.SG 0 0 1 2 2
20228 CGG_2_021902.SG 0 0 2 2 NA
20229 CGG_2_021908.SG 0 0 1 2 2
20230 CGG_2_021909.SG 0 0 1 2 2
20231 CGG_2_021912.SG 0 0 1 2 NA
20232 CGG_2_021913.SG 0 0 1 2 NA
20233 CGG_2_021916.SG 0 0 2 2 2
20234 CGG_2_021917.SG 0 0 1 2 NA
20235 CGG_2_021918.SG 0 0 1 2 2
20236 CGG_2_021922.SG 0 0 1 2 2
20237 CGG_2_021923.SG 0 0 1 2 NA
20238 CGG_2_021924.SG 0 0 1 2 NA
20239 CGG_2_021931.SG 0 0 1 2 0
20240 CGG_2_021934.SG 0 0 2 2 NA
20241 CGG_2_021935.SG 0 0 1 2 2
20242 CGG_2_021948.SG 0 0 2 2 NA
20243 CGG_2_021956.SG 0 0 2 2 NA
20244 CGG_2_021963.SG 0 0 2 2 NA
20245 CGG_2_021972.SG 0 0 2 2 0
20246 CGG_2_021981.SG 0 0 1 2 2
20247 CGG_2_021991.SG 0 0 2 2 NA
20248 CGG_2_021993.SG 0 0 2 2 NA
20249 CGG_2_021996.SG 0 0 1 2 NA
20250 CGG_2_022000.SG 0 0 2 2 NA
20251 CGG_2_022002.SG 0 0 1 2 NA
20252 CGG_2_022003.SG 0 0 1 2 NA
20253 CGG_2_022004.SG 0 0 1 2 NA
20254 CGG_2_022005.SG 0 0 1 2 NA
20255 CGG_2_022026.SG 0 0 1 2 2
20256 CGG_2_022028.SG 0 0 1 2 NA
20257 CGG_2_022031.SG 0 0 2 2 NA
20258 CGG_2_022041.SG 0 0 2 2 NA
20259 CGG_2_022051.SG 0 0 1 2 2
20260 CGG_2_022052.SG 0 0 1 2 NA
20261 CGG_2_022053.SG 0 0 1 2 0
20262 CGG_2_022099.SG 0 0 2 2 0
20263 CGG_2_022103.SG 0 0 2 2 NA
20264 CGG_2_022417.SG 0 0 1 2 2
20265 CGG_2_022418.SG 0 0 1 2 2
20266 CGG_2_022419.SG 0 0 1 2 NA
20267 CGG_2_022420.SG 0 0 2 2 0
20268 CGG_2_022421.SG 0 0 1 2 2
20269 CGG_2_022424.SG 0 0 2 2 NA
20270 CGG_2_022425.SG 0 0 1 2 NA
20271 CGG_2_022426.SG 0 0 1 2 0
20272 CGG_2_022427.SG 0 0 1 2 2
20273 CGG_2_022428.SG 0 0 2 2 2
20274 CGG_2_022429.SG 0 0 2 2 2
20275 CGG_2_022430.SG 0 0 1 2 2
20276 CGG_2_022431.SG 0 0 1 2 0
20277 CGG_2_022432.SG 0 0 2 2 2
20278 CGG_2_022433.SG 0 0 1 2 2
20279 CGG_2_022434.SG 0 0 1 2 2
20280 CGG_2_022435.SG 0 0 2 2 NA
20281 CGG_2_022436.SG 0 0 1 2 2
20282 CGG_2_022437.SG 0 0 2 2 2
20283 CGG_2_022438.SG 0 0 1 2 2
20284 CGG_2_022440.SG 0 0 2 2 0
20285 CGG_2_022441.SG 0 0 1 2 NA
20286 CGG_2_022442.SG 0 0 2 2 0
20287 CGG_2_022443.SG 0 0 1 2 2
20288 CGG_2_022444.SG 0 0 2 2 NA
20289 CGG_2_022445.SG 0 0 1 2 0
20290 CGG_2_022447.SG 0 0 1 2 NA
20291 CGG_2_022451.SG 0 0 1 2 2
20292 CGG_2_022452.SG 0 0 2 2 2
20293 CGG_2_022453.SG 0 0 2 2 2
20294 CGG_2_022454.SG 0 0 2 2 0
20295 CGG_2_022455.SG 0 0 1 2 2
20296 CGG_2_022456.SG 0 0 1 2 2
20297 CGG_2_022457.SG 0 0 1 2 2
20298 CGG_2_022458.SG 0 0 1 2 2
20299 CGG_2_022459.SG 0 0 2 2 0
20300 CGG_2_022460.SG 0 0 2 2 2
20301 CGG_2_022461.SG 0 0 2 2 0
20302 CGG_2_022463.SG 0 0 1 2 2
20303 CGG_2_022464.SG 0 0 1 2 0
20304 CGG_2_022465.SG 0 0 1 2 2
20305 CGG_2_023270.SG 0 0 1 2 2
20306 CGG_2_023272.SG 0 0 2 2 0
20307 CGG_2_023274.SG 0 0 1 2 2
20308 CGG_2_023310.SG 0 0 2 2 2
20309 CGG_2_023626.SG 0 0 2 2 0
20310 CGG_2_023627.SG 0 0 2 2 NA
20311 CGG_2_023628.SG 0 0 1 2 0
20312 CGG_2_023630.SG 0 0 1 2 NA
20313 CGG_2_023634.SG 0 0 1 2 2
20314 CGG_2_023635.SG 0 0 1 2 NA
20315 CGG_2_023637.SG 0 0 1 2 NA
20316 CGG_2_023644.SG 0 0 1 2 2
20317 CGG_2_023647.SG 0 0 1 2 2
20318 CGG_2_023648.SG 0 0 2 2 NA
20319 CGG_2_023651.SG 0 0 1 2 NA
20320 CGG_2_023653.SG 0 0 2 2 0
20321 CGG_2_023655.SG 0 0 1 2 NA
20322 CGG_2_023656.SG 0 0 1 2 0
20323 CGG_2_023657.SG 0 0 1 2 2
20324 CGG_2_023658.SG 0 0 1 2 NA
20325 CGG_2_023659.SG 0 0 2 2 2
20326 CGG_2_023660.SG 0 0 1 2 2
20327 CGG_2_023662.SG 0 0 2 2 0
20328 CGG_2_023663.SG 0 0 2 2 NA
20329 CGG_2_023664.SG 0 0 1 2 0
20330 CGG_2_023667.SG 0 0 1 2 NA
20331 CGG_2_023668.SG 0 0 2 2 NA
20332 CGG_2_023669.SG 0 0 1 2 NA
20333 CGG_2_023671.SG 0 0 1 2 NA
20334 CGG_2_023672.SG 0 0 2 2 2
20335 CGG_2_023673.SG 0 0 2 2 2
20336 CGG_2_023674.SG 0 0 1 2 2
20337 CGG_2_023676.SG 0 0 0 2 0
20338 CGG_2_023677.SG 0 0 2 2 2
20339 CGG_2_023678.SG 0 0 1 2 0
20340 CGG_2_023679.SG 0 0 2 2 2
20341 CGG_2_023681.SG 0 0 2 2 2
20342 CGG_2_023682.SG 0 0 1 2 2
20343 CGG_2_023685.SG 0 0 1 2 2
20344 CGG_2_023686.SG 0 0 2 2 NA
20345 CGG_2_023687.SG 0 0 1 2 2
20346 CGG_2_023688.SG 0 0 1 2 NA
20347 CGG_2_023690.SG 0 0 1 2 NA
20348 CGG_2_023691.SG 0 0 1 2 2
20349 CGG_2_023692.SG 0 0 1 2 2
20350 CGG_2_023693.SG 0 0 1 2 2
20351 CGG_2_023695.SG 0 0 2 2 NA
20352 CGG_2_023698.SG 0 0 1 2 0
20353 CGG_2_023699.SG 0 0 1 2 NA
20354 CGG_2_023700.SG 0 0 2 2 NA
20355 CGG_2_023702.SG 0 0 1 2 2
20356 CGG_2_023703.SG 0 0 1 2 NA
20357 CGG_2_023704.SG 0 0 1 2 2
20358 CGG_2_023706.SG 0 0 1 2 2
20359 CGG_2_023707.SG 0 0 2 2 2
20360 CGG_2_023708.SG 0 0 1 2 2
20361 CGG_2_023709.SG 0 0 1 2 2
20362 CGG_2_023710.SG 0 0 1 2 NA
20363 CGG_2_023712.SG 0 0 1 2 2
20364 CGG_2_023713.SG 0 0 1 2 2
20365 CGG_2_023714.SG 0 0 1 2 2
20366 CGG_2_023715.SG 0 0 1 2 2
20367 CGG_2_023716.SG 0 0 1 2 2
20368 CGG_2_023717.SG 0 0 2 2 2
20369 CGG_2_023718.SG 0 0 2 2 2
20370 CGG_2_023719.SG 0 0 2 2 2
20371 CGG_2_023720.SG 0 0 1 2 2
20372 CGG_2_023721.SG 0 0 2 2 2
20373 CGG_2_023722.SG 0 0 1 2 2
20374 CGG_2_023723.SG 0 0 1 2 2
20375 CGG_2_023724.SG 0 0 1 2 2
20376 CGG_2_023725.SG 0 0 1 2 NA
20377 CGG_2_023734.SG 0 0 2 2 2
20378 CGG_2_023735.SG 0 0 1 2 NA
20379 CGG_2_024143.SG 0 0 2 2 NA
20380 CGG_2_024144.SG 0 0 2 2 NA
20381 CGG_2_024145.SG 0 0 1 2 NA
20382 CGG_2_024146.SG 0 0 2 2 NA
20383 CGG_2_024147.SG 0 0 1 2 0
20384 CGG_2_024691.SG 0 0 1 2 0
20385 CGG_2_024692.SG 0 0 1 2 0
20386 CGG_2_024694.SG 0 0 1 2 0
20387 CGG_2_024695.SG 0 0 2 2 0
20388 CGG_2_024699.SG 0 0 2 2 2
20389 CGG_2_024700.SG 0 0 1 2 2
20390 CGG_2_024702.SG 0 0 1 2 0
20391 CGG_2_024707.SG 0 0 2 2 0
20392 CGG_2_024708.SG 0 0 2 2 2
20393 CGG_2_100143.SG 0 0 1 2 NA
20394 CGG_2_100144_rmContam.SG 0 0 0 2 2
20395 CGG_2_100145.SG 0 0 1 2 NA
20396 CGG_2_100212.SG 0 0 1 2 2
20397 CGG_2_100215.SG 0 0 2 2 NA
20398 CGG_2_100220.SG 0 0 2 2 NA
20399 CGG_2_100222.SG 0 0 2 2 2
20400 CGG_2_101213.SG 0 0 2 2 NA
20401 CGG_2_101214.SG 0 0 1 2 2
20402 CGG_2_101215.SG 0 0 2 2 2
20403 CGG_2_101216.SG 0 0 2 2 NA
20404 CGG_2_101217.SG 0 0 2 2 NA
20405 CGG_2_101219.SG 0 0 2 2 NA
20406 CGG_2_101222.SG 0 0 1 2 NA
20407 CGG_2_101223.SG 0 0 2 2 NA
20408 CGG_2_101225.SG 0 0 2 2 2
20409 CGG_2_101232.SG 0 0 1 2 NA
20410 CGG_2_105313.SG 0 0 1 2 NA
20411 CGG_2_105316.SG 0 0 2 2 2
20412 CGG_2_105317.SG 0 0 2 2 0
20413 CGG_2_105318.SG 0 0 2 2 NA
20414 CGG_2_105319.SG 0 0 2 2 2
20415 CGG_2_105322.SG 0 0 1 2 NA
20416 CGG_2_105323.SG 0 0 2 2 NA
20417 CGG_2_105325.SG 0 0 2 2 NA
20418 CGG_2_105326.SG 0 0 2 2 NA
20419 CGG_2_105327.SG 0 0 1 2 2
20420 CGG_2_105329.SG 0 0 1 2 NA
20421 CGG_2_105332.SG 0 0 1 2 NA
20422 CGG_2_105333.SG 0 0 1 2 NA
20423 CGG_2_105334.SG 0 0 1 2 2
20424 CGG_2_105337.SG 0 0 1 2 NA
20425 CGG_2_105338.SG 0 0 1 2 NA
20426 CGG_2_105340.SG 0 0 2 2 NA
20427 CGG_2_105358.SG 0 0 1 2 2
20428 CGG_2_105362_rmContam.SG 0 0 0 2 NA
20429 CGG_2_105364.SG 0 0 2 2 NA
20430 CGG_2_105397.SG 0 0 2 2 0
20431 CGG_2_105541.SG 0 0 1 2 0
20432 CGG_2_105600.SG 0 0 1 2 NA
20433 CGG_2_105601.SG 0 0 2 2 2
20434 CGG_2_105602.SG 0 0 1 2 2
20435 CGG_2_105604.SG 0 0 1 2 2
20436 CGG_2_105606.SG 0 0 1 2 NA
20437 CGG_2_105608.SG 0 0 1 2 2
20438 CGG_2_105610.SG 0 0 1 2 2
20439 CGG_2_105612.SG 0 0 1 2 2
20440 CGG_2_105617.SG 0 0 1 2 NA
20441 CGG_2_105622.SG 0 0 1 2 2
20442 CGG_2_105623.SG 0 0 1 2 2
20443 CGG_2_105626.SG 0 0 1 2 NA
20444 CGG_2_105628.SG 0 0 1 2 2
20445 CGG_2_105629.SG 0 0 1 2 NA
20446 CGG_2_105631.SG 0 0 1 2 2
20447 CGG_2_105632.SG 0 0 1 2 2
20448 CGG_2_105634.SG 0 0 2 2 NA
20449 CGG_2_105635.SG 0 0 2 2 2
20450 CGG_2_105636.SG 0 0 1 2 2
20451 CGG_2_105638.SG 0 0 2 2 2
20452 CGG_2_105639.SG 0 0 2 2 NA
20453 CGG_2_105640.SG 0 0 2 2 NA
20454 CGG_2_105641.SG 0 0 2 2 NA
20455 CGG_2_105642.SG 0 0 2 2 NA
20456 CGG_2_105643.SG 0 0 2 2 0
20457 CGG_2_105645.SG 0 0 1 2 0
20458 CGG_2_105650.SG 0 0 1 2 2
20459 CGG_2_105915.SG 0 0 1 2 NA
20460 CGG_2_105916.SG 0 0 1 2 2
20461 CGG_2_105920.SG 0 0 2 2 2
20462 CGG_2_105922.SG 0 0 2 2 NA
20463 CGG_2_105923.SG 0 0 1 2 2
20464 CGG_2_105925.SG 0 0 1 2 NA
20465 CGG_2_105926.SG 0 0 1 2 2
20466 CGG_2_105928.SG 0 0 1 2 2
20467 CGG_2_105930.SG 0 0 1 2 0
20468 CGG_2_105932.SG 0 0 1 2 0
20469 CGG_2_105934.SG 0 0 1 2 2
20470 CGG_2_105935.SG 0 0 1 2 NA
20471 CGG_2_105936.SG 0 0 1 2 2
20472 CGG_2_105938.SG 0 0 1 2 0
20473 CGG_2_105939.SG 0 0 1 2 2
20474 CGG_2_105941.SG 0 0 2 2 NA
20475 CGG_2_105942.SG 0 0 2 2 2
20476 CGG_2_105989.SG 0 0 1 2 2
20477 CGG_2_106040.SG 0 0 1 2 NA
20478 CGG_2_106041.SG 0 0 1 2 2
20479 CGG_2_106210.SG 0 0 1 2 2
20480 CGG_2_106483.SG 0 0 2 2 0
20481 CGG_2_106484.SG 0 0 1 2 NA
20482 CGG_2_106485.SG 0 0 1 2 0
20483 CGG_2_106486.SG 0 0 2 2 0
20484 CGG_2_106488.SG 0 0 2 2 NA
20485 CGG_2_106489.SG 0 0 1 2 2
20486 CGG_2_106490.SG 0 0 2 2 NA
20487 CGG_2_106492.SG 0 0 2 2 NA
20488 CGG_2_106493.SG 0 0 2 2 NA
20489 CGG_2_106494.SG 0 0 2 2 NA
20490 CGG_2_106495.SG 0 0 1 2 2
20491 CGG_2_106496.SG 0 0 2 2 NA
20492 CGG_2_106499.SG 0 0 2 2 NA
20493 CGG_2_106500.SG 0 0 2 2 NA
20494 CGG_2_106502.SG 0 0 2 2 0
20495 CGG_2_106503.SG 0 0 1 2 0
20496 CGG_2_106504.SG 0 0 2 2 NA
20497 CGG_2_106506.SG 0 0 2 2 NA
20498 CGG_2_106507.SG 0 0 2 2 NA
20499 CGG_2_106508.SG 0 0 2 2 NA
20500 CGG_2_106509.SG 0 0 1 2 NA
20501 CGG_2_106510.SG 0 0 2 2 NA
20502 CGG_2_106513.SG 0 0 2 2 2
20503 CGG_2_106514.SG 0 0 1 2 NA
20504 CGG_2_106515.SG 0 0 1 2 2
20505 CGG_2_106516_rmContam.SG 0 0 0 2 NA
20506 CGG_2_106517.SG 0 0 1 2 NA
20507 CGG_2_106518.SG 0 0 1 2 NA
20508 CGG_2_106519.SG 0 0 2 2 NA
20509 CGG_2_106522.SG 0 0 1 2 NA
20510 CGG_2_106523.SG 0 0 1 2 NA
20511 CGG_2_106524.SG 0 0 1 2 NA
20512 CGG_2_106525.SG 0 0 1 2 NA
20513 CGG_2_106526.SG 0 0 2 2 NA
20514 CGG_2_106527.SG 0 0 2 2 NA
20515 CGG_2_106528.SG 0 0 1 2 NA
20516 CGG_2_106529.SG 0 0 1 2 NA
20517 CGG_2_106530.SG 0 0 2 2 NA
20518 CGG_2_106531.SG 0 0 1 2 0
20519 CGG_2_106535.SG 0 0 2 2 NA
20520 CGG_2_106548.SG 0 0 2 2 NA
20521 CGG_2_106553.SG 0 0 1 2 2
20522 CGG_2_106702.SG 0 0 1 2 2
20523 CGG_2_106704.SG 0 0 2 2 2
20524 CGG_2_106705.SG 0 0 1 2 2
20525 CGG_2_106707.SG 0 0 1 2 NA
20526 CGG_2_106708.SG 0 0 1 2 0
20527 CGG_2_106709.SG 0 0 1 2 NA
20528 CGG_2_106710.SG 0 0 2 2 NA
20529 CGG_2_106711.SG 0 0 2 2 NA
20530 CGG_2_106712.SG 0 0 1 2 NA
20531 CGG_2_106713.SG 0 0 2 2 0
20532 CGG_2_106714.SG 0 0 2 2 0
20533 CGG_2_106715.SG 0 0 2 2 NA
20534 CGG_2_106716.SG 0 0 2 2 NA
20535 CGG_2_106717.SG 0 0 2 2 0
20536 CGG_2_106718.SG 0 0 1 2 0
20537 CGG_2_106719.SG 0 0 2 2 NA
20538 CGG_2_106720.SG 0 0 1 2 2
20539 CGG_2_106721.SG 0 0 1 2 2
20540 CGG_2_106722.SG 0 0 1 2 0
20541 CGG_2_106723.SG 0 0 2 2 0
20542 CGG_2_106724.SG 0 0 1 2 NA
20543 CGG_2_106725.SG 0 0 2 2 0
20544 CGG_2_106726.SG 0 0 1 2 2
20545 CGG_2_106727.SG 0 0 2 2 NA
20546 CGG_2_106728.SG 0 0 1 2 0
20547 CGG_2_106729.SG 0 0 2 2 NA
20548 CGG_2_106730.SG 0 0 1 2 NA
20549 CGG_2_106731.SG 0 0 2 2 NA
20550 CGG_2_106732.SG 0 0 2 2 2
20551 CGG_2_106733.SG 0 0 2 2 0
20552 CGG_2_106734.SG 0 0 1 2 0
20553 CGG_2_106735.SG 0 0 1 2 NA
20554 CGG_2_106737.SG 0 0 1 2 2
20555 CGG_2_106739.SG 0 0 1 2 NA
20556 CGG_2_106740.SG 0 0 1 2 2
20557 CGG_2_106741.SG 0 0 2 2 NA
20558 CGG_2_106742.SG 0 0 1 2 2
20559 CGG_2_106743.SG 0 0 2 2 NA
20560 CGG_2_106744.SG 0 0 1 2 NA
20561 CGG_2_106747.SG 0 0 1 2 NA
20562 CGG_2_106748.SG 0 0 1 2 2
20563 CGG_2_106749.SG 0 0 2 2 2
20564 CGG_2_106750.SG 0 0 1 2 0
20565 CGG_2_106751.SG 0 0 1 2 NA
20566 CGG_2_106752.SG 0 0 1 2 NA
20567 CGG_2_106770.SG 0 0 1 2 2
20568 CGG_2_106771.SG 0 0 2 2 2
20569 CGG_2_106772.SG 0 0 2 2 NA
20570 CGG_2_106773.SG 0 0 1 2 NA
20571 CGG_2_106774.SG 0 0 1 2 NA
20572 CGG_2_106775.SG 0 0 1 2 2
20573 CGG_2_106776.SG 0 0 1 2 NA
20574 CGG_2_106777.SG 0 0 1 2 0
20575 CGG_2_106778.SG 0 0 1 2 NA
20576 CGG_2_106779.SG 0 0 2 2 NA
20577 CGG_2_106780.SG 0 0 2 2 NA
20578 CGG_2_106781.SG 0 0 1 2 NA
20579 CGG_2_106782.SG 0 0 1 2 NA
20580 CGG_2_106783.SG 0 0 2 2 NA
20581 CGG_2_106784_rmContam.SG 0 0 0 2 NA
20582 CGG_2_106785.SG 0 0 1 2 NA
20583 CGG_2_106786.SG 0 0 2 2 NA
20584 CGG_2_106787.SG 0 0 1 2 NA
20585 CGG_2_106788.SG 0 0 2 2 NA
20586 CGG_2_106789.SG 0 0 2 2 NA
20587 CGG_2_106790_rmContam.SG 0 0 0 2 NA
20588 CGG_2_106791.SG 0 0 1 2 0
20589 CGG_2_106792.SG 0 0 1 2 NA
20590 CGG_2_106793.SG 0 0 2 2 NA
20591 CGG_2_106794.SG 0 0 2 2 0
20592 CGG_2_106795.SG 0 0 1 2 NA
20593 CGG_2_106796_rmContam.SG 0 0 0 2 NA
20594 CGG_2_106797.SG 0 0 2 2 0
20595 CGG_2_106798.SG 0 0 2 2 NA
20596 CGG_2_106800.SG 0 0 2 2 0
20597 CGG_2_106801.SG 0 0 2 2 2
20598 CGG_2_106802.SG 0 0 2 2 NA
20599 CGG_2_106803.SG 0 0 1 2 NA
20600 CGG_2_106804.SG 0 0 1 2 NA
20601 CGG_2_106805.SG 0 0 1 2 2
20602 CGG_2_106806.SG 0 0 2 2 NA
20603 CGG_2_106810.SG 0 0 1 2 NA
20604 CGG_2_106811.SG 0 0 1 2 2
20605 CGG_2_106813.SG 0 0 1 2 0
20606 CGG_2_106815.SG 0 0 2 2 NA
20607 CGG_2_106816.SG 0 0 2 2 NA
20608 CGG_2_106817.SG 0 0 2 2 NA
20609 CGG_2_106820.SG 0 0 2 2 2
20610 CGG_2_106821.SG 0 0 2 2 NA
20611 CGG_2_106822.SG 0 0 1 2 NA
20612 CGG_2_106823.SG 0 0 1 2 NA
20613 CGG_2_106824.SG 0 0 1 2 0
20614 CGG_2_106825.SG 0 0 1 2 0
20615 CGG_2_106826.SG 0 0 1 2 NA
20616 CGG_2_106827.SG 0 0 1 2 NA
20617 CGG_2_106828.SG 0 0 1 2 NA
20618 CGG_2_106830.SG 0 0 2 2 NA
20619 CGG_2_106832.SG 0 0 1 2 NA
20620 CGG_2_106833.SG 0 0 1 2 2
20621 CGG_2_106835.SG 0 0 2 2 NA
20622 CGG_2_106836.SG 0 0 2 2 NA
20623 CGG_2_106837.SG 0 0 1 2 2
20624 CGG_2_106838.SG 0 0 1 2 NA
20625 CGG_2_106841.SG 0 0 1 2 0
20626 CGG_2_107001.SG 0 0 1 2 NA
20627 CGG_2_107002.SG 0 0 2 2 2
20628 CGG_2_107003.SG 0 0 2 2 NA
20629 CGG_2_107004.SG 0 0 1 2 NA
20630 CGG_2_107005.SG 0 0 1 2 NA
20631 CGG_2_107006.SG 0 0 1 2 2
20632 CGG_2_107007.SG 0 0 1 2 NA
20633 CGG_2_107008.SG 0 0 2 2 0
20634 CGG_2_107009.SG 0 0 1 2 0
20635 CGG_2_107010.SG 0 0 1 2 2
20636 CGG_2_107011.SG 0 0 1 2 NA
20637 CGG_2_107012.SG 0 0 1 2 NA
20638 CGG_2_107013.SG 0 0 1 2 2
20639 CGG_2_107014.SG 0 0 2 2 2
20640 CGG_2_107015.SG 0 0 1 2 2
20641 CGG_2_107016.SG 0 0 1 2 2
20642 CGG_2_107017.SG 0 0 1 2 2
20643 CGG_2_107019.SG 0 0 1 2 2
20644 CGG_2_107020.SG 0 0 2 2 0
20645 CGG_2_107021.SG 0 0 1 2 NA
20646 CGG_2_107022.SG 0 0 1 2 0
20647 CGG_2_107023.SG 0 0 1 2 0
20648 CGG_2_107024.SG 0 0 1 2 NA
20649 CGG_2_107025.SG 0 0 2 2 2
20650 CGG_2_107026.SG 0 0 2 2 2
20651 CGG_2_107027.SG 0 0 2 2 2
20652 CGG_2_107028.SG 0 0 2 2 0
20653 CGG_2_107029.SG 0 0 2 2 2
20654 CGG_2_107030.SG 0 0 1 2 NA
20655 CGG_2_107031.SG 0 0 2 2 NA
20656 CGG_2_107032.SG 0 0 2 2 NA
20657 CGG_2_107033.SG 0 0 2 2 NA
20658 CGG_2_107034.SG 0 0 2 2 0
20659 CGG_2_107035.SG 0 0 1 2 NA
20660 CGG_2_107036.SG 0 0 1 2 2
20661 CGG_2_107037.SG 0 0 1 2 2
20662 CGG_2_107038.SG 0 0 2 2 0
20663 CGG_2_107039.SG 0 0 1 2 0
20664 CGG_2_107040.SG 0 0 1 2 2
20665 CGG_2_107041.SG 0 0 1 2 2
20666 CGG_2_107042.SG 0 0 1 2 NA
20667 CGG_2_107043.SG 0 0 1 2 NA
20668 CGG_2_107044.SG 0 0 2 2 NA
20669 CGG_2_107383.SG 0 0 2 2 NA
20670 CGG_2_107384.SG 0 0 1 2 0
20671 CGG_2_107385.SG 0 0 2 2 NA
20672 CGG_2_107386.SG 0 0 1 2 NA
20673 CGG_2_107387.SG 0 0 1 2 NA
20674 CGG_2_107388.SG 0 0 2 2 NA
20675 CGG_2_107389.SG 0 0 2 2 2
20676 CGG_2_107390.SG 0 0 2 2 2
20677 CGG_2_107391.SG 0 0 2 2 2
20678 CGG_2_107392.SG 0 0 1 2 0
20679 CGG_2_107393.SG 0 0 2 2 2
20680 CGG_2_107394.SG 0 0 1 2 2
20681 CGG_2_107395.SG 0 0 1 2 2
20682 CGG_2_107396.SG 0 0 2 2 NA
20683 CGG_2_107397.SG 0 0 2 2 NA
20684 CGG_2_107398.SG 0 0 2 2 NA
20685 CGG_2_107399.SG 0 0 1 2 2
20686 CGG_2_107400.SG 0 0 1 2 0
20687 CGG_2_107401.SG 0 0 2 2 NA
20688 CGG_2_107402.SG 0 0 2 2 NA
20689 CGG_2_107403_rmContam.SG 0 0 0 2 0
20690 CGG_2_107406.SG 0 0 2 2 NA
20691 CGG_2_107407.SG 0 0 2 2 2
20692 CGG_2_107408.SG 0 0 1 2 NA
20693 CGG_2_107409.SG 0 0 2 2 NA
20694 CGG_2_107410.SG 0 0 1 2 NA
20695 CGG_2_107411.SG 0 0 1 2 2
20696 CGG_2_107412.SG 0 0 1 2 0
20697 CGG_2_107413.SG 0 0 1 2 NA
20698 CGG_2_107414.SG 0 0 2 2 2
20699 CGG_2_107415.SG 0 0 1 2 NA
20700 CGG_2_107416.SG 0 0 1 2 2
20701 CGG_2_107417.SG 0 0 2 2 2
20702 CGG_2_107418.SG 0 0 2 2 0
20703 CGG_2_107419.SG 0 0 1 2 NA
20704 CGG_2_107420.SG 0 0 1 2 NA
20705 CGG_2_107422.SG 0 0 1 2 0
20706 CGG_2_107423.SG 0 0 1 2 NA
20707 CGG_2_107424.SG 0 0 2 2 NA
20708 CGG_2_107425.SG 0 0 1 2 NA
20709 CGG_2_107426.SG 0 0 2 2 0
20710 CGG_2_107427.SG 0 0 1 2 NA
20711 CGG_2_107428.SG 0 0 2 2 0
20712 CGG_2_107429.SG 0 0 1 2 0
20713 CGG_2_107431.SG 0 0 2 2 NA
20714 CGG_2_107433.SG 0 0 1 2 NA
20715 CGG_2_107434.SG 0 0 2 2 NA
20716 CGG_2_107435.SG 0 0 2 2 0
20717 CGG_2_107436.SG 0 0 2 2 0
20718 CGG_2_107437.SG 0 0 1 2 NA
20719 CGG_2_107438.SG 0 0 2 2 NA
20720 CGG_2_107439.SG 0 0 1 2 NA
20721 CGG_2_107440.SG 0 0 1 2 0
20722 CGG_2_107441.SG 0 0 1 2 NA
20723 CGG_2_107442.SG 0 0 1 2 NA
20724 CGG_2_107443.SG 0 0 1 2 0
20725 CGG_2_107444.SG 0 0 2 2 0
20726 CGG_2_107445.SG 0 0 2 2 NA
20727 CGG_2_107446.SG 0 0 1 2 2
20728 CGG_2_107447.SG 0 0 1 2 2
20729 CGG_2_107449.SG 0 0 1 2 2
20730 CGG_2_107450.SG 0 0 2 2 0
20731 CGG_2_107451.SG 0 0 1 2 NA
20732 CGG_2_107452.SG 0 0 2 2 0
20733 CGG_2_107453.SG 0 0 2 2 NA
20734 CGG_2_107454.SG 0 0 1 2 2
20735 CGG_2_107455.SG 0 0 1 2 NA
20736 CGG_2_107456.SG 0 0 2 2 NA
20737 CGG_2_107457.SG 0 0 2 2 NA
20738 CGG_2_107458.SG 0 0 2 2 NA
20739 CGG_2_107459.SG 0 0 1 2 0
20740 CGG_2_107460.SG 0 0 2 2 0
20741 CGG_2_107461.SG 0 0 2 2 NA
20742 CGG_2_107462.SG 0 0 2 2 NA
20743 CGG_2_107463.SG 0 0 1 2 2
20744 CGG_2_107464.SG 0 0 1 2 NA
20745 CGG_2_107465.SG 0 0 1 2 2
20746 CGG_2_107466.SG 0 0 2 2 NA
20747 CGG_2_107467.SG 0 0 1 2 NA
20748 CGG_2_107468.SG 0 0 2 2 NA
20749 CGG_2_107469.SG 0 0 2 2 NA
20750 CGG_2_107470.SG 0 0 2 2 NA
20751 CGG_2_107471.SG 0 0 1 2 NA
20752 CGG_2_107472.SG 0 0 2 2 2
20753 CGG_2_107474.SG 0 0 1 2 NA
20754 CGG_2_107476.SG 0 0 1 2 NA
20755 CGG_2_107477.SG 0 0 2 2 0
20756 CGG_2_107478.SG 0 0 2 2 NA
20757 CGG_2_107479.SG 0 0 1 2 NA
20758 CGG_2_107480.SG 0 0 1 2 NA
20759 CGG_2_107481.SG 0 0 1 2 NA
20760 CGG_2_107482.SG 0 0 1 2 0
20761 CGG_2_107483.SG 0 0 2 2 NA
20762 CGG_2_107484_rmContam.SG 0 0 0 2 NA
20763 CGG_2_107485.SG 0 0 2 2 NA
20764 CGG_2_107486.SG 0 0 1 2 2
20765 CGG_2_107487.SG 0 0 1 2 NA
20766 CGG_2_107488.SG 0 0 1 2 2
20767 CGG_2_107489.SG 0 0 1 2 NA
20768 CGG_2_107490.SG 0 0 1 2 0
20769 CGG_2_107492.SG 0 0 2 2 NA
20770 CGG_2_107494.SG 0 0 1 2 NA
20771 CGG_2_107495.SG 0 0 1 2 NA
20772 CGG_2_107496.SG 0 0 2 2 NA
20773 CGG_2_107497.SG 0 0 2 2 NA
20774 CGG_2_107498.SG 0 0 1 2 NA
20775 CGG_2_107499.SG 0 0 2 2 NA
20776 CGG_2_107501.SG 0 0 2 2 NA
20777 CGG_2_107502.SG 0 0 1 2 NA
20778 CGG_2_107503.SG 0 0 2 2 NA
20779 CGG_2_107504.SG 0 0 1 2 NA
20780 CGG_2_107505.SG 0 0 1 2 NA
20781 CGG_2_107506.SG 0 0 1 2 0
20782 CGG_2_107507.SG 0 0 1 2 0
20783 CGG_2_107508.SG 0 0 2 2 0
20784 CGG_2_107509.SG 0 0 2 2 NA
20785 CGG_2_107510.SG 0 0 1 2 NA
20786 CGG_2_107512.SG 0 0 1 2 2
20787 CGG_2_107515.SG 0 0 1 2 0
20788 CGG_2_107516.SG 0 0 1 2 NA
20789 CGG_2_107517.SG 0 0 2 2 NA
20790 CGG_2_107518.SG 0 0 1 2 NA
20791 CGG_2_107519.SG 0 0 1 2 2
20792 CGG_2_107522.SG 0 0 2 2 0
20793 CGG_2_107523.SG 0 0 2 2 2
20794 CGG_2_107524.SG 0 0 2 2 NA
20795 CGG_2_107525.SG 0 0 1 2 NA
20796 CGG_2_107526.SG 0 0 1 2 NA
20797 CGG_2_107528.SG 0 0 1 2 NA
20798 CGG_2_107529.SG 0 0 1 2 NA
20799 CGG_2_107531.SG 0 0 1 2 NA
20800 CGG_2_107532.SG 0 0 1 2 0
20801 CGG_2_107533.SG 0 0 2 2 2
20802 CGG_2_107534.SG 0 0 1 2 2
20803 CGG_2_107535.SG 0 0 1 2 2
20804 CGG_2_107536.SG 0 0 2 2 0
20805 CGG_2_107579.SG 0 0 1 2 2
20806 CGG_2_107580.SG 0 0 1 2 NA
20807 CGG_2_107581.SG 0 0 2 2 2
20808 CGG_2_107582.SG 0 0 2 2 NA
20809 CGG_2_107583.SG 0 0 2 2 NA
20810 CGG_2_107735.SG 0 0 1 2 NA
20811 CGG_2_107736.SG 0 0 1 2 NA
20812 CGG_2_107738.SG 0 0 1 2 NA
20813 CGG_2_107739.SG 0 0 2 2 NA
20814 CGG_2_107741.SG 0 0 1 2 NA
20815 CGG_2_107742.SG 0 0 2 2 0
20816 CGG_2_107744.SG 0 0 2 2 NA
20817 CGG_2_107745.SG 0 0 1 2 0
20818 CGG_2_107746.SG 0 0 1 2 2
20819 CGG_2_107747.SG 0 0 1 2 2
20820 CGG_2_107748.SG 0 0 1 2 0
20821 CGG_2_107749.SG 0 0 2 2 2
20822 CGG_2_107750.SG 0 0 1 2 2
20823 CGG_2_107751.SG 0 0 1 2 0
20824 CGG_2_107752.SG 0 0 1 2 2
20825 CGG_2_107753.SG 0 0 1 2 2
20826 CGG_2_107754.SG 0 0 1 2 2
20827 CGG_2_107755.SG 0 0 2 2 2
20828 CGG_2_107756.SG 0 0 1 2 2
20829 CGG_2_107757.SG 0 0 1 2 0
20830 CGG_2_107758.SG 0 0 1 2 2
20831 CGG_2_107759.SG 0 0 2 2 0
20832 CGG_2_107760.SG 0 0 2 2 0
20833 CGG_2_107761.SG 0 0 1 2 2
20834 CGG_2_107762.SG 0 0 1 2 2
20835 CGG_2_107763.SG 0 0 1 2 0
20836 CGG_2_107764.SG 0 0 2 2 0
20837 CGG_2_107765.SG 0 0 1 2 NA
20838 CGG_2_107766.SG 0 0 1 2 NA
20839 CGG_2_107767.SG 0 0 1 2 0
20840 CGG_2_107768.SG 0 0 1 2 0
20841 CpM0203.SG 0 0 2 2 NA
20842 CpM0506.SG 0 0 2 2 2
20843 CpM11.SG 0 0 1 2 NA
20844 CpM12.SG 0 0 1 2 NA
20845 CpM13.SG 0 0 1 2 NA
20846 CpM34.SG 0 0 2 2 NA
20847 CpM4243.SG 0 0 2 2 NA
20848 ERI002.AG 0 0 2 2 2
20849 ERI003.AG 0 0 2 2 NA
20850 ERI004.AG 0 0 2 2 2
20851 ERI005.AG 0 0 1 2 2
20852 ERI006.AG 0 0 1 2 2
20853 ERI007.AG 0 0 2 2 2
20854 ERI008.AG 0 0 2 2 2
20855 ERI009.AG 0 0 1 2 2
20856 NBR001.AG 0 0 2 2 NA
20857 NBR002.AG 0 0 1 2 NA
20858 NBR003.AG 0 0 2 2 2
20859 NBR004.AG 0 0 1 2 2
20860 NBR005.AG 0 0 1 2 2
20861 NBR006.AG 0 0 2 2 2
20862 NBR007.AG 0 0 1 2 2
20863 NBR008.AG 0 0 1 2 NA
20864 NBR009.AG 0 0 1 2 NA
20865 NBR010.AG 0 0 1 2 2
20866 NBR011.AG 0 0 1 2 2
20867 NBR012.AG 0 0 1 2 2
20868 NBR013.AG 0 0 2 2 2
20869 NBR014.AG 0 0 1 2 NA
20870 NBR015.AG 0 0 1 2 2
20871 NBR016.AG 0 0 2 2 2
20872 NBR017.AG 0 0 1 2 2
20873 NBR018.AG 0 0 2 2 2
20874 NBR019.AG 0 0 1 2 2
20875 NBR020.AG 0 0 1 2 2
20876 NBR021.AG 0 0 2 2 2
20877 NBR022.AG 0 0 1 2 NA
20878 NBR023.AG 0 0 2 2 2
20879 NBR024.AG 0 0 1 2 NA
20880 NBR025.AG 0 0 1 2 2
20881 NBR026.AG 0 0 2 2 2
20882 TIL001.AG 0 0 1 2 NA
20883 TIL004.AG 0 0 1 2 NA
20884 WAT001.AG 0 0 2 2 2
20885 WAT002.AG 0 0 2 2 2
20886 WAT003.AG 0 0 2 2 2
20887 WAT005.AG 0 0 1 2 2
20888 WAT006.AG 0 0 1 2 NA
20889 Denisova25.SG 0 0 1 2 2
20890 LP111_2.TW 0 0 2 2 NA
20891 LP111_3.TW 0 0 2 2 NA
20892 LP111_4.TW 0 0 2 2 2
20893 LP111_5.TW 0 0 2 2 2
20894 LP111_6.TW 0 0 1 2 2
20895 LP111_8.TW 0 0 1 2 0
20896 LP112_10.TW 0 0 1 2 2
20897 LP112_11.TW 0 0 2 2 2
20898 LP112_12.TW 0 0 2 2 0
20899 LP112_13.TW 0 0 1 2 2
20900 LP112_14.TW 0 0 2 2 NA
20901 LP112_15.TW 0 0 2 2 2
20902 LP112_16.TW 0 0 2 2 0
20903 LP112_9.TW 0 0 2 2 2
20904 LP113_1.TW 0 0 1 2 0
20905 LP113_10.TW 0 0 1 2 NA
20906 LP113_11.TW 0 0 2 2 NA
20907 LP113_3.TW 0 0 2 2 2
20908 LP113_4.TW 0 0 1 2 2
20909 LP113_5.TW 0 0 1 2 NA
20910 LP113_8.TW 0 0 1 2 2
20911 LP113_9.TW 0 0 1 2 2
20912 LP114_10.TW 0 0 1 2 2
20913 LP114_13.TW 0 0 2 2 2
20914 LP114_15.TW 0 0 1 2 NA
20915 LP114_2.TW 0 0 2 2 2
20916 LP114_3.TW 0 0 1 2 2
20917 LP114_4.TW 0 0 2 2 2
20918 LP114_5.TW 0 0 1 2 2
20919 LP114_7.TW 0 0 1 2 2
20920 LP114_8.TW 0 0 0 2 NA
20921 LP115_1.TW 0 0 2 2 2
20922 LP115_13.TW 0 0 2 2 NA
20923 LP115_14.TW 0 0 1 2 NA
20924 LP115_2.TW 0 0 1 2 2
20925 LP115_3.TW 0 0 1 2 0
20926 LP115_5.TW 0 0 1 2 2
20927 LP115_6.TW 0 0 1 2 2
20928 LP115_7.TW 0 0 2 2 NA
20929 LP115_8.TW 0 0 2 2 0
20930 LP116_1.TW 0 0 2 2 2
20931 LP116_10.TW 0 0 1 2 0
20932 LP116_11.TW 0 0 1 2 2
20933 LP116_12.TW 0 0 1 2 NA
20934 LP116_13.TW 0 0 1 2 2
20935 LP116_14.TW 0 0 2 2 2
20936 LP116_15.TW 0 0 1 2 2
20937 LP116_16.TW 0 0 1 2 2
20938 LP116_4.TW 0 0 2 2 NA
20939 LP116_6.TW 0 0 2 2 NA
20940 LP116_7.TW 0 0 1 2 NA
20941 LP116_9.TW 0 0 1 2 0
20942 LP117_1.TW 0 0 2 2 NA
20943 LP117_10.TW 0 0 1 2 2
20944 LP117_11.TW 0 0 1 2 0
20945 LP117_12.TW 0 0 1 2 2
20946 LP117_2.TW 0 0 1 2 2
20947 LP117_3.TW 0 0 0 2 2
20948 LP117_4.TW 0 0 1 2 NA
20949 LP117_6.TW 0 0 2 2 NA
20950 LP117_7.TW 0 0 1 2 0
20951 LP123_11.TW 0 0 1 2 NA
20952 LP123_12.TW 0 0 0 2 NA
20953 LP123_14.TW 0 0 1 2 NA
20954 LP123_16.TW 0 0 2 2 2
20955 LP123_2.TW 0 0 2 2 2
20956 LP123_4.TW 0 0 2 2 NA
20957 LP123_6.TW 0 0 1 2 2
20958 LP123_7.TW 0 0 1 2 2
20959 LP123_8.TW 0 0 2 2 NA
20960 LP123_9.TW 0 0 2 2 2
20961 LP126_14.TW 0 0 2 2 NA
20962 LP127_10.TW 0 0 2 2 2
20963 LP127_11.TW 0 0 2 2 NA
20964 LP127_12.TW 0 0 2 2 NA
20965 LP128_1.TW 0 0 1 2 NA
20966 LP128_2.TW 0 0 1 2 NA
20967 LP128_3.TW 0 0 1 2 2
20968 LP128_4.TW 0 0 1 2 2
20969 LP129_5.TW 0 0 2 2 2
20970 BB.K.10.1.AG.SG 0 0 1 2 NA
20971 BB.K.10.2.AG.SG 0 0 2 2 NA
20972 BB.K.11.AG.SG 0 0 2 2 2
20973 BB.K.12.AG.SG 0 0 2 2 NA
20974 BB.K.14.AG.SG 0 0 1 2 NA
20975 BB.K.15.AG.SG 0 0 2 2 NA
20976 BB.K.1.AG.SG 0 0 2 2 2
20977 BB.K.6.AG.SG 0 0 1 2 NA
20978 BB.K.9.AG.SG 0 0 2 2 NA
20979 BB.Obj.2.AG.SG 0 0 2 2 2
20980 CAN.001.SG 0 0 1 2 NA
20981 CAN.002.SG 0 0 1 2 NA
20982 CAN.003.SG 0 0 2 2 NA
20983 CAN.004.SG 0 0 2 2 NA
20984 CAN.005.SG 0 0 2 2 NA
20985 CAN.008.SG 0 0 1 2 NA
20986 CAN.009.SG 0 0 2 2 NA
20987 CAN.010.SG 0 0 1 2 NA
20988 CAN.012.SG 0 0 1 2 NA
20989 CAN.013.SG 0 0 1 2 NA
20990 CAN.014.SG 0 0 2 2 NA
20991 CAN.017.SG 0 0 2 2 NA
20992 CAN.018.SG 0 0 1 2 NA
20993 CAN.019.SG 0 0 2 2 NA
20994 CAN.020.SG 0 0 2 2 NA
20995 CAN.027.SG 0 0 1 2 NA
20996 CAN.028.SG 0 0 2 2 NA
20997 CAN.030.SG 0 0 1 2 NA
20998 CAN.031.SG 0 0 2 2 NA
20999 CAN.034.SG 0 0 2 2 NA
21000 CAN.035.SG 0 0 1 2 NA
21001 CAN.036.SG 0 0 2 2 NA
21002 CAN.038.SG 0 0 1 2 2
21003 CAN.040.SG 0 0 1 2 NA
21004 CAN.041.SG 0 0 1 2 NA
21005 CAN.042.SG 0 0 1 2 NA
21006 CAN.045.SG 0 0 1 2 NA
21007 CAN.048.SG 0 0 1 2 NA
21008 XSM-M87_merged.AG 0 0 1 2 2
21009 05XGS-M20_merged.AG.SG 0 0 2 2 2
21010 05XGS-M52_merged.AG.SG 0 0 1 2 2
21011 XSM-M114-1.AG 0 0 2 2 2
21012 XSM-M12-2.AG 0 0 1 2 NA
21013 XSM-M128-1.AG 0 0 1 2 2
21014 XSM-M134-1.AG 0 0 1 2 NA
21015 XSM-M17-2.AG 0 0 1 2 NA
21016 XSM-M49-1.AG 0 0 2 2 NA
21017 XSM-M85-1.AG 0 0 1 2 NA
21018 XSM-M86-1.AG 0 0 1 2 NA
21019 HUAS194B.SG 0 0 1 2 2
21020 HUAS257.SG 0 0 1 2 2
21021 HUAS261.SG 0 0 1 2 2
21022 HUAS262.SG 0 0 1 2 0
21023 HUAS309.SG 0 0 2 2 2
21024 HUAS341.SG 0 0 1 2 0
21025 HUAS390.SG 0 0 1 2 2
21026 HUAS450.SG 0 0 1 2 NA
21027 HUAS82.SG 0 0 1 2 0
21028 HUAS55A.SG 0 0 1 2 NA
21029 HUAS55B.SG 0 0 1 2 NA
21030 HUAS57.SG 0 0 1 2 2
21031 HUAS581.SG 0 0 1 2 NA
21032 HUAS59B.SG 0 0 2 2 2
21033 HUAS81.SG 0 0 1 2 2
21034 HUAS84.SG 0 0 1 2 2
21035 HUAS85.SG 0 0 1 2 2
21036 HUAS86.SG 0 0 1 2 2
21037 HUAS87.SG 0 0 1 2 0
21038 NE56.SG 0 0 1 2 NA
21039 BaiyangcunM10.SG 0 0 1 2 NA
21040 BaiyangcunM12_3_LowCov.AG 0 0 1 2 2
21041 BaiyangcunM12_LowCov.AG 0 0 1 2 NA
21042 BaiyangcunM13.SG 0 0 1 2 2
21043 BaiyangcunM13_LowCov.AG 0 0 1 2 NA
21044 BaiyangcunM14.SG 0 0 2 2 NA
21045 BaiyangcunM15_d_LowCov_d.AG 0 0 1 2 NA
21046 BaiyangcunM17_LowCov.AG 0 0 1 2 2
21047 BaiyangcunM1_E.AG 0 0 1 2 2
21048 BaiyangcunM1_W.SG 0 0 1 2 2
21049 BaiyangcunM4.AG 0 0 1 2 2
21050 BaiyangcunM5_LowCov.AG 0 0 1 2 NA
21051 BaiyangcunM6.AG 0 0 2 2 2
21052 BaiyangcunM8.AG 0 0 1 2 2
21053 BaiyangcunM9.SG 0 0 1 2 2
21054 BaiyangcunW1.SG 0 0 1 2 2
21055 BaiyangcunW5.SG 0 0 1 2 NA
21056 C3427.SG 0 0 2 2 2
21057 C4783_C202.SG 0 0 1 2 2
21058 CSP132.SG 0 0 1 2 2
21059 CSP133.SG 0 0 1 2 NA
21060 CSP144.SG 0 0 1 2 NA
21061 Dadunzi.AG.SG 0 0 1 2 2
21062 Dadunzi.AG 0 0 1 2 2
21063 Dadunzi_sg.SG 0 0 1 2 2
21064 DadunziM23.AG 0 0 1 2 2
21065 DadunziM24_1.AG 0 0 2 2 2
21066 DadunziM26.AG 0 0 1 2 2
21067 DadunziM27.AG 0 0 2 2 NA
21068 DadunziT20_3_B.AG 0 0 2 2 2
21069 DadunziW27_Com.AG 0 0 1 2 NA
21070 DayindongM10_LowCov.AG 0 0 1 2 NA
21071 DayindongM11_LowCov.AG 0 0 2 2 NA
21072 DayindongM1_LowCov.AG 0 0 2 2 NA
21073 DayindongM6_1.AG 0 0 2 2 NA
21074 DayindongM7_1.AG 0 0 2 2 2
21075 DuiziM20_LowCov.AG 0 0 1 2 NA
21076 DuiziM77_1_LowCov.AG 0 0 0 2 NA
21077 DuiziM77_2_Com.AG 0 0 1 2 NA
21078 DuiziM79.AG 0 0 1 2 NA
21079 DuiziM91_12_LowCov.AG 0 0 2 2 NA
21080 DuiziM91_2.SG 0 0 2 2 NA
21081 DuiziM91.SG 0 0 2 2 NA
21082 DuiziM94_1_1.AG 0 0 2 2 NA
21083 DuiziM94_1_3_LowCov.AG 0 0 1 2 NA
21084 DuiziM94_2_Com.AG 0 0 1 2 NA
21085 DuiziM98_1.AG 0 0 2 2 2
21086 DuiziM98_2.SG 0 0 1 2 2
21087 GaozhaiM1_1_1.AG 0 0 1 2 NA
21088 GaozhaiM1_2_5.AG 0 0 2 2 2
21089 GaozhaiM3_1_Com.AG 0 0 1 2 NA
21090 GaozhaiM4_11.AG 0 0 1 2 2
21091 GaozhaiM4_14.AG 0 0 2 2 2
21092 GaozhaiM4_15.AG 0 0 1 2 NA
21093 GaozhaiM4_17_LowCov.AG 0 0 1 2 NA
21094 GaozhaiM4_20.AG 0 0 2 2 2
21095 GaozhaiM4_2.AG 0 0 2 2 2
21096 GaozhaiM4_4.AG 0 0 1 2 2
21097 GaozhaiM4_5.AG 0 0 1 2 2
21098 GaozhaiM4_6.AG 0 0 1 2 2
21099 GaozhaiM4_7.AG 0 0 1 2 2
21100 GaozhaiM4_8.AG 0 0 1 2 2
21101 GuchengcunM2.AG 0 0 2 2 2
21102 HaibaoshanM75_d_LowCov_d.SG 0 0 2 2 NA
21103 HaibaoshanM76_d_d.SG 0 0 1 2 NA
21104 HaibaoshanM96.SG 0 0 1 2 2
21105 HongtupoM1.AG 0 0 2 2 NA
21106 HongtupoM2.AG 0 0 1 2 2
21107 HongtupoM3_LowCov.AG 0 0 2 2 NA
21108 JiangbianM165.AG 0 0 2 2 2
21109 JiangxifenM382.SG 0 0 2 2 NA
21110 JiangxifenM405.SG 0 0 2 2 2
21111 JiangxifenM437.SG 0 0 2 2 NA
21112 JiangxifenM489.AG 0 0 1 2 NA
21113 JiangxifenM492.SG 0 0 2 2 NA
21114 JiangxifenM65.SG 0 0 2 2 NA
21115 JichaM11.AG 0 0 1 2 2
21116 JichaM14.AG 0 0 2 2 2
21117 JichaM1.AG 0 0 2 2 2
21118 JichaM22.AG 0 0 1 2 2
21119 JichaM31.AG 0 0 2 2 2
21120 JichaM35.AG 0 0 1 2 2
21121 JichaM37.AG 0 0 1 2 2
21122 JichaM42.AG 0 0 1 2 2
21123 JichaM52.AG 0 0 2 2 2
21124 JichaM5.AG 0 0 2 2 2
21125 JichaM6.AG 0 0 2 2 2
21126 JichaM8.AG 0 0 2 2 2
21127 JinlianshanM15_2.SG 0 0 2 2 NA
21128 JinlianshanM15_4_3.SG 0 0 1 2 2
21129 JinlianshanM15_4_4.SG 0 0 1 2 NA
21130 JinlianshanM15_4_6.AG 0 0 2 2 NA
21131 JinlianshanM15_4_7.AG 0 0 2 2 NA
21132 JinlianshanM15_4_8_LowCov.AG 0 0 1 2 NA
21133 JinlianshanM15_4_9.AG 0 0 1 2 NA
21134 JinlianshanM15_5_1.AG.SG 0 0 2 2 2
21135 JinlianshanM15_5_1.AG 0 0 2 2 2
21136 JinlianshanM15_5_1_sg.SG 0 0 2 2 NA
21137 JinlianshanM15_5_5.AG 0 0 1 2 2
21138 JinlianshanM15_5.AG.SG 0 0 1 2 2
21139 JinlianshanM15_5.AG 0 0 1 2 2
21140 JinlianshanM15_5_sg.SG 0 0 1 2 2
21141 JinlianshanM22_LowCov.AG 0 0 0 2 NA
21142 JinlianshanM29_2_1.SG 0 0 2 2 NA
21143 JinlianshanM29_2_4.AG.SG 0 0 2 2 2
21144 JinlianshanM29_2_4.AG 0 0 2 2 2
21145 JinlianshanM29_2_4_sg.SG 0 0 2 2 NA
21146 JinlianshanM29_2.SG 0 0 1 2 NA
21147 JinlianshanM29_4_1_LowCov.AG 0 0 0 2 NA
21148 JinlianshanM29_4_2.SG 0 0 2 2 NA
21149 JinlianshanM29_4_3_Com.AG 0 0 1 2 NA
21150 JinlianshanM29_4_4.AG 0 0 2 2 2
21151 JinlianshanM29_4_5.AG 0 0 1 2 NA
21152 JinlianshanM30_1_2.SG 0 0 1 2 NA
21153 JinlianshanM30_3.SG 0 0 1 2 NA
21154 JinlianshanM32_2_1.AG 0 0 1 2 NA
21155 JinlianshanM62.AG.SG 0 0 1 2 2
21156 JinlianshanM62.AG 0 0 1 2 2
21157 JinlianshanM62_sg.SG 0 0 1 2 NA
21158 JinlianshanM63.AG.SG 0 0 1 2 2
21159 JinlianshanM63.AG 0 0 1 2 2
21160 JinlianshanM63_sg.SG 0 0 1 2 2
21161 JinlianshanM67_1_LowCov.AG 0 0 1 2 NA
21162 JinlianshanM67_2.SG 0 0 2 2 NA
21163 JinlianshanM73_1_d_d.AG 0 0 1 2 NA
21164 JinlianshanM75_2_1.SG 0 0 1 2 2
21165 JinlianshanM75_4_1.AG 0 0 1 2 2
21166 JinshashanM138.AG 0 0 1 2 2
21167 LadianM101.AG 0 0 2 2 2
21168 LadianM26.AG 0 0 1 2 2
21169 LadianM48.AG 0 0 1 2 NA
21170 LadianM78.AG 0 0 2 2 2
21171 MopanshanM3.AG 0 0 2 2 2
21172 XingyiH4.AG.SG 0 0 2 2 2
21173 XingyiH4.AG 0 0 2 2 2
21174 XingyiH4_sg.SG 0 0 2 2 NA
21175 XingyiM11.SG 0 0 2 2 NA
21176 XingyiM12.SG 0 0 1 2 NA
21177 XingyiM13.SG 0 0 2 2 NA
21178 XingyiM14.SG 0 0 1 2 NA
21179 XingyiM15.SG 0 0 2 2 NA
21180 XingyiM17.AG 0 0 2 2 2
21181 XingyiM18.SG 0 0 1 2 2
21182 XingyiM19.SG 0 0 1 2 2
21183 XingyiM1.SG 0 0 1 2 NA
21184 XingyiM20.AG 0 0 1 2 NA
21185 XingyiM2.SG 0 0 1 2 NA
21186 XingyiM3.AG 0 0 2 2 2
21187 XingyiM4.SG 0 0 2 2 2
21188 XingyiM5.AG 0 0 1 2 2
21189 XingyiM6_Com.AG 0 0 2 2 NA
21190 XingyiM7.AG 0 0 1 2 NA
21191 XingyiM9_LowCov.AG 0 0 2 2 NA
21192 XingyiW3.SG 0 0 1 2 NA
21193 XingyiW4.SG 0 0 2 2 2
21194 XueshanM17.SG 0 0 2 2 NA
21195 XueshanM19.AG 0 0 1 2 2
21196 XueshanM21.AG 0 0 1 2 2
21197 XueshanM22.AG 0 0 1 2 NA
21198 XueshanM23.SG 0 0 1 2 NA
21199 XueshanM25_1.AG 0 0 2 2 2
21200 XueshanM25_LowCov.AG 0 0 1 2 NA
21201 XueshanM26_1_d_d.SG 0 0 2 2 NA
21202 XueshanM27.AG 0 0 2 2 2
21203 XueshanM28.SG 0 0 1 2 2
21204 XueshanT0505_3.SG 0 0 1 2 NA
21205 BLG-M76-2.SG 0 0 1 2 2
21206 BLG-M167.SG 0 0 1 2 2
21207 BLG-M174.SG 0 0 1 2 2
21208 BLG-M179-1.SG 0 0 2 2 NA
21209 BLG-M180.SG 0 0 1 2 NA
21210 BLG-M184.SG 0 0 1 2 2
21211 BLG-M224-3.SG 0 0 1 2 2
21212 BLG-M231.SG 0 0 1 2 NA
21213 BLG-M261.SG 0 0 1 2 2
21214 BLG-M13-6.SG 0 0 2 2 2
21215 BLG-M13-20.SG 0 0 1 2 2
21216 BLG-M13-39A.SG 0 0 2 2 NA
21217 BLG-M13-67.SG 0 0 1 2 NA
21218 BLG-M13-69.SG 0 0 1 2 NA
21219 BLG-M13-75.SG 0 0 1 2 NA
21220 BLG-M13-76.SG 0 0 1 2 NA
21221 BLG-M13-86.SG 0 0 2 2 NA
21222 BLG-M13-90.SG 0 0 1 2 NA
21223 BLG-M13-4.SG 0 0 1 2 2
21224 BLG-M13-7.SG 0 0 1 2 NA
21225 BLG-M13-8.SG 0 0 1 2 NA
21226 BLG-M13-12.SG 0 0 1 2 NA
21227 BLG-M13-14.SG 0 0 2 2 2
21228 BLG-M13-17.SG 0 0 2 2 NA
21229 BLG-M13-25.SG 0 0 1 2 2
21230 BLG-M13-28.SG 0 0 2 2 NA
21231 BLG-M13-30.SG 0 0 1 2 NA
21232 BLG-M13-41B.SG 0 0 2 2 2
21233 BLG-M13-44.SG 0 0 1 2 NA
21234 BLG-M13-45.SG 0 0 2 2 NA
21235 BLG-M13-46.SG 0 0 1 2 2
21236 BLG-M13-51.SG 0 0 1 2 NA
21237 BLG-M13-56.SG 0 0 1 2 NA
21238 BLG-M13-64A.SG 0 0 2 2 NA
21239 BLG-M13-68.SG 0 0 1 2 NA
21240 BLG-M13-70.SG 0 0 2 2 NA
21241 BLG-M13-77.SG 0 0 1 2 NA
21242 BLG-M13-87.SG 0 0 1 2 NA
21243 BLG-M13-88.SG 0 0 1 2 NA
21244 BLG-M13-89.SG 0 0 1 2 NA
21245 BLG-M13-TX4.SG 0 0 2 2 NA
21246 BLG-H1284.SG 0 0 1 2 2
21247 BLG-H1416.SG 0 0 2 2 NA
21248 BLG-H182.SG 0 0 2 2 2
21249 BLG-H197.SG 0 0 1 2 2
21250 BLG-H292.SG 0 0 2 2 NA
21251 BLG-M208.SG 0 0 2 2 NA
21252 BLG-H388.SG 0 0 2 2 2
21253 BLG-H616.SG 0 0 1 2 2
21254 BLG-H932.SG 0 0 2 2 NA
21255 BLG-H1664.SG 0 0 2 2 NA
21256 BLG-M203.SG 0 0 1 2 NA
21257 BLG-M209.SG 0 0 2 2 NA
21258 BLG-M191.SG 0 0 2 2 NA
21259 BLG-M194.SG 0 0 2 2 NA
21260 BLG-M195.SG 0 0 1 2 NA
21261 BLG-M198.SG 0 0 1 2 NA
21262 BLG-M204.SG 0 0 1 2 2
21263 YPKP378.SG 0 0 1 2 2
21264 YPKP379.SG 0 0 1 2 2
21265 YPKP380.SG 0 0 1 2 0
21266 YPKP381.SG 0 0 1 2 2
21267 YPKP382.SG 0 0 1 2 2
21268 YPKP383.SG 0 0 0 2 2
21269 YPKP386.SG 0 0 1 2 2
21270 YPKP387.SG 0 0 1 2 2
21271 YPKP388.SG 0 0 1 2 2
21272 YPKP389.SG 0 0 1 2 2
21273 YPKP391.SG 0 0 0 2 2
21274 YPKP392.SG 0 0 1 2 2
21275 YPKP393.SG 0 0 0 2 2
21276 YPKP394.SG 0 0 0 2 2
21277 YPKP395.SG 0 0 0 2 2
21278 YPKP397.SG 0 0 1 2 2
21279 YPKP398.SG 0 0 1 2 0
21280 YPKP399.SG 0 0 1 2 2
21281 YPKP400.SG 0 0 1 2 2
21282 YPKP401.SG 0 0 1 2 2
21283 YPAJK036.SG 0 0 1 2 2
21284 YPAJK040.SG 0 0 1 2 2
21285 YPAJK042.SG 0 0 1 2 2
21286 YPAJK043.SG 0 0 0 2 0
21287 YPAJK047.SG 0 0 0 2 0
21288 YPAJK050.SG 0 0 1 2 2
21289 YPAJK051.SG 0 0 1 2 2
21290 YPAJK052.SG 0 0 1 2 2
21291 YPAJK056.SG 0 0 1 2 2
21292 YPAJK059.SG 0 0 1 2 2
21293 YPAJK060.SG 0 0 1 2 2
21294 YPAJK066.SG 0 0 1 2 2
21295 YPAJK067.SG 0 0 1 2 2
21296 YPAJK069.SG 0 0 1 2 2
21297 YPAJK070.SG 0 0 1 2 2
21298 YPAJK074.SG 0 0 1 2 0
21299 YPAJK075.SG 0 0 1 2 2
21300 YPAJK079.SG 0 0 1 2 2
21301 YPAJK081.SG 0 0 0 2 2
21302 YPAJK087.SG 0 0 1 2 2
21303 YPTPT035.SG 0 0 0 2 2
21304 YPTPT037.SG 0 0 1 2 2
21305 YPTPT038.SG 0 0 1 2 2
21306 YPTPT039.SG 0 0 0 2 0
21307 YPTPT057.SG 0 0 1 2 2
21308 YPTPT059.SG 0 0 0 2 2
21309 YPTPT061.SG 0 0 1 2 2
21310 YPTPT062.SG 0 0 0 2 2
21311 YPTPT063.SG 0 0 1 2 2
21312 YPTPT064.SG 0 0 1 2 2
21313 YPTPT067.SG 0 0 0 2 2
21314 YPTPT069.SG 0 0 0 2 0
21315 YPTPT084.SG 0 0 0 2 2
21316 YPTPT096.SG 0 0 1 2 2
21317 YPTPT097.SG 0 0 1 2 2
21318 YPTPT106.SG 0 0 1 2 2
21319 YPTPT108.SG 0 0 1 2 2
21320 YPTPT110.SG 0 0 1 2 2
21321 YPTPT112.SG 0 0 0 2 2
21322 YPTPT113.SG 0 0 1 2 2
21323 YPZ22.SG 0 0 1 2 0
21324 YPZ31.SG 0 0 1 2 2
21325 YPGB052.SG 0 0 1 2 2
21326 YPGB053.SG 0 0 0 2 2
21327 YPGB054.SG 0 0 1 2 2
21328 YPGB055.SG 0 0 0 2 0
21329 YPGB056.SG 0 0 1 2 2
21330 YPGB057.SG 0 0 0 2 2
21331 YPGB058.SG 0 0 1 2 2
21332 YPGB059.SG 0 0 1 2 2
21333 YPGB060.SG 0 0 0 2 2
21334 YPGB061.SG 0 0 0 2 2
21335 YPGB063.SG 0 0 0 2 2
21336 YPGB064.SG 0 0 1 2 2
21337 YPGB066.SG 0 0 1 2 2
21338 YPGB067.SG 0 0 1 2 2
21339 YPGB068.SG 0 0 1 2 2
21340 YPGB069.SG 0 0 1 2 0
21341 YPGB070.SG 0 0 0 2 2
21342 YPGB071.SG 0 0 1 2 2
21343 cch017.SG 0 0 2 2 NA
21344 cch018.SG 0 0 2 2 NA
21345 cch073.SG 0 0 1 2 NA
21346 cch076.SG 0 0 1 2 NA
21347 cch080.SG 0 0 2 2 NA
21348 CCH083.SG 0 0 1 2 NA
21349 cch097.SG 0 0 1 2 NA
21350 cch102.SG 0 0 2 2 NA
21351 cch103.SG 0 0 2 2 2
21352 cch104.SG 0 0 2 2 NA
21353 cch106.SG 0 0 2 2 NA
21354 cch107.SG 0 0 1 2 NA
21355 cch109.SG 0 0 1 2 NA
21356 cch112.SG 0 0 2 2 NA
21357 cch115.SG 0 0 1 2 NA
21358 cch117.SG 0 0 1 2 NA
21359 cch119.SG 0 0 2 2 2
21360 cch120.SG 0 0 1 2 NA
21361 cch121.SG 0 0 2 2 NA
21362 cch124.SG 0 0 1 2 NA
21363 cch126.SG 0 0 2 2 NA
21364 cch127.SG 0 0 2 2 NA
21365 cch129.SG 0 0 2 2 NA
21366 cch130.SG 0 0 1 2 NA
21367 cch131.SG 0 0 1 2 NA
21368 cch133.SG 0 0 1 2 NA
21369 cch134.SG 0 0 1 2 2
21370 cch135.SG 0 0 2 2 NA
21371 cch136.SG 0 0 2 2 NA
21372 cch139.SG 0 0 1 2 NA
21373 cch140.SG 0 0 2 2 NA
21374 cch142.SG 0 0 1 2 NA
21375 cch146.SG 0 0 1 2 NA
21376 cch148.SG 0 0 0 2 NA
21377 cch151.SG 0 0 1 2 2
21378 cch152.SG 0 0 1 2 2
21379 cch154.SG 0 0 1 2 NA
21380 cch155.SG 0 0 1 2 NA
21381 cch156.SG 0 0 1 2 NA
21382 cch157.SG 0 0 2 2 NA
21383 cch158.SG 0 0 1 2 NA
21384 cch159.SG 0 0 1 2 NA
21385 cch160.SG 0 0 2 2 NA
21386 cch161.SG 0 0 1 2 NA
21387 cch162.SG 0 0 2 2 NA
21388 cch165.SG 0 0 2 2 NA
21389 cch169.SG 0 0 0 2 NA
21390 cch170.SG 0 0 2 2 NA
21391 cch172.SG 0 0 1 2 NA
21392 cch173.SG 0 0 1 2 NA
21393 cch174.SG 0 0 2 2 2
21394 cch175.SG 0 0 1 2 NA
21395 cch176.SG 0 0 2 2 2
21396 cch180.SG 0 0 1 2 NA
21397 cch186.SG 0 0 2 2 NA
21398 cch198.SG 0 0 1 2 NA
21399 cch205.SG 0 0 1 2 NA
21400 cch223.SG 0 0 1 2 NA
21401 cch226.SG 0 0 2 2 NA
21402 cch230.SG 0 0 2 2 NA
21403 cch242.SG 0 0 2 2 2
21404 cch246.SG 0 0 2 2 NA
21405 cch247.SG 0 0 2 2 NA
21406 cch253.SG 0 0 2 2 NA
21407 cch254.SG 0 0 1 2 NA
21408 cch255.SG 0 0 2 2 NA
21409 cch260.SG 0 0 2 2 NA
21410 cch263.SG 0 0 1 2 NA
21411 cch264.SG 0 0 2 2 NA
21412 cch275.SG 0 0 2 2 NA
21413 cch279.SG 0 0 1 2 NA
21414 cch282.SG 0 0 1 2 NA
21415 cch288.SG 0 0 1 2 NA
21416 cch292.SG 0 0 2 2 NA
21417 cch296.SG 0 0 1 2 NA
21418 cch300.SG 0 0 1 2 NA
21419 cch310.SG 0 0 1 2 NA
21420 cch312.SG 0 0 2 2 NA
21421 cch314.SG 0 0 1 2 NA
21422 cch318.SG 0 0 1 2 NA
21423 cch320.SG 0 0 1 2 0
21424 cch322.SG 0 0 1 2 NA
21425 cch326.SG 0 0 1 2 NA
21426 cch328.SG 0 0 1 2 2
21427 cch329.SG 0 0 2 2 NA
21428 cch330.SG 0 0 2 2 NA
21429 cch331.SG 0 0 2 2 NA
21430 cch332.SG 0 0 2 2 NA
21431 cch335.SG 0 0 2 2 NA
21432 cch339.SG 0 0 1 2 2
21433 cch340.SG 0 0 2 2 NA
21434 cch341.SG 0 0 1 2 NA
21435 cch344.SG 0 0 1 2 NA
21436 cch346.SG 0 0 2 2 NA
21437 cch351.SG 0 0 2 2 NA
21438 cch352.SG 0 0 2 2 NA
21439 cch361.SG 0 0 1 2 NA
21440 cch376.SG 0 0 1 2 2
21441 cch461.SG 0 0 0 2 NA
21442 cch463.SG 0 0 2 2 NA
21443 cch466.SG 0 0 1 2 2
21444 cch471.SG 0 0 1 2 NA
21445 cch476.SG 0 0 1 2 NA
21446 cch477.SG 0 0 1 2 NA
21447 cch495.SG 0 0 2 2 NA
21448 cch505.SG 0 0 1 2 NA
21449 cch508.SG 0 0 1 2 NA
21450 cch510.SG 0 0 1 2 NA
21451 cch531.SG 0 0 2 2 NA
21452 95JJLM03.AG 0 0 1 2 2
21453 95JJLM04.AG 0 0 2 2 2
21454 95JJLM09.AG 0 0 1 2 2
21455 95JJLM15.AG 0 0 2 2 NA
21456 95JJLM20.AG 0 0 2 2 NA
21457 95JJLM20-2.AG 0 0 1 2 NA
21458 95JJLM20-3.AG 0 0 1 2 NA
21459 95JJLM26.AG 0 0 1 2 2
21460 95JJLM27.AG 0 0 1 2 2
21461 95JJLM29-1.AG 0 0 1 2 NA
21462 95JJLM29-2.AG 0 0 1 2 NA
21463 95JJLM29-5.AG 0 0 2 2 NA
21464 95JJLM35.AG 0 0 1 2 2
21465 95JJLM37.AG 0 0 1 2 2
21466 95JJLM39.AG 0 0 2 2 NA
21467 95JJLM59.AG 0 0 1 2 NA
21468 95JJLM67.AG 0 0 1 2 NA
21469 95JJLM74.AG 0 0 2 2 2
21470 98JJLM09.AG 0 0 1 2 NA
21471 95JJLM05.AG 0 0 1 2 NA
21472 95JJLM06.AG 0 0 1 2 NA
21473 95JJLM10.AG 0 0 1 2 NA
21474 95JJLM28.AG 0 0 2 2 NA
21475 95JJLM29.AG 0 0 1 2 NA
21476 95JJLM38.AG 0 0 1 2 NA
21477 95JJLM62.AG 0 0 2 2 2
21478 95JJLM11.AG 0 0 2 2 2
21479 95JJLM34.AG 0 0 2 2 NA
21480 95JJLM14.AG 0 0 2 2 NA
21481 95JJLM51.AG 0 0 1 2 NA
21482 95JJLM58.AG 0 0 2 2 NA
21483 95JJLM20-1.AG 0 0 1 2 NA
21484 95JJLM25.AG 0 0 1 2 2
21485 95JJLM13.AG 0 0 1 2 NA
21486 STMM01.AG 0 0 1 2 2
21487 STMM04.AG 0 0 2 2 NA
21488 STMM06.AG 0 0 2 2 2
21489 STMM10.AG 0 0 2 2 NA
21490 STMM13.AG 0 0 2 2 2
21491 STMM12.AG 0 0 0 2 NA
21492 STMM02.AG 0 0 1 2 2
21493 STMM03.AG 0 0 1 2 NA
21494 STMM07.AG 0 0 1 2 0
21495 STMM08.AG 0 0 1 2 NA
21496 STMM09.AG 0 0 2 2 NA
21497 STMM11.AG 0 0 2 2 NA
21498 WestBaikal_BA_n.AG 0 0 2 2 NA
21499 WestBaikal_EN_n.AG 0 0 1 2 NA
21500 B_Australian-3.DG 0 0 2 2 2
21501 B_Australian-4.DG 0 0 1 2 2
21502 B_Crete-1.DG 0 0 2 2 2
21503 B_Crete-2.DG 0 0 1 2 2
21504 B_Dai-4.DG 0 0 1 2 2
21505 B_French-3.DG 0 0 1 2 1
21506 B_Han-3.DG 0 0 1 2 2
21507 B_Ju_hoan_North-4.DG 0 0 1 2 2
21508 B_Karitiana-3.DG 0 0 1 2 2
21509 B_Mandenka-3.DG 0 0 1 2 2
21510 B_Mbuti-4.DG 0 0 1 2 2
21511 B_Mixe-1.DG 0 0 2 2 2
21512 B_Papuan-15.DG 0 0 1 2 2
21513 B_Sardinian-3.DG 0 0 1 2 2
21514 B_Yoruba-3.DG 0 0 1 2 2
21515 S_Abkhasian-1.DG 0 0 1 2 2
21516 S_Abkhasian-2.DG 0 0 1 2 2
21517 S_Adygei-1.DG 0 0 1 2 2
21518 S_Adygei-2.DG 0 0 2 2 2
21519 S_Albanian-1.DG 0 0 2 2 2
21520 S_Aleut-1.DG 0 0 1 2 2
21521 S_Aleut-2.DG 0 0 2 2 1
21522 S_Altaian-1.DG 0 0 1 2 2
21523 S_Ami-1.DG 0 0 1 2 2
21524 S_Ami-2.DG 0 0 1 2 2
21525 S_Armenian-1.DG 0 0 1 2 2
21526 S_Armenian-2.DG 0 0 1 2 2
21527 S_Atayal-1.DG 0 0 1 2 2
21528 S_Balochi-1.DG 0 0 1 2 1
21529 S_Balochi-2.DG 0 0 1 2 2
21530 S_BantuHerero-1.DG 0 0 1 2 2
21531 S_BantuHerero-2.DG 0 0 1 2 2
21532 S_BantuKenya-1.DG 0 0 1 2 2
21533 S_BantuKenya-2.DG 0 0 2 2 2
21534 S_BantuTswana-1.DG 0 0 1 2 2
21535 S_BantuTswana-2.DG 0 0 1 2 2
21536 S_Basque-1.DG 0 0 1 2 0
21537 S_Basque-2.DG 0 0 2 2 2
21538 S_BedouinB-1.DG 0 0 1 2 2
21539 S_BedouinB-2.DG 0 0 2 2 2
21540 S_Bengali-1.DG 0 0 1 2 2
21541 S_Bengali-2.DG 0 0 2 2 2
21542 S_Bergamo-1.DG 0 0 1 2 2
21543 S_Bergamo-2.DG 0 0 2 2 0
21544 S_Biaka-1.DG 0 0 1 2 2
21545 S_Biaka-2.DG 0 0 1 2 2
21546 S_Bougainville-1.DG 0 0 2 2 2
21547 S_Bougainville-2.DG 0 0 2 2 NA
21548 S_Brahmin-1.DG 0 0 1 2 2
21549 S_Brahmin-2.DG 0 0 1 2 2
21550 S_Brahui-1.DG 0 0 1 2 0
21551 S_Brahui-2.DG 0 0 1 2 2
21552 S_Bulgarian-1.DG 0 0 1 2 2
21553 S_Bulgarian-2.DG 0 0 1 2 2
21554 S_Burmese-1.DG 0 0 1 2 2
21555 S_Burmese-2.DG 0 0 1 2 2
21556 S_Burusho-1.DG 0 0 1 2 2
21557 S_Burusho-2.DG 0 0 2 2 2
21558 S_Cambodian-1.DG 0 0 1 2 2
21559 S_Cambodian-2.DG 0 0 2 2 2
21560 S_Chechen-1.DG 0 0 1 2 2
21561 S_Chukchi-1.DG 0 0 1 2 1
21562 S_Czech-2.DG 0 0 1 2 2
21563 S_Dai-1.DG 0 0 2 2 2
21564 S_Dai-2.DG 0 0 1 2 2
21565 S_Dai-3.DG 0 0 2 2 2
21566 S_Daur-2.DG 0 0 2 2 2
21567 S_Druze-1.DG 0 0 2 2 2
21568 S_Druze-2.DG 0 0 1 2 2
21569 S_Dusun-1.DG 0 0 2 2 2
21570 S_Dusun-2.DG 0 0 2 2 2
21571 S_English-1.DG 0 0 1 2 0
21572 S_English-2.DG 0 0 2 2 0
21573 S_Esan-1.DG 0 0 1 2 2
21574 S_Esan-2.DG 0 0 2 2 2
21575 S_Eskimo_Chaplin-1.DG 0 0 1 2 2
21576 S_Eskimo_Naukan-1.DG 0 0 2 2 2
21577 S_Eskimo_Naukan-2.DG 0 0 2 2 2
21578 S_Eskimo_Sireniki-1.DG 0 0 1 2 2
21579 S_Eskimo_Sireniki-2.DG 0 0 2 2 2
21580 S_Estonian-1.DG 0 0 1 2 0
21581 S_Estonian-2.DG 0 0 1 2 1
21582 S_Even-1.DG 0 0 2 2 2
21583 S_Even-2.DG 0 0 1 2 2
21584 S_Even-3.DG 0 0 2 2 2
21585 S_Finnish-1.DG 0 0 2 2 1
21586 S_Finnish-2.DG 0 0 1 2 2
21587 S_Finnish-3.DG 0 0 1 2 0
21588 S_French-1.DG 0 0 1 2 2
21589 S_French-2.DG 0 0 2 2 0
21590 S_Gambian-1.DG 0 0 1 2 2
21591 S_Gambian-2.DG 0 0 2 2 2
21592 S_Georgian-1.DG 0 0 1 2 2
21593 S_Georgian-2.DG 0 0 1 2 2
21594 S_Greek-1.DG 0 0 1 2 2
21595 S_Greek-2.DG 0 0 1 2 2
21596 S_Han-1.DG 0 0 2 2 2
21597 S_Han-2.DG 0 0 1 2 2
21598 S_Hawaiian-1.DG 0 0 1 2 2
21599 S_Hazara-1.DG 0 0 1 2 1
21600 S_Hazara-2.DG 0 0 1 2 2
21601 S_Hezhen-1.DG 0 0 1 2 2
21602 S_Hezhen-2.DG 0 0 2 2 2
21603 S_Hungarian-1.DG 0 0 2 2 2
21604 S_Hungarian-2.DG 0 0 1 2 2
21605 S_Icelandic-1.DG 0 0 2 2 0
21606 S_Icelandic-2.DG 0 0 2 2 NA
21607 S_Igbo-1.DG 0 0 1 2 2
21608 S_Igbo-2.DG 0 0 2 2 2
21609 S_Igorot-1.DG 0 0 2 2 2
21610 S_Igorot-2.DG 0 0 1 2 2
21611 S_Iranian-1.DG 0 0 1 2 2
21612 S_Iranian-2.DG 0 0 1 2 2
21613 S_Iraqi_Jew-1.DG 0 0 2 2 2
21614 S_Iraqi_Jew-2.DG 0 0 1 2 2
21615 S_Irula-1.DG 0 0 1 2 2
21616 S_Irula-2.DG 0 0 1 2 2
21617 S_Itelman-1.DG 0 0 2 2 2
21618 S_Japanese-1.DG 0 0 1 2 2
21619 S_Japanese-2.DG 0 0 2 2 2
21620 S_Japanese-3.DG 0 0 1 2 2
21621 S_Jordanian-1.DG 0 0 1 2 2
21622 S_Jordanian-2.DG 0 0 1 2 2
21623 S_Jordanian-3.DG 0 0 1 2 2
21624 S_Ju_hoan_North-1.DG 0 0 1 2 2
21625 S_Ju_hoan_North-2.DG 0 0 1 2 2
21626 S_Ju_hoan_North-3.DG 0 0 1 2 2
21627 S_Kalash-1.DG 0 0 1 2 2
21628 S_Kalash-2.DG 0 0 2 2 2
21629 S_Kapu-1.DG 0 0 1 2 2
21630 S_Kapu-2.DG 0 0 1 2 2
21631 S_Karitiana-1.DG 0 0 1 2 2
21632 S_Karitiana-2.DG 0 0 2 2 2
21633 S_Khomani_San-1.DG 0 0 2 2 2
21634 S_Khomani_San-2.DG 0 0 2 2 2
21635 S_Khonda_Dora-1.DG 0 0 1 2 2
21636 S_Kinh-1.DG 0 0 2 2 2
21637 S_Kinh-2.DG 0 0 1 2 2
21638 S_Kongo-2.DG 0 0 2 2 2
21639 S_Korean-1.DG 0 0 1 2 2
21640 S_Korean-2.DG 0 0 2 2 2
21641 S_Kusunda-1.DG 0 0 1 2 2
21642 S_Kusunda-2.DG 0 0 1 2 2
21643 S_Kyrgyz-1.DG 0 0 1 2 2
21644 S_Kyrgyz-2.DG 0 0 2 2 1
21645 S_Lahu-1.DG 0 0 2 2 2
21646 S_Lahu-2.DG 0 0 1 2 2
21647 S_Lemande-1.DG 0 0 2 2 2
21648 S_Lemande-2.DG 0 0 1 2 2
21649 S_Lezgin-1.DG 0 0 1 2 1
21650 S_Lezgin-2.DG 0 0 1 2 1
21651 S_Luhya-1.DG 0 0 2 2 2
21652 S_Luhya-2.DG 0 0 1 2 2
21653 S_Luo-1.DG 0 0 1 2 2
21654 S_Luo-2.DG 0 0 2 2 2
21655 S_Madiga-1.DG 0 0 1 2 2
21656 S_Madiga-2.DG 0 0 1 2 2
21657 S_Makrani-1.DG 0 0 1 2 1
21658 S_Makrani-2.DG 0 0 2 2 1
21659 S_Mala-2.DG 0 0 1 2 2
21660 S_Mala-3.DG 0 0 1 2 2
21661 S_Mandenka-1.DG 0 0 1 2 2
21662 S_Mandenka-2.DG 0 0 2 2 2
21663 S_Mansi-1.DG 0 0 1 2 2
21664 S_Mansi-2.DG 0 0 2 2 2
21665 S_Maori-1.DG 0 0 1 2 0
21666 S_Masai-1.DG 0 0 1 2 2
21667 S_Masai-2.DG 0 0 1 2 2
21668 S_Mayan-1.DG 0 0 2 2 2
21669 S_Mayan-2.DG 0 0 2 2 2
21670 S_Mbuti-1.DG 0 0 1 2 2
21671 S_Mbuti-2.DG 0 0 2 2 2
21672 S_Mbuti-3.DG 0 0 1 2 2
21673 S_Mende-1.DG 0 0 1 2 2
21674 S_Mende-2.DG 0 0 2 2 2
21675 S_Miao-1.DG 0 0 1 2 2
21676 S_Miao-2.DG 0 0 2 2 2
21677 S_Mixe-2.DG 0 0 2 2 2
21678 S_Mixe-3.DG 0 0 2 2 2
21679 S_Mixtec-1.DG 0 0 1 2 2
21680 S_Mixtec-2.DG 0 0 2 2 2
21681 S_Mongola-1.DG 0 0 1 2 2
21682 S_Mongola-2.DG 0 0 2 2 1
21683 S_Mozabite-1.DG 0 0 1 2 1
21684 S_Mozabite-2.DG 0 0 2 2 1
21685 S_Nahua-1.DG 0 0 0 2 2
21686 S_Nahua-2.DG 0 0 1 2 2
21687 S_Naxi-1.DG 0 0 1 2 2
21688 S_Naxi-2.DG 0 0 1 2 2
21689 S_Naxi-3.DG 0 0 2 2 2
21690 S_North_Ossetian-1.DG 0 0 1 2 1
21691 S_North_Ossetian-2.DG 0 0 1 2 2
21692 S_Norwegian-1.DG 0 0 2 2 0
21693 S_Orcadian-1.DG 0 0 1 2 0
21694 S_Orcadian-2.DG 0 0 2 2 1
21695 S_Oroqen-1.DG 0 0 1 2 2
21696 S_Oroqen-2.DG 0 0 2 2 2
21697 S_Palestinian-1.DG 0 0 1 2 2
21698 S_Palestinian-2.DG 0 0 2 2 2
21699 S_Palestinian-3.DG 0 0 2 2 2
21700 S_Papuan-10.DG 0 0 1 2 2
21701 S_Papuan-11.DG 0 0 1 2 2
21702 S_Papuan-12.DG 0 0 1 2 2
21703 S_Papuan-13.DG 0 0 2 2 2
21704 S_Papuan-14.DG 0 0 2 2 2
21705 S_Papuan-1.DG 0 0 2 2 2
21706 S_Papuan-2.DG 0 0 1 2 2
21707 S_Papuan-3.DG 0 0 1 2 2
21708 S_Papuan-4.DG 0 0 1 2 2
21709 S_Papuan-5.DG 0 0 1 2 2
21710 S_Papuan-6.DG 0 0 1 2 2
21711 S_Papuan-7.DG 0 0 1 2 2
21712 S_Papuan-8.DG 0 0 1 2 2
21713 S_Papuan-9.DG 0 0 1 2 2
21714 S_Pathan-1.DG 0 0 1 2 2
21715 S_Pathan-2.DG 0 0 2 2 1
21716 S_Piapoco-1.DG 0 0 2 2 2
21717 S_Piapoco-2.DG 0 0 2 2 2
21718 S_Pima-1.DG 0 0 1 2 2
21719 S_Pima-2.DG 0 0 2 2 2
21720 S_Polish-1.DG 0 0 1 2 1
21721 S_Punjabi-1.DG 0 0 1 2 2
21722 S_Punjabi-2.DG 0 0 1 2 1
21723 S_Punjabi-3.DG 0 0 2 2 2
21724 S_Punjabi-4.DG 0 0 2 2 1
21725 S_Quechua-1.DG 0 0 2 2 2
21726 S_Quechua-2.DG 0 0 1 2 2
21727 S_Quechua-3.DG 0 0 2 2 2
21728 S_Relli-1.DG 0 0 1 2 2
21729 S_Relli-2.DG 0 0 1 2 2
21730 S_Russian-1.DG 0 0 1 2 2
21731 S_Russian-2.DG 0 0 2 2 2
21732 S_Saami-1.DG 0 0 2 2 1
21733 S_Saami-2.DG 0 0 1 2 2
21734 S_Saharawi-1.DG 0 0 1 2 2
21735 S_Saharawi-2.DG 0 0 1 2 1
21736 S_Samaritan-1.DG 0 0 1 2 2
21737 S_Sardinian-1.DG 0 0 1 2 2
21738 S_Sardinian-2.DG 0 0 2 2 2
21739 S_She-1.DG 0 0 2 2 2
21740 S_She-2.DG 0 0 1 2 2
21741 S_Sindhi-1.DG 0 0 1 2 2
21742 S_Sindhi-2.DG 0 0 2 2 1
21743 S_Somali-1.DG 0 0 2 2 2
21744 S_Spanish-1.DG 0 0 1 2 1
21745 S_Spanish-2.DG 0 0 2 2 1
21746 S_Surui-1.DG 0 0 2 2 2
21747 S_Surui-2.DG 0 0 2 2 2
21748 S_Tajik-1.DG 0 0 1 2 2
21749 S_Tajik-2.DG 0 0 1 2 1
21750 S_Thai-1.DG 0 0 1 2 2
21751 S_Thai-2.DG 0 0 2 2 2
21752 S_Tlingit-1.DG 0 0 1 2 1
21753 S_Tlingit-2.DG 0 0 2 2 2
21754 S_Tu-1.DG 0 0 1 2 2
21755 S_Tu-2.DG 0 0 2 2 2
21756 S_Tubalar-1.DG 0 0 2 2 2
21757 S_Tubalar-2.DG 0 0 2 2 2
21758 S_Tujia-1.DG 0 0 1 2 2
21759 S_Tujia-2.DG 0 0 2 2 2
21760 S_Turkish-1.DG 0 0 1 2 2
21761 S_Turkish-2.DG 0 0 2 2 2
21762 S_Tuscan-1.DG 0 0 2 2 2
21763 S_Tuscan-2.DG 0 0 1 2 1
21764 S_Ulchi-1.DG 0 0 2 2 2
21765 S_Ulchi-2.DG 0 0 2 2 2
21766 S_Uygur-1.DG 0 0 2 2 2
21767 S_Uygur-2.DG 0 0 1 2 2
21768 S_Xibo-1.DG 0 0 1 2 2
21769 S_Xibo-2.DG 0 0 1 2 2
21770 S_Yadava-1.DG 0 0 1 2 2
21771 S_Yadava-2.DG 0 0 1 2 2
21772 S_Yakut-1.DG 0 0 2 2 2
21773 S_Yakut-2.DG 0 0 1 2 2
21774 S_Yemenite_Jew-1.DG 0 0 2 2 2
21775 S_Yemenite_Jew-2.DG 0 0 1 2 2
21776 S_Yi-1.DG 0 0 1 2 2
21777 S_Yi-2.DG 0 0 2 2 2
21778 S_Yoruba-1.DG 0 0 2 2 2
21779 S_Yoruba-2.DG 0 0 1 2 2
21780 S_Zapotec-1.DG 0 0 1 2 2
21781 S_Zapotec-2.DG 0 0 1 2 2
21782 HGDP00001.DG 0 0 1 2 2
21783 HGDP00003.DG 0 0 1 2 1
21784 HGDP00005.DG 0 0 1 2 1
21785 HGDP00007.DG 0 0 1 2 1
21786 HGDP00009.DG 0 0 1 2 1
21787 HGDP00011.DG 0 0 1 2 1
21788 HGDP00013.DG 0 0 1 2 1
21789 HGDP00015.DG 0 0 1 2 1
21790 HGDP00017.DG 0 0 1 2 2
21791 HGDP00019.DG 0 0 1 2 2
21792 HGDP00021.DG 0 0 1 2 0
21793 HGDP00023.DG 0 0 1 2 2
21794 HGDP00025.DG 0 0 1 2 1
21795 HGDP00027.DG 0 0 1 2 0
21796 HGDP00029.DG 0 0 1 2 1
21797 HGDP00031.DG 0 0 1 2 2
21798 HGDP00033.DG 0 0 1 2 2
21799 HGDP00035.DG 0 0 1 2 0
21800 HGDP00037.DG 0 0 1 2 1
21801 HGDP00039.DG 0 0 1 2 2
21802 HGDP00041.DG 0 0 1 2 2
21803 HGDP00043.DG 0 0 1 2 1
21804 HGDP00045.DG 0 0 1 2 2
21805 HGDP00047.DG 0 0 1 2 2
21806 HGDP00049.DG 0 0 1 2 2
21807 HGDP00052.DG 0 0 1 2 2
21808 HGDP00054.DG 0 0 1 2 2
21809 HGDP00056.DG 0 0 1 2 1
21810 HGDP00057.DG 0 0 1 2 2
21811 HGDP00058.DG 0 0 1 2 2
21812 HGDP00060.DG 0 0 1 2 2
21813 HGDP00062.DG 0 0 1 2 1
21814 HGDP00064.DG 0 0 1 2 2
21815 HGDP00066.DG 0 0 1 2 1
21816 HGDP00068.DG 0 0 1 2 0
21817 HGDP00070.DG 0 0 1 2 2
21818 HGDP00072.DG 0 0 1 2 2
21819 HGDP00074.DG 0 0 1 2 1
21820 HGDP00076.DG 0 0 1 2 1
21821 HGDP00078.DG 0 0 1 2 1
21822 HGDP00080.DG 0 0 1 2 1
21823 HGDP00082.DG 0 0 1 2 2
21824 HGDP00086.DG 0 0 1 2 1
21825 HGDP00088.DG 0 0 1 2 1
21826 HGDP00090.DG 0 0 1 2 1
21827 HGDP00092.DG 0 0 1 2 2
21828 HGDP00094.DG 0 0 1 2 0
21829 HGDP00096.DG 0 0 1 2 0
21830 HGDP00098.DG 0 0 1 2 2
21831 HGDP00099.DG 0 0 1 2 1
21832 HGDP00100.DG 0 0 1 2 2
21833 HGDP00102.DG 0 0 1 2 2
21834 HGDP00103.DG 0 0 1 2 2
21835 HGDP00104.DG 0 0 1 2 2
21836 HGDP00105.DG 0 0 1 2 2
21837 HGDP00106.DG 0 0 1 2 2
21838 HGDP00108.DG 0 0 1 2 2
21839 HGDP00109.DG 0 0 1 2 2
21840 HGDP00110.DG 0 0 1 2 2
21841 HGDP00115.DG 0 0 1 2 2
21842 HGDP00118.DG 0 0 1 2 2
21843 HGDP00120.DG 0 0 1 2 2
21844 HGDP00121.DG 0 0 1 2 2
21845 HGDP00122.DG 0 0 1 2 2
21846 HGDP00124.DG 0 0 1 2 1
21847 HGDP00125.DG 0 0 1 2 2
21848 HGDP00127.DG 0 0 1 2 1
21849 HGDP00129.DG 0 0 1 2 2
21850 HGDP00130.DG 0 0 1 2 2
21851 HGDP00131.DG 0 0 1 2 1
21852 HGDP00133.DG 0 0 1 2 0
21853 HGDP00134.DG 0 0 1 2 1
21854 HGDP00135.DG 0 0 1 2 1
21855 HGDP00136.DG 0 0 1 2 2
21856 HGDP00137.DG 0 0 1 2 1
21857 HGDP00139.DG 0 0 1 2 2
21858 HGDP00140.DG 0 0 1 2 1
21859 HGDP00141.DG 0 0 1 2 0
21860 HGDP00143.DG 0 0 1 2 2
21861 HGDP00144.DG 0 0 1 2 1
21862 HGDP00145.DG 0 0 1 2 1
21863 HGDP00146.DG 0 0 1 2 2
21864 HGDP00148.DG 0 0 1 2 2
21865 HGDP00149.DG 0 0 1 2 2
21866 HGDP00150.DG 0 0 1 2 2
21867 HGDP00151.DG 0 0 2 2 1
21868 HGDP00153.DG 0 0 2 2 1
21869 HGDP00154.DG 0 0 2 2 2
21870 HGDP00155.DG 0 0 2 2 2
21871 HGDP00157.DG 0 0 2 2 1
21872 HGDP00158.DG 0 0 1 2 1
21873 HGDP00160.DG 0 0 1 2 1
21874 HGDP00161.DG 0 0 1 2 1
21875 HGDP00163.DG 0 0 1 2 1
21876 HGDP00165.DG 0 0 1 2 0
21877 HGDP00167.DG 0 0 1 2 2
21878 HGDP00169.DG 0 0 1 2 1
21879 HGDP00171.DG 0 0 1 2 2
21880 HGDP00173.DG 0 0 1 2 2
21881 HGDP00175.DG 0 0 1 2 2
21882 HGDP00177.DG 0 0 1 2 2
21883 HGDP00179.DG 0 0 1 2 0
21884 HGDP00181.DG 0 0 1 2 2
21885 HGDP00183.DG 0 0 1 2 2
21886 HGDP00185.DG 0 0 1 2 1
21887 HGDP00187.DG 0 0 1 2 2
21888 HGDP00189.DG 0 0 1 2 1
21889 HGDP00191.DG 0 0 1 2 1
21890 HGDP00192.DG 0 0 2 2 1
21891 HGDP00195.DG 0 0 2 2 1
21892 HGDP00197.DG 0 0 1 2 2
21893 HGDP00199.DG 0 0 1 2 0
21894 HGDP00201.DG 0 0 1 2 2
21895 HGDP00205.DG 0 0 1 2 2
21896 HGDP00206.DG 0 0 2 2 1
21897 HGDP00208.DG 0 0 1 2 2
21898 HGDP00210.DG 0 0 2 2 1
21899 HGDP00213.DG 0 0 1 2 2
21900 HGDP00214.DG 0 0 1 2 1
21901 HGDP00216.DG 0 0 1 2 2
21902 HGDP00218.DG 0 0 1 2 1
21903 HGDP00222.DG 0 0 1 2 1
21904 HGDP00224.DG 0 0 1 2 2
21905 HGDP00226.DG 0 0 1 2 2
21906 HGDP00228.DG 0 0 1 2 1
21907 HGDP00230.DG 0 0 1 2 1
21908 HGDP00232.DG 0 0 2 2 1
21909 HGDP00234.DG 0 0 1 2 2
21910 HGDP00237.DG 0 0 2 2 2
21911 HGDP00239.DG 0 0 2 2 2
21912 HGDP00241.DG 0 0 1 2 1
21913 HGDP00243.DG 0 0 1 2 1
21914 HGDP00244.DG 0 0 2 2 0
21915 HGDP00247.DG 0 0 2 2 1
21916 HGDP00248.DG 0 0 1 2 1
21917 HGDP00251.DG 0 0 1 2 1
21918 HGDP00254.DG 0 0 1 2 2
21919 HGDP00258.DG 0 0 1 2 2
21920 HGDP00259.DG 0 0 1 2 1
21921 HGDP00262.DG 0 0 1 2 2
21922 HGDP00264.DG 0 0 1 2 1
21923 HGDP00274.DG 0 0 0 2 2
21924 HGDP00277.DG 0 0 1 2 2
21925 HGDP00279.DG 0 0 1 2 2
21926 HGDP00281.DG 0 0 1 2 2
21927 HGDP00285.DG 0 0 1 2 2
21928 HGDP00286.DG 0 0 2 2 2
21929 HGDP00288.DG 0 0 1 2 2
21930 HGDP00290.DG 0 0 1 2 2
21931 HGDP00298.DG 0 0 2 2 2
21932 HGDP00302.DG 0 0 1 2 2
21933 HGDP00304.DG 0 0 0 2 2
21934 HGDP00307.DG 0 0 1 2 2
21935 HGDP00309.DG 0 0 1 2 2
21936 HGDP00311.DG 0 0 1 2 2
21937 HGDP00313.DG 0 0 1 2 2
21938 HGDP00315.DG 0 0 1 2 2
21939 HGDP00319.DG 0 0 1 2 2
21940 HGDP00323.DG 0 0 2 2 2
21941 HGDP00326.DG 0 0 1 2 2
21942 HGDP00328.DG 0 0 1 2 2
21943 HGDP00330.DG 0 0 1 2 2
21944 HGDP00333.DG 0 0 1 2 2
21945 HGDP00338.DG 0 0 2 2 2
21946 HGDP00341.DG 0 0 1 2 2
21947 HGDP00346.DG 0 0 1 2 2
21948 HGDP00351.DG 0 0 1 2 2
21949 HGDP00356.DG 0 0 2 2 2
21950 HGDP00359.DG 0 0 1 2 1
21951 HGDP00364.DG 0 0 1 2 2
21952 HGDP00371.DG 0 0 2 2 2
21953 HGDP00372.DG 0 0 1 2 2
21954 HGDP00376.DG 0 0 1 2 2
21955 HGDP00382.DG 0 0 1 2 2
21956 HGDP00388.DG 0 0 1 2 2
21957 HGDP00392.DG 0 0 1 2 2
21958 HGDP00397.DG 0 0 1 2 1
21959 HGDP00402.DG 0 0 1 2 1
21960 HGDP00407.DG 0 0 1 2 2
21961 HGDP00412.DG 0 0 1 2 2
21962 HGDP00417.DG 0 0 1 2 2
21963 HGDP00423.DG 0 0 1 2 2
21964 HGDP00428.DG 0 0 1 2 2
21965 HGDP00433.DG 0 0 1 2 2
21966 HGDP00438.DG 0 0 1 2 1
21967 HGDP00444.DG 0 0 2 2 2
21968 HGDP00445.DG 0 0 1 2 1
21969 HGDP00449.DG 0 0 1 2 2
21970 HGDP00450.DG 0 0 1 2 2
21971 HGDP00452.DG 0 0 1 2 2
21972 HGDP00453.DG 0 0 1 2 2
21973 HGDP00454.DG 0 0 1 2 2
21974 HGDP00455.DG 0 0 1 2 2
21975 HGDP00456.DG 0 0 1 2 2
21976 HGDP00457.DG 0 0 1 2 2
21977 HGDP00458.DG 0 0 1 2 2
21978 HGDP00459.DG 0 0 1 2 2
21979 HGDP00460.DG 0 0 1 2 2
21980 HGDP00461.DG 0 0 1 2 2
21981 HGDP00462.DG 0 0 1 2 2
21982 HGDP00463.DG 0 0 1 2 2
21983 HGDP00464.DG 0 0 1 2 2
21984 HGDP00466.DG 0 0 1 2 2
21985 HGDP00467.DG 0 0 1 2 2
21986 HGDP00469.DG 0 0 1 2 2
21987 HGDP00470.DG 0 0 1 2 2
21988 HGDP00471.DG 0 0 2 2 2
21989 HGDP00472.DG 0 0 1 2 2
21990 HGDP00473.DG 0 0 1 2 2
21991 HGDP00474.DG 0 0 1 2 2
21992 HGDP00475.DG 0 0 1 2 2
21993 HGDP00476.DG 0 0 2 2 2
21994 HGDP00478.DG 0 0 1 2 2
21995 HGDP00479.DG 0 0 1 2 2
21996 HGDP00491.DG 0 0 1 2 2
21997 HGDP00511.DG 0 0 1 2 1
21998 HGDP00512.DG 0 0 1 2 1
21999 HGDP00513.DG 0 0 2 2 1
22000 HGDP00514.DG 0 0 2 2 0
22001 HGDP00515.DG 0 0 1 2 2
22002 HGDP00516.DG 0 0 2 2 2
22003 HGDP00517.DG 0 0 2 2 1
22004 HGDP00518.DG 0 0 1 2 1
22005 HGDP00519.DG 0 0 1 2 0
22006 HGDP00520.DG 0 0 2 2 2
22007 HGDP00521.DG 0 0 1 2 2
22008 HGDP00522.DG 0 0 1 2 0
22009 HGDP00523.DG 0 0 2 2 2
22010 HGDP00524.DG 0 0 2 2 1
22011 HGDP00525.DG 0 0 1 2 2
22012 HGDP00526.DG 0 0 2 2 0
22013 HGDP00527.DG 0 0 2 2 1
22014 HGDP00528.DG 0 0 1 2 0
22015 HGDP00529.DG 0 0 2 2 0
22016 HGDP00530.DG 0 0 1 2 2
22017 HGDP00531.DG 0 0 2 2 1
22018 HGDP00533.DG 0 0 1 2 1
22019 HGDP00534.DG 0 0 2 2 2
22020 HGDP00535.DG 0 0 2 2 2
22021 HGDP00536.DG 0 0 2 2 1
22022 HGDP00537.DG 0 0 2 2 1
22023 HGDP00538.DG 0 0 1 2 1
22024 HGDP00539.DG 0 0 2 2 2
22025 HGDP00540.DG 0 0 1 2 2
22026 HGDP00541.DG 0 0 1 2 2
22027 HGDP00542.DG 0 0 1 2 2
22028 HGDP00543.DG 0 0 1 2 2
22029 HGDP00544.DG 0 0 2 2 2
22030 HGDP00545.DG 0 0 1 2 2
22031 HGDP00546.DG 0 0 1 2 2
22032 HGDP00547.DG 0 0 1 2 2
22033 HGDP00548.DG 0 0 1 2 2
22034 HGDP00549.DG 0 0 1 2 2
22035 HGDP00550.DG 0 0 2 2 2
22036 HGDP00551.DG 0 0 1 2 2
22037 HGDP00552.DG 0 0 2 2 2
22038 HGDP00553.DG 0 0 1 2 2
22039 HGDP00554.DG 0 0 2 2 2
22040 HGDP00555.DG 0 0 1 2 2
22041 HGDP00556.DG 0 0 1 2 2
22042 HGDP00557.DG 0 0 2 2 2
22043 HGDP00558.DG 0 0 2 2 2
22044 HGDP00559.DG 0 0 2 2 2
22045 HGDP00560.DG 0 0 2 2 2
22046 HGDP00561.DG 0 0 2 2 2
22047 HGDP00562.DG 0 0 1 2 1
22048 HGDP00563.DG 0 0 2 2 2
22049 HGDP00564.DG 0 0 2 2 2
22050 HGDP00565.DG 0 0 2 2 2
22051 HGDP00566.DG 0 0 2 2 2
22052 HGDP00567.DG 0 0 2 2 2
22053 HGDP00568.DG 0 0 0 2 2
22054 HGDP00569.DG 0 0 2 2 2
22055 HGDP00571.DG 0 0 2 2 2
22056 HGDP00572.DG 0 0 2 2 2
22057 HGDP00573.DG 0 0 2 2 2
22058 HGDP00574.DG 0 0 2 2 2
22059 HGDP00575.DG 0 0 2 2 2
22060 HGDP00576.DG 0 0 1 2 2
22061 HGDP00577.DG 0 0 2 2 2
22062 HGDP00578.DG 0 0 2 2 2
22063 HGDP00579.DG 0 0 2 2 2
22064 HGDP00580.DG 0 0 1 2 2
22065 HGDP00581.DG 0 0 2 2 2
22066 HGDP00582.DG 0 0 2 2 2
22067 HGDP00583.DG 0 0 2 2 2
22068 HGDP00584.DG 0 0 2 2 2
22069 HGDP00586.DG 0 0 2 2 2
22070 HGDP00587.DG 0 0 2 2 2
22071 HGDP00588.DG 0 0 1 2 2
22072 HGDP00590.DG 0 0 0 2 2
22073 HGDP00591.DG 0 0 2 2 2
22074 HGDP00594.DG 0 0 1 2 1
22075 HGDP00595.DG 0 0 1 2 2
22076 HGDP00597.DG 0 0 1 2 2
22077 HGDP00598.DG 0 0 1 2 2
22078 HGDP00599.DG 0 0 1 2 2
22079 HGDP00600.DG 0 0 1 2 2
22080 HGDP00601.DG 0 0 2 2 2
22081 HGDP00602.DG 0 0 1 2 2
22082 HGDP00604.DG 0 0 1 2 2
22083 HGDP00606.DG 0 0 2 2 2
22084 HGDP00607.DG 0 0 2 2 2
22085 HGDP00608.DG 0 0 1 2 2
22086 HGDP00609.DG 0 0 1 2 2
22087 HGDP00610.DG 0 0 1 2 2
22088 HGDP00611.DG 0 0 1 2 2
22089 HGDP00612.DG 0 0 2 2 2
22090 HGDP00613.DG 0 0 2 2 2
22091 HGDP00614.DG 0 0 2 2 1
22092 HGDP00615.DG 0 0 2 2 2
22093 HGDP00616.DG 0 0 1 2 2
22094 HGDP00618.DG 0 0 1 2 2
22095 HGDP00619.DG 0 0 1 2 2
22096 HGDP00620.DG 0 0 1 2 2
22097 HGDP00621.DG 0 0 1 2 2
22098 HGDP00622.DG 0 0 1 2 2
22099 HGDP00623.DG 0 0 1 2 1
22100 HGDP00624.DG 0 0 1 2 2
22101 HGDP00625.DG 0 0 1 2 2
22102 HGDP00626.DG 0 0 1 2 1
22103 HGDP00627.DG 0 0 1 2 2
22104 HGDP00628.DG 0 0 1 2 2
22105 HGDP00629.DG 0 0 1 2 2
22106 HGDP00630.DG 0 0 1 2 2
22107 HGDP00631.DG 0 0 1 2 2
22108 HGDP00632.DG 0 0 2 2 2
22109 HGDP00634.DG 0 0 2 2 2
22110 HGDP00635.DG 0 0 2 2 2
22111 HGDP00636.DG 0 0 2 2 2
22112 HGDP00637.DG 0 0 2 2 2
22113 HGDP00638.DG 0 0 2 2 2
22114 HGDP00639.DG 0 0 1 2 2
22115 HGDP00640.DG 0 0 1 2 2
22116 HGDP00641.DG 0 0 1 2 2
22117 HGDP00642.DG 0 0 1 2 2
22118 HGDP00643.DG 0 0 2 2 2
22119 HGDP00644.DG 0 0 1 2 2
22120 HGDP00645.DG 0 0 1 2 2
22121 HGDP00646.DG 0 0 2 2 2
22122 HGDP00647.DG 0 0 2 2 2
22123 HGDP00648.DG 0 0 1 2 2
22124 HGDP00649.DG 0 0 2 2 2
22125 HGDP00650.DG 0 0 2 2 2
22126 HGDP00651.DG 0 0 2 2 2
22127 HGDP00653.DG 0 0 2 2 2
22128 HGDP00654.DG 0 0 1 2 2
22129 HGDP00655.DG 0 0 1 2 2
22130 HGDP00656.DG 0 0 2 2 2
22131 HGDP00660.DG 0 0 2 2 2
22132 HGDP00661.DG 0 0 2 2 2
22133 HGDP00662.DG 0 0 1 2 2
22134 HGDP00663.DG 0 0 2 2 2
22135 HGDP00664.DG 0 0 2 2 2
22136 HGDP00665.DG 0 0 1 2 1
22137 HGDP00666.DG 0 0 1 2 2
22138 HGDP00667.DG 0 0 2 2 2
22139 HGDP00668.DG 0 0 1 2 2
22140 HGDP00669.DG 0 0 2 2 2
22141 HGDP00670.DG 0 0 1 2 1
22142 HGDP00671.DG 0 0 1 2 2
22143 HGDP00672.DG 0 0 2 2 2
22144 HGDP00673.DG 0 0 2 2 2
22145 HGDP00674.DG 0 0 1 2 2
22146 HGDP00675.DG 0 0 1 2 2
22147 HGDP00676.DG 0 0 1 2 2
22148 HGDP00677.DG 0 0 1 2 2
22149 HGDP00678.DG 0 0 1 2 2
22150 HGDP00679.DG 0 0 2 2 1
22151 HGDP00680.DG 0 0 2 2 2
22152 HGDP00682.DG 0 0 2 2 2
22153 HGDP00683.DG 0 0 2 2 2
22154 HGDP00684.DG 0 0 2 2 2
22155 HGDP00685.DG 0 0 2 2 2
22156 HGDP00686.DG 0 0 2 2 2
22157 HGDP00687.DG 0 0 2 2 2
22158 HGDP00688.DG 0 0 2 2 2
22159 HGDP00689.DG 0 0 2 2 2
22160 HGDP00690.DG 0 0 2 2 2
22161 HGDP00691.DG 0 0 2 2 2
22162 HGDP00692.DG 0 0 2 2 2
22163 HGDP00693.DG 0 0 2 2 1
22164 HGDP00694.DG 0 0 2 2 2
22165 HGDP00696.DG 0 0 2 2 2
22166 HGDP00697.DG 0 0 2 2 2
22167 HGDP00698.DG 0 0 2 2 2
22168 HGDP00699.DG 0 0 2 2 2
22169 HGDP00700.DG 0 0 2 2 2
22170 HGDP00701.DG 0 0 2 2 2
22171 HGDP00702.DG 0 0 2 2 2
22172 HGDP00703.DG 0 0 1 2 2
22173 HGDP00704.DG 0 0 2 2 2
22174 HGDP00706.DG 0 0 2 2 2
22175 HGDP00708.DG 0 0 0 2 2
22176 HGDP00710.DG 0 0 0 2 2
22177 HGDP00711.DG 0 0 1 2 2
22178 HGDP00712.DG 0 0 2 2 2
22179 HGDP00713.DG 0 0 2 2 2
22180 HGDP00714.DG 0 0 1 2 2
22181 HGDP00715.DG 0 0 1 2 2
22182 HGDP00716.DG 0 0 1 2 2
22183 HGDP00717.DG 0 0 1 2 2
22184 HGDP00719.DG 0 0 2 2 2
22185 HGDP00721.DG 0 0 2 2 2
22186 HGDP00722.DG 0 0 1 2 2
22187 HGDP00723.DG 0 0 1 2 2
22188 HGDP00724.DG 0 0 1 2 2
22189 HGDP00725.DG 0 0 2 2 2
22190 HGDP00726.DG 0 0 1 2 2
22191 HGDP00727.DG 0 0 1 2 2
22192 HGDP00729.DG 0 0 1 2 2
22193 HGDP00730.DG 0 0 1 2 1
22194 HGDP00731.DG 0 0 1 2 2
22195 HGDP00732.DG 0 0 1 2 2
22196 HGDP00733.DG 0 0 1 2 2
22197 HGDP00734.DG 0 0 1 2 2
22198 HGDP00735.DG 0 0 2 2 2
22199 HGDP00736.DG 0 0 2 2 2
22200 HGDP00737.DG 0 0 2 2 2
22201 HGDP00738.DG 0 0 2 2 2
22202 HGDP00739.DG 0 0 2 2 2
22203 HGDP00740.DG 0 0 2 2 2
22204 HGDP00741.DG 0 0 2 2 2
22205 HGDP00744.DG 0 0 2 2 2
22206 HGDP00745.DG 0 0 2 2 1
22207 HGDP00746.DG 0 0 0 2 2
22208 HGDP00747.DG 0 0 1 2 2
22209 HGDP00748.DG 0 0 1 2 2
22210 HGDP00749.DG 0 0 1 2 2
22211 HGDP00750.DG 0 0 1 2 2
22212 HGDP00751.DG 0 0 1 2 2
22213 HGDP00752.DG 0 0 1 2 2
22214 HGDP00753.DG 0 0 1 2 2
22215 HGDP00754.DG 0 0 2 2 2
22216 HGDP00755.DG 0 0 1 2 2
22217 HGDP00756.DG 0 0 2 2 2
22218 HGDP00757.DG 0 0 1 2 2
22219 HGDP00758.DG 0 0 1 2 2
22220 HGDP00759.DG 0 0 1 2 2
22221 HGDP00760.DG 0 0 2 2 2
22222 HGDP00761.DG 0 0 2 2 2
22223 HGDP00762.DG 0 0 1 2 2
22224 HGDP00764.DG 0 0 1 2 2
22225 HGDP00765.DG 0 0 2 2 2
22226 HGDP00766.DG 0 0 1 2 2
22227 HGDP00767.DG 0 0 1 2 2
22228 HGDP00769.DG 0 0 1 2 2
22229 HGDP00771.DG 0 0 2 2 2
22230 HGDP00772.DG 0 0 2 2 2
22231 HGDP00773.DG 0 0 2 2 2
22232 HGDP00774.DG 0 0 1 2 2
22233 HGDP00775.DG 0 0 1 2 2
22234 HGDP00776.DG 0 0 2 2 2
22235 HGDP00777.DG 0 0 1 2 2
22236 HGDP00778.DG 0 0 1 2 2
22237 HGDP00779.DG 0 0 1 2 2
22238 HGDP00780.DG 0 0 1 2 2
22239 HGDP00781.DG 0 0 2 2 2
22240 HGDP00782.DG 0 0 1 2 2
22241 HGDP00783.DG 0 0 2 2 2
22242 HGDP00784.DG 0 0 2 2 2
22243 HGDP00785.DG 0 0 1 2 2
22244 HGDP00786.DG 0 0 1 2 2
22245 HGDP00787.DG 0 0 2 2 2
22246 HGDP00788.DG 0 0 1 2 2
22247 HGDP00790.DG 0 0 1 2 2
22248 HGDP00791.DG 0 0 1 2 2
22249 HGDP00794.DG 0 0 2 2 1
22250 HGDP00795.DG 0 0 1 2 0
22251 HGDP00796.DG 0 0 2 2 1
22252 HGDP00797.DG 0 0 2 2 0
22253 HGDP00798.DG 0 0 1 2 0
22254 HGDP00799.DG 0 0 2 2 0
22255 HGDP00800.DG 0 0 2 2 0
22256 HGDP00802.DG 0 0 2 2 1
22257 HGDP00803.DG 0 0 1 2 2
22258 HGDP00804.DG 0 0 1 2 0
22259 HGDP00805.DG 0 0 2 2 1
22260 HGDP00806.DG 0 0 2 2 1
22261 HGDP00807.DG 0 0 1 2 0
22262 HGDP00808.DG 0 0 1 2 0
22263 HGDP00810.DG 0 0 1 2 1
22264 HGDP00811.DG 0 0 2 2 2
22265 HGDP00812.DG 0 0 2 2 2
22266 HGDP00813.DG 0 0 2 2 2
22267 HGDP00814.DG 0 0 2 2 2
22268 HGDP00815.DG 0 0 1 2 2
22269 HGDP00817.DG 0 0 2 2 2
22270 HGDP00818.DG 0 0 2 2 2
22271 HGDP00819.DG 0 0 1 2 2
22272 HGDP00820.DG 0 0 2 2 2
22273 HGDP00821.DG 0 0 1 2 2
22274 HGDP00822.DG 0 0 1 2 2
22275 HGDP00828.DG 0 0 1 2 2
22276 HGDP00832.DG 0 0 2 2 2
22277 HGDP00837.DG 0 0 1 2 2
22278 HGDP00838.DG 0 0 2 2 2
22279 HGDP00843.DG 0 0 1 2 2
22280 HGDP00845.DG 0 0 1 2 2
22281 HGDP00846.DG 0 0 2 2 2
22282 HGDP00849.DG 0 0 1 2 2
22283 HGDP00852.DG 0 0 2 2 2
22284 HGDP00854.DG 0 0 2 2 2
22285 HGDP00855.DG 0 0 2 2 2
22286 HGDP00856.DG 0 0 1 2 2
22287 HGDP00857.DG 0 0 2 2 2
22288 HGDP00858.DG 0 0 2 2 2
22289 HGDP00859.DG 0 0 2 2 2
22290 HGDP00860.DG 0 0 2 2 1
22291 HGDP00861.DG 0 0 2 2 2
22292 HGDP00862.DG 0 0 2 2 2
22293 HGDP00863.DG 0 0 2 2 2
22294 HGDP00864.DG 0 0 2 2 2
22295 HGDP00865.DG 0 0 2 2 2
22296 HGDP00868.DG 0 0 2 2 2
22297 HGDP00869.DG 0 0 2 2 2
22298 HGDP00870.DG 0 0 2 2 2
22299 HGDP00871.DG 0 0 2 2 2
22300 HGDP00872.DG 0 0 2 2 2
22301 HGDP00873.DG 0 0 2 2 2
22302 HGDP00875.DG 0 0 2 2 2
22303 HGDP00876.DG 0 0 2 2 2
22304 HGDP00877.DG 0 0 1 2 2
22305 HGDP00879.DG 0 0 1 2 1
22306 HGDP00880.DG 0 0 1 2 2
22307 HGDP00881.DG 0 0 2 2 2
22308 HGDP00882.DG 0 0 1 2 1
22309 HGDP00883.DG 0 0 1 2 2
22310 HGDP00884.DG 0 0 2 2 2
22311 HGDP00885.DG 0 0 0 2 2
22312 HGDP00886.DG 0 0 0 2 1
22313 HGDP00887.DG 0 0 1 2 2
22314 HGDP00888.DG 0 0 1 2 1
22315 HGDP00889.DG 0 0 2 2 0
22316 HGDP00890.DG 0 0 1 2 2
22317 HGDP00891.DG 0 0 1 2 1
22318 HGDP00892.DG 0 0 1 2 1
22319 HGDP00893.DG 0 0 1 2 2
22320 HGDP00894.DG 0 0 1 2 1
22321 HGDP00895.DG 0 0 1 2 2
22322 HGDP00896.DG 0 0 1 2 2
22323 HGDP00897.DG 0 0 1 2 2
22324 HGDP00898.DG 0 0 2 2 2
22325 HGDP00899.DG 0 0 2 2 2
22326 HGDP00900.DG 0 0 1 2 2
22327 HGDP00901.DG 0 0 2 2 1
22328 HGDP00902.DG 0 0 2 2 1
22329 HGDP00903.DG 0 0 2 2 2
22330 HGDP00904.DG 0 0 1 2 2
22331 HGDP00905.DG 0 0 1 2 2
22332 HGDP00906.DG 0 0 1 2 2
22333 HGDP00907.DG 0 0 1 2 2
22334 HGDP00908.DG 0 0 1 2 2
22335 HGDP00909.DG 0 0 2 2 2
22336 HGDP00910.DG 0 0 2 2 2
22337 HGDP00911.DG 0 0 1 2 2
22338 HGDP00912.DG 0 0 1 2 2
22339 HGDP00913.DG 0 0 1 2 2
22340 HGDP00914.DG 0 0 2 2 2
22341 HGDP00915.DG 0 0 2 2 2
22342 HGDP00917.DG 0 0 2 2 1
22343 HGDP00918.DG 0 0 2 2 2
22344 HGDP00920.DG 0 0 2 2 2
22345 HGDP00924.DG 0 0 2 2 2
22346 HGDP00925.DG 0 0 2 2 2
22347 HGDP00926.DG 0 0 2 2 2
22348 HGDP00927.DG 0 0 1 2 2
22349 HGDP00928.DG 0 0 2 2 2
22350 HGDP00929.DG 0 0 1 2 2
22351 HGDP00930.DG 0 0 1 2 2
22352 HGDP00931.DG 0 0 1 2 2
22353 HGDP00932.DG 0 0 1 2 2
22354 HGDP00933.DG 0 0 2 2 2
22355 HGDP00934.DG 0 0 2 2 2
22356 HGDP00935.DG 0 0 2 2 2
22357 HGDP00936.DG 0 0 1 2 2
22358 HGDP00937.DG 0 0 1 2 2
22359 HGDP00938.DG 0 0 2 2 2
22360 HGDP00939.DG 0 0 2 2 2
22361 HGDP00940.DG 0 0 1 2 2
22362 HGDP00941.DG 0 0 1 2 2
22363 HGDP00942.DG 0 0 1 2 2
22364 HGDP00943.DG 0 0 1 2 2
22365 HGDP00944.DG 0 0 1 2 2
22366 HGDP00945.DG 0 0 1 2 2
22367 HGDP00946.DG 0 0 1 2 2
22368 HGDP00947.DG 0 0 1 2 2
22369 HGDP00948.DG 0 0 1 2 2
22370 HGDP00949.DG 0 0 1 2 2
22371 HGDP00950.DG 0 0 1 2 2
22372 HGDP00951.DG 0 0 1 2 2
22373 HGDP00952.DG 0 0 1 2 2
22374 HGDP00953.DG 0 0 1 2 2
22375 HGDP00954.DG 0 0 1 2 2
22376 HGDP00955.DG 0 0 2 2 2
22377 HGDP00956.DG 0 0 2 2 2
22378 HGDP00957.DG 0 0 2 2 1
22379 HGDP00958.DG 0 0 1 2 2
22380 HGDP00959.DG 0 0 2 2 2
22381 HGDP00960.DG 0 0 1 2 2
22382 HGDP00961.DG 0 0 1 2 2
22383 HGDP00962.DG 0 0 1 2 2
22384 HGDP00963.DG 0 0 2 2 2
22385 HGDP00964.DG 0 0 1 2 2
22386 HGDP00965.DG 0 0 1 2 2
22387 HGDP00966.DG 0 0 2 2 2
22388 HGDP00967.DG 0 0 2 2 2
22389 HGDP00968.DG 0 0 1 2 2
22390 HGDP00969.DG 0 0 1 2 0
22391 HGDP00970.DG 0 0 2 2 2
22392 HGDP00971.DG 0 0 1 2 2
22393 HGDP00972.DG 0 0 2 2 2
22394 HGDP00973.DG 0 0 1 2 2
22395 HGDP00974.DG 0 0 2 2 2
22396 HGDP00975.DG 0 0 2 2 2
22397 HGDP00976.DG 0 0 2 2 2
22398 HGDP00977.DG 0 0 1 2 2
22399 HGDP00982.DG 0 0 1 2 2
22400 HGDP00984.DG 0 0 1 2 2
22401 HGDP00985.DG 0 0 1 2 2
22402 HGDP00986.DG 0 0 1 2 2
22403 HGDP00987.DG 0 0 1 2 2
22404 HGDP00991.DG 0 0 1 2 2
22405 HGDP00992.DG 0 0 1 2 2
22406 HGDP00993.DG 0 0 1 2 2
22407 HGDP00994.DG 0 0 1 2 2
22408 HGDP00995.DG 0 0 2 2 2
22409 HGDP00998.DG 0 0 1 2 2
22410 HGDP00999.DG 0 0 2 2 2
22411 HGDP01001.DG 0 0 2 2 2
22412 HGDP01009.DG 0 0 1 2 2
22413 HGDP01010.DG 0 0 0 2 2
22414 HGDP01012.DG 0 0 1 2 2
22415 HGDP01013.DG 0 0 1 2 2
22416 HGDP01014.DG 0 0 0 2 2
22417 HGDP01015.DG 0 0 1 2 2
22418 HGDP01018.DG 0 0 2 2 2
22419 HGDP01019.DG 0 0 1 2 2
22420 HGDP01021.DG 0 0 2 2 2
22421 HGDP01023.DG 0 0 2 2 2
22422 HGDP01027.DG 0 0 2 2 2
22423 HGDP01028.DG 0 0 1 2 2
22424 HGDP01029.DG 0 0 1 2 2
22425 HGDP01030.DG 0 0 1 2 2
22426 HGDP01031.DG 0 0 1 2 2
22427 HGDP01032.DG 0 0 1 2 2
22428 HGDP01033.DG 0 0 1 2 2
22429 HGDP01034.DG 0 0 1 2 2
22430 HGDP01035.DG 0 0 1 2 2
22431 HGDP01036.DG 0 0 1 2 2
22432 HGDP01037.DG 0 0 1 2 2
22433 HGDP01041.DG 0 0 2 2 2
22434 HGDP01043.DG 0 0 1 2 2
22435 HGDP01044.DG 0 0 2 2 2
22436 HGDP01047.DG 0 0 1 2 2
22437 HGDP01050.DG 0 0 1 2 2
22438 HGDP01053.DG 0 0 2 2 2
22439 HGDP01055.DG 0 0 1 2 2
22440 HGDP01056.DG 0 0 0 2 2
22441 HGDP01057.DG 0 0 1 2 2
22442 HGDP01058.DG 0 0 2 2 2
22443 HGDP01059.DG 0 0 1 2 2
22444 HGDP01060.DG 0 0 1 2 2
22445 HGDP01062.DG 0 0 2 2 2
22446 HGDP01063.DG 0 0 1 2 1
22447 HGDP01064.DG 0 0 2 2 1
22448 HGDP01065.DG 0 0 2 2 2
22449 HGDP01066.DG 0 0 1 2 2
22450 HGDP01067.DG 0 0 1 2 2
22451 HGDP01068.DG 0 0 2 2 2
22452 HGDP01069.DG 0 0 1 2 2
22453 HGDP01070.DG 0 0 2 2 2
22454 HGDP01071.DG 0 0 1 2 2
22455 HGDP01072.DG 0 0 2 2 2
22456 HGDP01073.DG 0 0 1 2 2
22457 HGDP01074.DG 0 0 2 2 2
22458 HGDP01075.DG 0 0 1 2 2
22459 HGDP01076.DG 0 0 1 2 2
22460 HGDP01077.DG 0 0 1 2 2
22461 HGDP01078.DG 0 0 2 2 2
22462 HGDP01079.DG 0 0 1 2 2
22463 HGDP01081.DG 0 0 1 2 2
22464 HGDP01086.DG 0 0 1 2 2
22465 HGDP01090.DG 0 0 1 2 2
22466 HGDP01094.DG 0 0 1 2 2
22467 HGDP01095.DG 0 0 1 2 2
22468 HGDP01096.DG 0 0 1 2 2
22469 HGDP01098.DG 0 0 2 2 2
22470 HGDP01099.DG 0 0 1 2 2
22471 HGDP01100.DG 0 0 1 2 2
22472 HGDP01101.DG 0 0 1 2 2
22473 HGDP01102.DG 0 0 1 2 2
22474 HGDP01103.DG 0 0 1 2 2
22475 HGDP01104.DG 0 0 1 2 2
22476 HGDP01149.DG 0 0 1 2 1
22477 HGDP01151.DG 0 0 1 2 1
22478 HGDP01152.DG 0 0 1 2 2
22479 HGDP01153.DG 0 0 1 2 2
22480 HGDP01155.DG 0 0 1 2 1
22481 HGDP01156.DG 0 0 2 2 1
22482 HGDP01157.DG 0 0 0 2 1
22483 HGDP01161.DG 0 0 1 2 2
22484 HGDP01162.DG 0 0 1 2 2
22485 HGDP01163.DG 0 0 1 2 1
22486 HGDP01164.DG 0 0 1 2 2
22487 HGDP01166.DG 0 0 1 2 2
22488 HGDP01167.DG 0 0 1 2 2
22489 HGDP01168.DG 0 0 2 2 2
22490 HGDP01169.DG 0 0 2 2 2
22491 HGDP01171.DG 0 0 2 2 2
22492 HGDP01172.DG 0 0 2 2 0
22493 HGDP01173.DG 0 0 1 2 2
22494 HGDP01174.DG 0 0 1 2 1
22495 HGDP01177.DG 0 0 2 2 1
22496 HGDP01179.DG 0 0 1 2 2
22497 HGDP01180.DG 0 0 1 2 2
22498 HGDP01181.DG 0 0 1 2 2
22499 HGDP01182.DG 0 0 1 2 2
22500 HGDP01183.DG 0 0 1 2 2
22501 HGDP01184.DG 0 0 1 2 2
22502 HGDP01185.DG 0 0 1 2 2
22503 HGDP01186.DG 0 0 1 2 2
22504 HGDP01187.DG 0 0 1 2 2
22505 HGDP01188.DG 0 0 2 2 2
22506 HGDP01189.DG 0 0 1 2 2
22507 HGDP01190.DG 0 0 1 2 2
22508 HGDP01191.DG 0 0 1 2 2
22509 HGDP01192.DG 0 0 1 2 2
22510 HGDP01193.DG 0 0 1 2 2
22511 HGDP01194.DG 0 0 1 2 2
22512 HGDP01195.DG 0 0 1 2 2
22513 HGDP01196.DG 0 0 2 2 2
22514 HGDP01197.DG 0 0 2 2 2
22515 HGDP01198.DG 0 0 2 2 2
22516 HGDP01199.DG 0 0 1 2 2
22517 HGDP01200.DG 0 0 1 2 2
22518 HGDP01201.DG 0 0 2 2 2
22519 HGDP01202.DG 0 0 1 2 2
22520 HGDP01203.DG 0 0 1 2 2
22521 HGDP01204.DG 0 0 1 2 2
22522 HGDP01205.DG 0 0 1 2 2
22523 HGDP01206.DG 0 0 1 2 2
22524 HGDP01207.DG 0 0 1 2 2
22525 HGDP01208.DG 0 0 1 2 2
22526 HGDP01209.DG 0 0 2 2 2
22527 HGDP01211.DG 0 0 2 2 2
22528 HGDP01212.DG 0 0 2 2 2
22529 HGDP01213.DG 0 0 1 2 2
22530 HGDP01214.DG 0 0 1 2 2
22531 HGDP01215.DG 0 0 2 2 2
22532 HGDP01216.DG 0 0 1 2 2
22533 HGDP01217.DG 0 0 1 2 2
22534 HGDP01218.DG 0 0 1 2 2
22535 HGDP01220.DG 0 0 1 2 1
22536 HGDP01221.DG 0 0 1 2 2
22537 HGDP01222.DG 0 0 2 2 2
22538 HGDP01223.DG 0 0 2 2 1
22539 HGDP01224.DG 0 0 1 2 1
22540 HGDP01225.DG 0 0 1 2 2
22541 HGDP01227.DG 0 0 1 2 2
22542 HGDP01228.DG 0 0 1 2 2
22543 HGDP01229.DG 0 0 1 2 2
22544 HGDP01230.DG 0 0 1 2 2
22545 HGDP01231.DG 0 0 2 2 2
22546 HGDP01232.DG 0 0 2 2 2
22547 HGDP01233.DG 0 0 1 2 2
22548 HGDP01234.DG 0 0 2 2 2
22549 HGDP01236.DG 0 0 1 2 2
22550 HGDP01237.DG 0 0 1 2 2
22551 HGDP01238.DG 0 0 2 2 2
22552 HGDP01239.DG 0 0 1 2 2
22553 HGDP01240.DG 0 0 1 2 2
22554 HGDP01241.DG 0 0 1 2 2
22555 HGDP01242.DG 0 0 2 2 2
22556 HGDP01243.DG 0 0 1 2 2
22557 HGDP01244.DG 0 0 1 2 2
22558 HGDP01245.DG 0 0 1 2 2
22559 HGDP01246.DG 0 0 1 2 2
22560 HGDP01247.DG 0 0 1 2 2
22561 HGDP01248.DG 0 0 1 2 2
22562 HGDP01249.DG 0 0 1 2 2
22563 HGDP01250.DG 0 0 1 2 2
22564 HGDP01251.DG 0 0 2 2 2
22565 HGDP01253.DG 0 0 1 2 1
22566 HGDP01254.DG 0 0 2 2 1
22567 HGDP01255.DG 0 0 1 2 1
22568 HGDP01256.DG 0 0 1 2 2
22569 HGDP01257.DG 0 0 1 2 2
22570 HGDP01258.DG 0 0 1 2 0
22571 HGDP01259.DG 0 0 1 2 1
22572 HGDP01260.DG 0 0 1 2 2
22573 HGDP01261.DG 0 0 1 2 2
22574 HGDP01262.DG 0 0 1 2 2
22575 HGDP01263.DG 0 0 1 2 2
22576 HGDP01264.DG 0 0 1 2 0
22577 HGDP01265.DG 0 0 1 2 2
22578 HGDP01266.DG 0 0 1 2 0
22579 HGDP01267.DG 0 0 0 2 1
22580 HGDP01268.DG 0 0 1 2 2
22581 HGDP01269.DG 0 0 1 2 2
22582 HGDP01270.DG 0 0 2 2 2
22583 HGDP01271.DG 0 0 1 2 2
22584 HGDP01272.DG 0 0 1 2 1
22585 HGDP01274.DG 0 0 2 2 1
22586 HGDP01275.DG 0 0 2 2 2
22587 HGDP01276.DG 0 0 2 2 2
22588 HGDP01277.DG 0 0 2 2 2
22589 HGDP01279.DG 0 0 1 2 2
22590 HGDP01280.DG 0 0 2 2 2
22591 HGDP01282.DG 0 0 1 2 2
22592 HGDP01283.DG 0 0 1 2 2
22593 HGDP01284.DG 0 0 1 2 2
22594 HGDP01285.DG 0 0 1 2 2
22595 HGDP01286.DG 0 0 1 2 2
22596 HGDP01287.DG 0 0 2 2 2
22597 HGDP01288.DG 0 0 1 2 2
22598 HGDP01289.DG 0 0 1 2 2
22599 HGDP01290.DG 0 0 1 2 2
22600 HGDP01291.DG 0 0 2 2 2
22601 HGDP01292.DG 0 0 1 2 2
22602 HGDP01293.DG 0 0 1 2 2
22603 HGDP01294.DG 0 0 1 2 2
22604 HGDP01295.DG 0 0 1 2 2
22605 HGDP01296.DG 0 0 1 2 2
22606 HGDP01297.DG 0 0 1 2 2
22607 HGDP01298.DG 0 0 1 2 2
22608 HGDP01299.DG 0 0 1 2 2
22609 HGDP01300.DG 0 0 1 2 2
22610 HGDP01301.DG 0 0 1 2 2
22611 HGDP01302.DG 0 0 1 2 1
22612 HGDP01303.DG 0 0 1 2 2
22613 HGDP01304.DG 0 0 1 2 2
22614 HGDP01305.DG 0 0 2 2 2
22615 HGDP01306.DG 0 0 2 2 2
22616 HGDP01307.DG 0 0 1 2 2
22617 HGDP01308.DG 0 0 1 2 2
22618 HGDP01309.DG 0 0 1 2 2
22619 HGDP01310.DG 0 0 1 2 2
22620 HGDP01311.DG 0 0 1 2 2
22621 HGDP01312.DG 0 0 1 2 2
22622 HGDP01313.DG 0 0 1 2 2
22623 HGDP01314.DG 0 0 2 2 2
22624 HGDP01315.DG 0 0 2 2 2
22625 HGDP01317.DG 0 0 1 2 2
22626 HGDP01318.DG 0 0 1 2 2
22627 HGDP01319.DG 0 0 1 2 2
22628 HGDP01320.DG 0 0 1 2 2
22629 HGDP01321.DG 0 0 1 2 2
22630 HGDP01322.DG 0 0 1 2 2
22631 HGDP01323.DG 0 0 2 2 2
22632 HGDP01326.DG 0 0 1 2 2
22633 HGDP01327.DG 0 0 1 2 2
22634 HGDP01328.DG 0 0 1 2 2
22635 HGDP01329.DG 0 0 1 2 2
22636 HGDP01330.DG 0 0 1 2 2
22637 HGDP01331.DG 0 0 1 2 2
22638 HGDP01332.DG 0 0 1 2 2
22639 HGDP01333.DG 0 0 1 2 2
22640 HGDP01334.DG 0 0 2 2 2
22641 HGDP01335.DG 0 0 2 2 2
22642 HGDP01336.DG 0 0 2 2 2
22643 HGDP01337.DG 0 0 1 2 2
22644 HGDP01338.DG 0 0 1 2 2
22645 HGDP01339.DG 0 0 1 2 2
22646 HGDP01340.DG 0 0 1 2 2
22647 HGDP01341.DG 0 0 1 2 2
22648 HGDP01342.DG 0 0 1 2 2
22649 HGDP01345.DG 0 0 2 2 2
22650 HGDP01346.DG 0 0 2 2 2
22651 HGDP01347.DG 0 0 1 2 2
22652 HGDP01348.DG 0 0 1 2 2
22653 HGDP01349.DG 0 0 1 2 2
22654 HGDP01350.DG 0 0 1 2 2
22655 HGDP01351.DG 0 0 1 2 2
22656 HGDP01352.DG 0 0 1 2 2
22657 HGDP01353.DG 0 0 1 2 2
22658 HGDP01354.DG 0 0 2 2 2
22659 HGDP01355.DG 0 0 2 2 2
22660 HGDP01356.DG 0 0 2 2 2
22661 HGDP01357.DG 0 0 1 2 1
22662 HGDP01358.DG 0 0 1 2 0
22663 HGDP01359.DG 0 0 1 2 2
22664 HGDP01360.DG 0 0 1 2 0
22665 HGDP01361.DG 0 0 1 2 0
22666 HGDP01362.DG 0 0 1 2 1
22667 HGDP01363.DG 0 0 2 2 2
22668 HGDP01364.DG 0 0 1 2 0
22669 HGDP01365.DG 0 0 2 2 2
22670 HGDP01366.DG 0 0 2 2 1
22671 HGDP01367.DG 0 0 2 2 1
22672 HGDP01368.DG 0 0 0 2 1
22673 HGDP01369.DG 0 0 2 2 1
22674 HGDP01370.DG 0 0 1 2 0
22675 HGDP01372.DG 0 0 1 2 0
22676 HGDP01373.DG 0 0 2 2 0
22677 HGDP01374.DG 0 0 1 2 1
22678 HGDP01375.DG 0 0 1 2 1
22679 HGDP01376.DG 0 0 1 2 1
22680 HGDP01377.DG 0 0 1 2 0
22681 HGDP01378.DG 0 0 1 2 1
22682 HGDP01379.DG 0 0 1 2 0
22683 HGDP01380.DG 0 0 2 2 0
22684 HGDP01382.DG 0 0 2 2 2
22685 HGDP01383.DG 0 0 1 2 2
22686 HGDP01384.DG 0 0 2 2 NA
22687 HGDP01385.DG 0 0 1 2 1
22688 HGDP01386.DG 0 0 2 2 2
22689 HGDP01387.DG 0 0 2 2 2
22690 HGDP01388.DG 0 0 2 2 1
22691 HGDP01396.DG 0 0 1 2 2
22692 HGDP01397.DG 0 0 1 2 1
22693 HGDP01398.DG 0 0 2 2 1
22694 HGDP01399.DG 0 0 2 2 2
22695 HGDP01400.DG 0 0 2 2 2
22696 HGDP01401.DG 0 0 2 2 2
22697 HGDP01402.DG 0 0 1 2 2
22698 HGDP01403.DG 0 0 1 2 2
22699 HGDP01404.DG 0 0 1 2 2
22700 HGDP01405.DG 0 0 1 2 2
22701 HGDP01406.DG 0 0 1 2 2
22702 HGDP01408.DG 0 0 1 2 2
22703 HGDP01411.DG 0 0 1 2 2
22704 HGDP01412.DG 0 0 1 2 2
22705 HGDP01414.DG 0 0 2 2 2
22706 HGDP01415.DG 0 0 1 2 2
22707 HGDP01416.DG 0 0 1 2 2
22708 HGDP01417.DG 0 0 1 2 2
22709 HGDP01418.DG 0 0 1 2 2
22710 HGDP01419.DG 0 0 1 2 2
22711 YCH017_alt.IM 0 0 1 2 NA
22712 YCH017_d.IM 0 0 1 2 NA
22713 C4565.AG 0 0 1 2 2
22714 CAO002008.AG.TW 0 0 2 2 2
22715 CAO002008.AG 0 0 2 2 2
22716 GBSL7.AG 0 0 1 2 2
22717 CAO004.AG.TW 0 0 2 2 2
22718 CAO004.AG 0 0 2 2 2
22719 GBSL13.AG 0 0 2 2 2
22720 MGS024.AG 0 0 1 2 2
22721 PLDW3.AG 0 0 1 2 2
22722 A1820.AG 0 0 1 2 NA
22723 A1821.AG 0 0 1 2 2
22724 A1822.AG 0 0 1 2 2
22725 ALA110_alt.AG 0 0 1 2 2
22726 ASZK-1_alt.SG 0 0 1 2 NA
22727 b17-1.SG 0 0 2 2 2
22728 bab001.SG 0 0 1 2 NA
22729 bab001_d.SG 0 0 0 2 NA
22730 BOE002_alt.AG 0 0 2 2 NA
22731 BOE002_d.AG 0 0 2 2 NA
22732 C1635.AG 0 0 2 2 2
22733 C1658_alt.AG 0 0 1 2 2
22734 C1658_d.AG 0 0 1 2 NA
22735 C1711.AG 0 0 1 2 2
22736 C205.AG 0 0 1 2 2
22737 C390_alt2.AG 0 0 1 2 2
22738 C390_d.AG 0 0 0 2 2
22739 C5147.AG 0 0 1 2 2
22740 C627.AG 0 0 1 2 2
22741 C629.AG 0 0 2 2 NA
22742 C785.AG 0 0 1 2 2
22743 CAO010.AG.TW 0 0 1 2 2
22744 CAO010_d.AG.TW 0 0 1 2 NA
22745 CAO010_alt.AG 0 0 1 2 NA
22746 CAO019.AG.TW 0 0 2 2 2
22747 CAO019.AG 0 0 2 2 2
22748 CAO020.AG.TW 0 0 2 2 2
22749 CAO020.AG 0 0 2 2 2
22750 CAO021.AG.TW 0 0 2 2 2
22751 CAO021.AG 0 0 2 2 2
22752 CAO030.AG.TW 0 0 2 2 2
22753 CAO030.AG 0 0 2 2 2
22754 CAO031.AG.TW 0 0 2 2 2
22755 CAO031.AG 0 0 2 2 2
22756 CSK077.AG 0 0 1 2 2
22757 Cuncaicha15-03.AG.SG 0 0 1 2 2
22758 GBSL11.AG 0 0 2 2 2
22759 Gokhem2.SG 0 0 2 2 2
22760 GRG003.AG.SG 0 0 1 2 2
22761 GRG015.AG.SG 0 0 2 2 2
22762 GRG016.AG.SG 0 0 1 2 2
22763 GRG027.AG.SG 0 0 1 2 2
22764 GRG041.AG 0 0 1 2 2
22765 GRG043.AG.SG 0 0 1 2 2
22766 GUY001_d.AG.TW 0 0 1 2 2
22767 GUY001.AG 0 0 1 2 2
22768 HJE001.SG 0 0 1 2 2
22769 I0099.AG 0 0 1 2 2
22770 I0100.AG 0 0 2 2 2
22771 I0206.AG 0 0 1 2 NA
22772 I0207.AG 0 0 1 2 NA
22773 I0209.AG 0 0 1 2 NA
22774 I0308.AG 0 0 1 2 2
22775 I0453.AG 0 0 1 2 NA
22776 IAM.6_alt.WGC.SG 0 0 2 2 NA
22777 IAM.6_d.WGC.SG 0 0 2 2 NA
22778 JBT001.AG 0 0 1 2 2
22779 KD-29_OBH-52_twins.SG 0 0 2 2 2
22780 KFJ014.AG 0 0 2 2 2
22781 KPT002_alt.AG 0 0 1 2 2
22782 Kretuonas2.AG 0 0 1 2 2
22783 Kretuonas2_d.AG 0 0 0 2 NA
22784 L5138.AG 0 0 1 2 2
22785 L5138_d.AG 0 0 0 2 2
22786 LAN009.SG 0 0 2 2 NA
22787 LEO010_alt.AG 0 0 2 2 2
22788 LEO010_d.AG 0 0 2 2 2
22789 LEO035_alt2.AG 0 0 2 2 2
22790 LEO035_d.AG 0 0 2 2 2
22791 LEO055_alt2.AG 0 0 2 2 2
22792 LEO055_d.AG 0 0 2 2 2
22793 LEO056_alt2.AG 0 0 1 2 2
22794 LEO056_d.AG 0 0 1 2 2
22795 LEO056_alt5.AG 0 0 1 2 2
22796 LEO056_alt4_d.AG 0 0 1 2 NA
22797 LEO111_alt.AG 0 0 1 2 2
22798 LEO111_d.AG 0 0 1 2 2
22799 LEO118_alt2.AG 0 0 2 2 2
22800 LEO118_d.AG 0 0 2 2 2
22801 LEO119.AG 0 0 1 2 2
22802 LEO133_alt3.AG 0 0 1 2 NA
22803 LEO133_d.AG 0 0 1 2 NA
22804 MGS021.AG 0 0 1 2 2
22805 MGS029_alt.AG 0 0 1 2 2
22806 MGS029_d.AG 0 0 1 2 2
22807 MGS047_alt.AG 0 0 2 2 2
22808 MGS047_d.AG 0 0 2 2 2
22809 MGS064_alt2.AG 0 0 1 2 2
22810 MGS064_d.AG 0 0 1 2 NA
22811 MGS104.AG 0 0 2 2 0
22812 MGS172_alt.AG 0 0 1 2 0
22813 MGS172_d.AG 0 0 1 2 NA
22814 MGS314.AG 0 0 1 2 2
22815 MGS326_alt.AG 0 0 1 2 2
22816 MGS326_d.AG 0 0 1 2 NA
22817 MGS332_alt2.AG 0 0 1 2 NA
22818 MGS332_d.AG 0 0 1 2 NA
22819 MGS352_alt2.AG 0 0 1 2 2
22820 MGS352_d.AG 0 0 1 2 NA
22821 NEO916.SG 0 0 1 2 2
22822 PCA0035.SG 0 0 1 2 NA
22823 PES001_alt.SG 0 0 1 2 2
22824 PES001_d.SG 0 0 1 2 2
22825 PLDW11.AG 0 0 1 2 2
22826 PLDW12.AG 0 0 1 2 2
22827 PLDW2.AG 0 0 1 2 2
22828 poz529_alt2.SG 0 0 2 2 NA
22829 poz529_d.SG 0 0 2 2 NA
22830 QLSZ1.AG 0 0 2 2 2
22831 QLSZ10.AG 0 0 2 2 2
22832 QLSZ4.AG 0 0 2 2 2
22833 R3476.SG 0 0 1 2 2
22834 R9818.SG 0 0 1 2 2
22835 RISE554_alt.SG 0 0 1 2 2
22836 RISE554_d.SG 0 0 1 2 2
22837 RKF030.AG 0 0 2 2 2
22838 RKF051.AG 0 0 2 2 2
22839 RKF136.AG 0 0 2 2 2
22840 RKF165.AG 0 0 1 2 2
22841 ROS005_Sweden.SG 0 0 1 2 2
22842 SDLG1.AG 0 0 2 2 2
22843 SDLG19.AG 0 0 2 2 NA
22844 SN-01.SG 0 0 0 2 NA
22845 SOP002.SG 0 0 2 2 2
22846 Sope.AG 0 0 2 2 2
22847 UC12_12_alt.SG 0 0 2 2 NA
22848 UC12_20_alt.SG 0 0 1 2 2
22849 UC12_25.SG 0 0 2 2 2
22850 UC8_8168_alt.SG 0 0 2 2 NA
22851 UC8_8173_alt.SG 0 0 1 2 NA
22852 UGU002_alt2.AG 0 0 0 2 NA
22853 S120_18R21267.WGC 0 0 1 2 2
22854 S120_18R21267_d.WGC 0 0 1 2 NA
22855 AH117_18R21266.WGC 0 0 2 2 2
22856 YCH017_d.AG 0 0 1 2 NA
22857 YCH033.AG 0 0 1 2 2
22858 YPN032.SG 0 0 2 2 2
22859 I0781.AG 0 0 2 2 2
22860 NEO234.SG 0 0 2 2 2
22861 FRA034_alt2.SG 0 0 1 2 NA
22862 FRA034_d.SG 0 0 1 2 NA
22863 I0821.AG 0 0 1 2 2
22864 I9054.AG 0 0 2 2 2
22865 YCH035.AG 0 0 1 2 2
22866 YCH042.AG 0 0 1 2 2
22867 YCH042_d.AG 0 0 1 2 2
22868 YCH047.AG 0 0 1 2 2
22869 YCH047_d.AG 0 0 1 2 NA
22870 Sanganji131464.SG 0 0 2 2 NA
22871 PSN670.SG 0 0 1 2 NA
22872 I10433.AG.SG 0 0 2 2 2
22873 Nea2.SG 0 0 2 2 2
22874 I10433.AG 0 0 2 2 2
22875 S120_18R21267.EC 0 0 1 2 NA
22876 vbj006.SG 0 0 1 2 2
22877 vbj006_d.SG 0 0 1 2 NA
22878 RNI080.AG 0 0 0 2 0
22879 RNI081.AG 0 0 0 2 2
22880 I7929_alt.AG.TW 0 0 1 2 2
22881 I11828.AG.TW 0 0 1 2 2
22882 0LS10.SG 0 0 1 2 NA
22883 0LS11.SG 0 0 1 2 NA
22884 cay007.SG 0 0 1 2 2
22885 IIa.SG 0 0 1 2 0
22886 IIf.SG 0 0 1 2 NA
22887 IVLS09KT.SG 0 0 1 2 NA
22888 V10.SG 0 0 1 2 NA
22889 V11.SG 0 0 2 2 NA
22890 V12.SG 0 0 1 2 2
22891 V14.SG 0 0 1 2 NA
22892 V16.SG 0 0 1 2 NA
22893 V9.SG 0 0 1 2 2
22894 VII15.SG 0 0 1 2 NA
22895 VII4.SG 0 0 1 2 NA
22896 VIII5.SG 0 0 2 2 NA
22897 VIII9.SG 0 0 2 2 NA
22898 X04.SG 0 0 1 2 2
22899 X08.SG 0 0 1 2 NA
22900 X10.SG 0 0 1 2 NA
22901 X11.SG 0 0 1 2 NA
22902 X14.SG 0 0 1 2 0
22903 X15.SG 0 0 1 2 NA
22904 X17.SG 0 0 1 2 2
22905 Xaghra6.SG 0 0 2 2 NA
22906 ukr087.SG 0 0 2 2 2
22907 ukr111.SG 0 0 1 2 2
22908 I5890.SG 0 0 1 2 NA
22909 UKR116_Saag_alt.SG 0 0 2 2 NA
22910 ukr125.SG 0 0 1 2 NA
22911 UKR149_Saag_alt.SG 0 0 2 2 NA
22912 ukr160.SG 0 0 1 2 2
22913 Donkalnis6.AG 0 0 2 2 2
22914 Gyvakarai1_10bp.AG 0 0 1 2 2
22915 Kivutkalns209.AG 0 0 1 2 2
22916 Kivutkalns215.AG 0 0 2 2 2
22917 Kivutkalns222.AG 0 0 1 2 0
22918 Kivutkalns25.AG 0 0 1 2 0
22919 Kretuonas4.AG 0 0 2 2 2
22920 Olsund_new.AG 0 0 1 2 2
22921 Plinkaigalis242.AG 0 0 2 2 2
22922 Spiginas1.AG 0 0 1 2 2
22923 Spiginas2.AG 0 0 1 2 2
22924 VAD001.AG 0 0 1 2 2
22925 ARG_22633_34.AG 0 0 2 2 2
22926 ARG_22640.AG 0 0 2 2 2
22927 ARG_22645.AG 0 0 2 2 NA
22928 ARG_22647.AG 0 0 2 2 2
22929 ARG_22664_66.AG 0 0 1 2 2
22930 I12714.TW 0 0 2 2 NA
22931 I42332.TW 0 0 1 2 NA
22932 I42333.TW 0 0 1 2 NA
22933 I42408.TW 0 0 1 2 NA
22934 I42336.TW 0 0 2 2 NA
22935 I34839.TW 0 0 2 2 NA
22936 I34842.TW 0 0 2 2 NA
22937 I39328.TW 0 0 1 2 NA
22938 I39331.TW 0 0 2 2 2
22939 I39333.TW 0 0 1 2 2
22940 I40455.TW 0 0 1 2 2
22941 I40456.TW 0 0 1 2 NA
22942 I40457.TW 0 0 2 2 2
22943 I40461.TW 0 0 2 2 2
22944 I40463.TW 0 0 1 2 2
22945 I42327.TW 0 0 2 2 2
22946 I42331.TW 0 0 1 2 NA
22947 I42407.TW 0 0 1 2 NA
22948 I42409.TW 0 0 2 2 NA
22949 I43042.TW 0 0 1 2 NA
22950 I30899.TW 0 0 1 2 NA
22951 I33000.TW 0 0 2 2 NA
22952 I35514.TW 0 0 2 2 NA
22953 I43046.TW 0 0 0 2 NA
22954 VPB-561.SG 0 0 1 2 2
22955 AITI_77A_alt.AG.SG 0 0 2 2 NA
22956 AMP_1.AG.SG 0 0 1 2 NA
22957 OBKR_67.AG.SG 0 0 1 2 NA
22958 OBKR_86.AG.SG 0 0 1 2 2
22959 OBKR_117.AG.SG 0 0 1 2 NA
22960 POST_140_alt.AG.SG 0 0 1 2 NA
22961 WEHR_1474.AG.SG 0 0 1 2 2
22962 HUGO_169Sk1.AG.SG 0 0 1 2 NA
22963 HUGO_180Sk2.AG.SG 0 0 1 2 NA
22964 Villabruna.AG.BY.AA 0 0 1 2 2
22965 Vestonice16.AG.BY.AA 0 0 1 2 2
22966 OBKR_2_alt.AG 0 0 2 2 NA
22967 OBKR_66_alt.AG 0 0 2 2 NA
22968 OBKR_93_alt.AG 0 0 2 2 NA
22969 POST_12_alt.AG 0 0 2 2 NA
22970 UNTA58_147_alt.AG 0 0 2 2 NA
22971 WEHR_1415adult_alt.AG 0 0 2 2 2
22972 MUR001.AG 0 0 1 2 NA
22973 OBKR_50_alt.AG 0 0 2 2 NA
22974 OBKR_9A_alt.AG 0 0 2 2 NA
22975 POST_99_alt.AG 0 0 2 2 2
22976 WEHR_1586_alt.AG 0 0 2 2 NA
22977 Falkenstein_alt.AG 0 0 1 2 NA
22978 HUGO_180Sk1.AG 0 0 1 2 2
22979 UNTA58_68Sk2_alt.AG 0 0 2 2 NA
22980 I1072.AG 0 0 1 2 NA
22981 I14200.AG 0 0 1 2 NA
22982 I19944.AG 0 0 1 2 NA
22983 I24542.AG 0 0 2 2 2
22984 I8932.AG 0 0 1 2 2
22985 I16456.AG 0 0 2 2 NA
22986 I16459.AG 0 0 0 2 NA
22987 Aes6.AG 0 0 1 2 2
22988 Aes7.AG 0 0 1 2 NA
22989 RBC1.AG 0 0 1 2 2
22990 I5372.AG 0 0 1 2 NA
22991 I1312.AG 0 0 1 2 2
22992 I1313.AG 0 0 2 2 2
22993 I2656.AG 0 0 1 2 NA
22994 I6882.AG 0 0 1 2 NA
22995 I7862.AG 0 0 1 2 NA
22996 I8090.AG 0 0 1 2 2
22997 I9054_alt.AG 0 0 2 2 2
22998 I9055.AG 0 0 2 2 NA
22999 I9056.AG 0 0 2 2 NA
23000 L5692.AG 0 0 1 2 NA
23001 L5696.AG 0 0 1 2 NA
23002 L5698.AG 0 0 2 2 NA
23003 L5701.AG 0 0 1 2 NA
23004 L5703.AG 0 0 1 2 NA
23005 L5704.AG 0 0 1 2 NA
23006 L5706.AG 0 0 1 2 NA
23007 L7417.AG 0 0 2 2 2
23008 Qihe2.AG 0 0 2 2 2
23009 I1293.AG 0 0 1 2 NA
23010 I1510.AG 0 0 2 2 NA
23011 I6420.AG 0 0 1 2 NA
23012 I7774.AG 0 0 2 2 NA
23013 ALA001.AG 0 0 1 2 2
23014 ART020.AG 0 0 1 2 2
23015 ART027.AG 0 0 1 2 2
23016 I10632.AG 0 0 1 2 2
23017 I14533.AG 0 0 2 2 2
23018 I14552.AG 0 0 1 2 0
23019 I14743.AG 0 0 1 2 NA
23020 I15341.AG 0 0 1 2 2
23021 I15944.AG 0 0 1 2 NA
23022 I16436.AG 0 0 1 2 NA
23023 I16467.AG 0 0 1 2 NA
23024 I16471.AG 0 0 2 2 0
23025 I17112.AG 0 0 1 2 NA
23026 I18718.AG 0 0 2 2 NA
23027 I18801.AG 0 0 1 2 2
23028 I18959.AG 0 0 2 2 2
23029 I20082.AG 0 0 1 2 NA
23030 I20322.AG 0 0 1 2 0
23031 I20630.AG 0 0 1 2 0
23032 I20648.AG 0 0 2 2 NA
23033 I20651.AG 0 0 2 2 NA
23034 I20657.AG 0 0 1 2 NA
23035 I20665.AG 0 0 1 2 0
23036 I20735.AG 0 0 1 2 NA
23037 I21906.AG 0 0 1 2 2
23038 I23350.AG 0 0 2 2 2
23039 I24087.AG 0 0 2 2 2
23040 I24238.AG 0 0 2 2 2
23041 I24239.AG 0 0 2 2 NA
23042 I24240.AG 0 0 2 2 2
23043 I24252.AG 0 0 2 2 2
23044 I24256.AG 0 0 2 2 2
23045 I24262.AG 0 0 2 2 2
23046 I24286.AG 0 0 2 2 2
23047 I24612.AG 0 0 2 2 2
23048 I24616.AG 0 0 2 2 NA
23049 I25517.AG 0 0 2 2 NA
23050 I26227.AG 0 0 2 2 2
23051 I25332.AG 0 0 1 2 2
23052 I25333.AG 0 0 1 2 2
23053 I13513.AG 0 0 2 2 NA
23054 I13768.AG 0 0 1 2 2
23055 I13901.AG 0 0 1 2 2
23056 I19398.AG 0 0 1 2 2
23057 ElMiron.AG 0 0 2 2 2
23058 Ostuni1.AG 0 0 2 2 2
23059 Ostuni2.AG 0 0 2 2 2
23060 Pavlov1.AG 0 0 1 2 NA
23061 Muierii2.AG 0 0 2 2 NA
23062 SuogangB1.AG 0 0 1 2 NA
23063 SuogangB3.AG 0 0 1 2 NA
23064 Continenza.AG 0 0 2 2 NA
23065 HohleFels79.AG 0 0 1 2 NA
23066 Vestonice13.AG 0 0 1 2 NA
23067 Vestonice43.AG 0 0 1 2 NA
23068 Darra.I.Kur.AG 0 0 1 2 0
23069 Iboussieres39.AG 0 0 1 2 NA
23070 AfontovaGora3.AG 0 0 2 2 2
23071 BQ4611.AG 0 0 0 2 NA
23072 BQ4625.AG 0 0 0 2 NA
23073 TL4773.AG 0 0 0 2 NA
23074 RBC2.AG 0 0 2 2 NA
23075 I9057.AG 0 0 1 2 NA
23076 I16412.AG 0 0 1 2 NA
23077 I16435.AG 0 0 1 2 NA
23078 I16479.AG 0 0 0 2 NA
23079 I17403.AG 0 0 2 2 2
23080 I18086.AG 0 0 2 2 0
23081 I18414.AG 0 0 2 2 2
23082 I19383.AG 0 0 0 2 NA
23083 I20511.AG 0 0 2 2 NA
23084 I21773.AG 0 0 1 2 NA
23085 I24250.AG 0 0 2 2 NA
23086 I24343.AG 0 0 2 2 NA
23087 I13519.AG 0 0 1 2 2
23088 I13536.AG 0 0 2 2 NA
23089 I23495.TW 0 0 1 2 NA
